title,URLs
"Lentil, Apple, and Turkey Wrap",https://www.epicurious.com/recipes/food/views/lentil-apple-and-turkey-wrap-239173
Boudin Blanc Terrine with Red Onion Confit,https://www.epicurious.com/recipes/food/views/boudin-blanc-terrine-with-red-onion-confit-1085
Mahi-Mahi in Tomato Olive Sauce,https://www.epicurious.com/recipes/food/views/mahi-mahi-in-tomato-olive-sauce-352551
Ham and Spring Vegetable Salad with Shallot Vinaigrette,https://www.epicurious.com/recipes/food/views/ham-and-spring-vegetable-salad-with-shallot-vinaigrette-5212
Ham Persillade with Mustard Potato Salad and Mashed Peas,https://www.epicurious.com/recipes/food/views/ham-persillade-with-mustard-potato-salad-and-mashed-peas-243208
"Yams Braised with Cream, Rosemary and Nutmeg",https://www.epicurious.com/recipes/food/views/yams-braised-with-cream-rosemary-and-nutmeg-15640
Peach Mustard,https://www.epicurious.com/recipes/food/views/peach-mustard-51239870
Sweet Buttermilk Spoon Breads,https://www.epicurious.com/recipes/food/views/sweet-buttermilk-spoon-breads-351045
"Tuna, Asparagus, and New Potato Salad with Chive Vinaigrette and Fried Capers",https://www.epicurious.com/recipes/food/views/tuna-asparagus-and-new-potato-salad-with-chive-vinaigrette-and-fried-capers-352094
Fish Fillets in Parchment with Asparagus and Orange,https://www.epicurious.com/recipes/food/views/fish-fillets-in-parchment-with-asparagus-and-orange-241849
Pancetta and Taleggio Lasagna with Treviso,https://www.epicurious.com/recipes/food/views/pancetta-and-taleggio-lasagna-with-treviso-356354
Asian Steak Topped with Bell Pepper Stir-Fry,https://www.epicurious.com/recipes/food/views/asian-steak-topped-with-bell-pepper-stir-fry-350398
Roasted Sweet-Potato Spears with Bacon Vinaigrette,https://www.epicurious.com/recipes/food/views/roasted-sweet-potato-spears-with-bacon-vinaigrette-236383
Fontina Mac with Squash and Sage,https://www.epicurious.com/recipes/food/views/fontina-mac-with-squash-and-sage-51206440
Pastry Twists with Spiced Sugar-Honey Glaze,https://www.epicurious.com/recipes/food/views/pastry-twists-with-spiced-sugar-honey-glaze-358569
Grouper with Tomato and Basil,https://www.epicurious.com/recipes/food/views/grouper-with-tomato-and-basil-106744
Better-Than-Pita Grill Bread,https://www.epicurious.com/recipes/food/views/better-than-pita-grill-bread-233267
"Baked Halibut with Orzo, Spinach, and Cherry Tomatoes",https://www.epicurious.com/recipes/food/views/baked-halibut-with-orzo-spinach-and-cherry-tomatoes-232872
"Grilled Beef, Jícama, and Apple Salad",https://www.epicurious.com/recipes/food/views/grilled-beef-jicama-and-apple-salad-51182800
Herbed Goat Cheese Spread with Mint,https://www.epicurious.com/recipes/food/views/herbed-goat-cheese-spread-with-mint-350819
Pancetta Roast Chicken with Walnut Stuffing,https://www.epicurious.com/recipes/food/views/pancetta-roast-chicken-with-walnut-stuffing-242138
Collard-and-Prosciutto Chicken Roulades Over Watercress Salad,https://www.epicurious.com/recipes/food/views/collard-and-prosciutto-chicken-roulades-over-watercress-salad
Veal Burgers Stuffed with Mozzarella Cheese,https://www.epicurious.com/recipes/food/views/veal-burgers-stuffed-with-mozzarella-cheese-102866
"Romaine, Grilled Avocado, and Smoky Corn Salad with Chipotle-Caesar Dressing",https://www.epicurious.com/recipes/food/views/romaine-grilled-avocado-and-smoky-corn-salad-with-chipotle-caesar-dressing-353664
Scarborough Fair Tofu Burger,https://www.epicurious.com/recipes/food/views/scarborough-fair-tofu-burger-366471
Tomato-Infused Bulgur Pilaf with Fresh Basil,https://www.epicurious.com/recipes/food/views/tomato-infused-bulgur-pilaf-with-fresh-basil-51195020
Braised Brisket with Bourbon-Peach Glaze,https://www.epicurious.com/recipes/food/views/braised-brisket-with-bourbon-peach-glaze-388709
Bacon Crackers,https://www.epicurious.com/recipes/food/views/bacon-crackers-classic-herbed-and-brown-sugar
Roast Chicken With Sorghum and Squash,https://www.epicurious.com/recipes/food/views/roast-chicken-legs-with-sorghum-and-squash
"Carrot, Snow Pea, and Red Pepper Julienne in Honey Vinaigrette",https://www.epicurious.com/recipes/food/views/carrot-snow-pea-and-red-pepper-julienne-in-honey-vinaigrette-14006
Parsley Mayo,https://www.epicurious.com/recipes/food/views/parsley-mayo-51259260
Acini di Pepe Pasta with Garlic and Olives,https://www.epicurious.com/recipes/food/views/-em-acini-di-pepe-em-pasta-with-garlic-and-olives-242604
Short Rib Pot Pie,https://www.epicurious.com/recipes/food/views/short-rib-pot-pie-51223890
Apricot-Pistachio Muffins Baked on the Grill,https://www.epicurious.com/recipes/food/views/apricot-pistachio-muffins-baked-on-the-grill-51241420
Asian Noodles with Barbecued Duck Confit,https://www.epicurious.com/recipes/food/views/asian-noodles-with-barbecued-duck-confit-243565
"Baked Pears with Rosemary, Gorgonzola Cheese and Port",https://www.epicurious.com/recipes/food/views/baked-pears-with-rosemary-gorgonzola-cheese-and-port-216
"Cranberry, Quince, and Pearl Onion Compote",https://www.epicurious.com/recipes/food/views/cranberry-quince-and-pearl-onion-compote-350642
Chocolate-Mint Shamrock Shake,https://www.epicurious.com/recipes/food/views/chocolate-mint-shamrock-shake-51226420
Laddie's Sub-Bourbon,https://www.epicurious.com/recipes/food/views/laddies-sub-bourbon-236179
Roasted Bell Pepper Halves Stuffed with Bulgur and Spinach,https://www.epicurious.com/recipes/food/views/roasted-bell-pepper-halves-stuffed-with-bulgur-and-spinach-230629
Blueberry Streusel Cake,https://www.epicurious.com/recipes/food/views/blueberry-streusel-cake-354217
Rosemary and Lemon Pinto Beans,https://www.epicurious.com/recipes/food/views/rosemary-and-lemon-pinto-beans-5489
Roasted Root Vegetables,https://www.epicurious.com/recipes/food/views/roasted-root-vegetables
Shrimp Cakes with Andouille Sausage,https://www.epicurious.com/recipes/food/views/shrimp-cakes-with-andouille-sausage-106163
Mackerel with Crushed Potatoes and Oregano,https://www.epicurious.com/recipes/food/views/mackerel-with-crushed-potatoes-and-oregano-51210060
Cheddar Chicken Tenders with Wilted Spinach,https://www.epicurious.com/recipes/food/views/cheddar-chicken-tenders-with-wilted-spinach-236019
Egg Sandwich with Green Bean Slaw,https://www.epicurious.com/recipes/food/views/egg-sandwich-with-green-bean-slaw-51169610
Tomato Jam,https://www.epicurious.com/recipes/food/views/tomato-jam-358809
Molten Peanut Butter and Chocolate Fondant Cakes,https://www.epicurious.com/recipes/food/views/molten-peanut-butter-and-chocolate-fondant-cakes-56390085
Cassata Cake,https://www.epicurious.com/recipes/food/views/cassata-cake-359950
Baked Beans with Slab Bacon and Breadcrumbs,https://www.epicurious.com/recipes/food/views/baked-beans-with-slab-bacon-and-breadcrumbs-51264630
Grilled Corn with Lime-Cilantro Butter,https://www.epicurious.com/recipes/food/views/grilled-corn-with-lime-cilantro-butter-358137
Roasted Winter Squash and Parsnips with Maple Syrup Glaze and Marcona Almonds,https://www.epicurious.com/recipes/food/views/roasted-winter-squash-and-parsnips-with-maple-syrup-glaze-and-marcona-almonds-350453
Snapper Escabèche with Charred Scallions,https://www.epicurious.com/recipes/food/views/snapper-escabeche-with-charred-scallions-56389671
Grilled Vegetable Antipasto with Herbed Chevre and Crostini,https://www.epicurious.com/recipes/food/views/grilled-vegetable-antipasto-with-herbed-chevre-and-crostini-355947
Potato Gratin with Goat Cheese,https://www.epicurious.com/recipes/food/views/potato-gratin-with-goat-cheese-51259670
Char-Grilled Beef Tenderloin with Three-Herb Chimichurri,https://www.epicurious.com/recipes/food/views/char-grilled-beef-tenderloin-with-three-herb-chimichurri-235342
Chili Meatballs in Black Bean and Tomato Sauce,https://www.epicurious.com/recipes/food/views/chili-meatballs-in-black-bean-and-tomato-sauce-56390071
Orange Mint Julep,https://www.epicurious.com/recipes/food/views/orange-mint-julep-51223930
Southwest Veggie Nachos,https://www.epicurious.com/recipes/food/views/southwest-veggie-nachos-51144440
Chicken and Sausage Jambalaya,https://www.epicurious.com/recipes/food/views/chicken-and-sausage-jambalaya-364172
"""Seder Plate"" Salad",https://www.epicurious.com/recipes/food/views/seder-plate-salad
Bratwurst and Red Cabbage,https://www.epicurious.com/recipes/food/views/bratwurst-and-red-cabbage-51263820
"Chocolate, Walnut and Prune Fudge Torte",https://www.epicurious.com/recipes/food/views/chocolate-walnut-and-prune-fudge-torte-1632
Roasted Quail with Wild Mushrooms,https://www.epicurious.com/recipes/food/views/roasted-quail-with-wild-mushrooms-51211810
Eggnog,https://www.epicurious.com/recipes/food/views/ba-syn-eggnog
"Spinach, Feta, and Phyllo Purses",https://www.epicurious.com/recipes/food/views/spinach-feta-and-phyllo-purses-101576
Fennel-Rubbed Pork Roast,https://www.epicurious.com/recipes/food/views/fennel-rubbed-pork-roast-51210080
Honey-Cinnamon Ice Cream,https://www.epicurious.com/recipes/food/views/honey-cinnamon-ice-cream-364329
Ginger-Wasabi Halibut Brochettes,https://www.epicurious.com/recipes/food/views/ginger-wasabi-halibut-brochettes-5448
The BA Patty Melt,https://www.epicurious.com/recipes/food/views/the-ba-patty-melt-51252650
"Baked Trout with Shiitake Mushrooms, Tomatoes, and Ginger",https://www.epicurious.com/recipes/food/views/baked-trout-with-shiitake-mushrooms-tomatoes-and-ginger-239824
Raisin-Bread Strata with Sausage and Dried Plums,https://www.epicurious.com/recipes/food/views/raisin-bread-strata-with-sausage-and-dried-plums-109157
Sanuki Sea Stock,https://www.epicurious.com/recipes/food/views/sanuki-sea-stock-233762
Pickled Feta and Cerignola Olives with Strawberries,https://www.epicurious.com/recipes/food/views/pickled-feta-and-cerignola-olives-with-strawberries-51186810
Our Favorite Key Lime Pie,https://www.epicurious.com/recipes/food/views/our-favorite-key-lime-pie-56389684
"Pinhead Oat-Crusted Catfish, Roasted Cauliflower and Mustard Greens, and Lemon Cream",https://www.epicurious.com/recipes/food/views/pinhead-oat-crusted-catfish-roasted-cauliflower-and-mustard-greens-and-lemon-cream-51123010
Farfalle with Spinach and Garbanzo Beans,https://www.epicurious.com/recipes/food/views/farfalle-with-spinach-and-garbanzo-beans-126
Ghostly Chocolate-Nut Bark,https://www.epicurious.com/recipes/food/views/ghostly-chocolate-nut-bark-51254500
Figs with Honey-Orange Mascarpone and Pistachio Brittle,https://www.epicurious.com/recipes/food/views/figs-with-honey-orange-mascarpone-and-pistachio-brittle-361232
"Rib-Eye Steaks with Radicchio, Pear, and Blue Cheese Salad",https://www.epicurious.com/recipes/food/views/rib-eye-steaks-with-radicchio-pear-and-blue-cheese-salad-240428
"Oven-Baked Pizza with Caramelized Onions, Gorgonzola, and Walnuts",https://www.epicurious.com/recipes/food/views/oven-baked-pizza-with-caramelized-onions-gorgonzola-and-walnuts-358016
Horseradish-Pumpkin Seed Pesto,https://www.epicurious.com/recipes/food/views/horseradish-pumpkin-seed-pesto
Habanero-Orange Salsa,https://www.epicurious.com/recipes/food/views/habanero-orange-salsa-359316
Herbed Fish Rolls in White Wine with Grapes,https://www.epicurious.com/recipes/food/views/herbed-fish-rolls-in-white-wine-with-grapes-10411
Tía Rosa and Ruth Eichner's Sweet-and-Sour Carrots,https://www.epicurious.com/recipes/food/views/tia-rosa-and-ruth-eichners-sweet-and-sour-carrots-367550
Triple-Whammy Saffroned Tomato-Fennel Soup,https://www.epicurious.com/recipes/food/views/triple-whammy-saffroned-tomato-fennel-soup-232421
Stuffed Eggs with Goat Cheese and Dill,https://www.epicurious.com/recipes/food/views/stuffed-eggs-with-goat-cheese-and-dill-232138
Stovetop Butterscotch Apples and Cranberries,https://www.epicurious.com/recipes/food/views/stovetop-butterscotch-apples-and-cranberries
Chicken and Artichoke Fricassée with Morel Mushrooms,https://www.epicurious.com/recipes/food/views/chicken-and-artichoke-fricassee-with-morel-mushrooms-237905
Gingersnap Lemon Ice Cream Sandwiches,https://www.epicurious.com/recipes/food/views/gingersnap-lemon-ice-cream-sandwiches-354449
Mushrooms in Escabèche with Red Bell Peppers and Chiles de Arbol,https://www.epicurious.com/recipes/food/views/mushrooms-in-escabeche-with-red-bell-peppers-and-chiles-de-arbol-233389
Spiced Fillet of Beef with Mizuna Salad,https://www.epicurious.com/recipes/food/views/spiced-fillet-of-beef-with-mizuna-salad-107005
Miniature Almond Cakes with Sugared Cherries and Kirsch Cream,https://www.epicurious.com/recipes/food/views/miniature-almond-cakes-with-sugared-cherries-and-kirsch-cream-105129
Chocolate Semifreddo with Chile-Chocolate Sauce,https://www.epicurious.com/recipes/food/views/chocolate-semifreddo-with-chile-chocolate-sauce-51104810
Sweet-Potato Gaufrettes with Duck Confit and Cranberry Black Pepper Chutney,https://www.epicurious.com/recipes/food/views/sweet-potato-gaufrettes-with-duck-confit-and-cranberry-black-pepper-chutney-107405
Angry Lobster with Lemon Rice and Crispy Basil,https://www.epicurious.com/recipes/food/views/angry-lobster-with-lemon-rice-and-crispy-basil-355916
Mussels and Fries with Mustard Mayonnaise,https://www.epicurious.com/recipes/food/views/mussels-and-fries-with-mustard-mayonnaise-241751
Savory Parmesan Pain Perdu with Poached Eggs and Greens,https://www.epicurious.com/recipes/food/views/savory-parmesan-pain-perdu-with-poached-eggs-and-greens-352809
Dried-Fruit Strudel with Apricot Preserves,https://www.epicurious.com/recipes/food/views/dried-fruit-strudel-with-apricot-preserves-109805
Veal Stock,https://www.epicurious.com/recipes/food/views/veal-stock-51154200
Café Azul's Pastry Dough,https://www.epicurious.com/recipes/food/views/cafe-azuls-pastry-dough-107241
Dry-Rubbed Flank Steak with Grilled Corn Salsa,https://www.epicurious.com/recipes/food/views/dry-rubbed-flank-steak-with-grilled-corn-salsa-56389977
Icy Lemon-Mint Parfaits,https://www.epicurious.com/recipes/food/views/icy-lemon-mint-parfaits-234452
Grilled Curried Mangoes with Ginger Ice Milk,https://www.epicurious.com/recipes/food/views/grilled-curried-mangoes-with-ginger-ice-milk-51202010
Mixed Greens with Roasted Asparagus and Apple,https://www.epicurious.com/recipes/food/views/mixed-greens-with-roasted-asparagus-and-apple-103490
Chicken and Nectarine Salad with Toasted Cumin Mayonnaise,https://www.epicurious.com/recipes/food/views/chicken-and-nectarine-salad-with-toasted-cumin-mayonnaise-109777
Toffee Sauce,https://www.epicurious.com/recipes/food/views/toffee-sauce-51204430
Spaghetti and Swiss Chard With Garlic Chips,https://www.epicurious.com/recipes/food/views/spaghetti-and-swiss-chard-with-garlic-chips-350562
Sauteed Red Snapper with Creamed Fennel and Onion,https://www.epicurious.com/recipes/food/views/sauteed-red-snapper-with-creamed-fennel-and-onion-11658
"Spinach, Ham, and Cheese Pie (Pye of Several Things)",https://www.epicurious.com/recipes/food/views/spinach-ham-and-cheese-pie-pye-of-several-things-104247
"Minty, Boozy Chicken",https://www.epicurious.com/recipes/food/views/minty-boozy-chicken
Chicken Tikka Masala,https://www.epicurious.com/recipes/food/views/chicken-tikka-masala-51171400
Haricots Verts With Poached Eggs And Tarragon Vinaigrette,https://www.epicurious.com/recipes/food/views/haricots-verts-with-poached-eggs-and-tarragon-vinaigrette-51238690
Orange-Vanilla Sundaes with Dates and Orange Muscat,https://www.epicurious.com/recipes/food/views/orange-vanilla-sundaes-with-dates-and-orange-muscat-236751
Arugula and Radicchio Salad with Sesame-Scallion Vinaigrette,https://www.epicurious.com/recipes/food/views/arugula-and-radicchio-salad-with-sesame-scallion-vinaigrette-15204
Vietnamese Shrimp and Pork Crepes,https://www.epicurious.com/recipes/food/views/vietnamese-shrimp-and-pork-crepes-238439
"Grilled Chicken with Goat Cheese Stuffing, Peppers, Onions and Two Salsas",https://www.epicurious.com/recipes/food/views/grilled-chicken-with-goat-cheese-stuffing-peppers-onions-and-two-salsas-4495
Junior's Russian Dressing,https://www.epicurious.com/recipes/food/views/juniors-russian-dressing-51200450
Cranberry Kumquat Compote,https://www.epicurious.com/recipes/food/views/cranberry-kumquat-compote-14469
Zucchini Raisin Bran Muffins,https://www.epicurious.com/recipes/food/views/zucchini-raisin-bran-muffins-12526
Tatemado de Costilla de Res (Tatemado Short Ribs),https://www.epicurious.com/recipes/food/views/tatemado-de-costilla-de-res-tatemado-short-ribs-51110270
Shredded Root Vegetable Pancakes,https://www.epicurious.com/recipes/food/views/shredded-root-vegetable-pancakes
"Bacon, Cabbage and Gruyère Pizza",https://www.epicurious.com/recipes/food/views/bacon-cabbage-and-gruyere-pizza-2641
"Roquefort Dip with Apple, Endive, and Celery Hearts",https://www.epicurious.com/recipes/food/views/roquefort-dip-with-apple-endive-and-celery-hearts-15823
Cavatelli Salad with Artichokes and Goat Cheese,https://www.epicurious.com/recipes/food/views/cavatelli-salad-with-artichokes-and-goat-cheese-106939
"Multi-Grain Pasta with Butternut Squash, Ground Lamb, and Kasseri",https://www.epicurious.com/recipes/food/views/multi-grain-pasta-with-butternut-squash-ground-lamb-and-kasseri-362950
Sautéed Chicken and Radishes with Mustard and Tarragon,https://www.epicurious.com/recipes/food/views/sauteed-chicken-and-radishes-with-mustard-and-tarragon-364591
Grilled Tri-Tip Roast with Tequila Marinade and Cherry Tomato Relish,https://www.epicurious.com/recipes/food/views/grilled-tri-tip-roast-with-tequila-marinade-and-cherry-tomato-relish-103506
Hamburger Soup,https://www.epicurious.com/recipes/food/views/hamburger-soup
"Squid Ink Pasta with Shrimp, Nduja, and Tomato",https://www.epicurious.com/recipes/food/views/squid-ink-pasta-with-shrimp-nduja-and-tomato-51263900
Mushroom-Herb Meat Loaf Eich,https://www.epicurious.com/recipes/food/views/mushroom-herb-meat-loaf-eich-100762
"Red Wine-Braised Short Rib Stew with Potatoes, Carrots, and Mushrooms",https://www.epicurious.com/recipes/food/views/red-wine-braised-short-rib-stew-with-potatoes-carrots-and-mushrooms
"Grilled Cheese with Onion Jam, Taleggio, and Escarole",https://www.epicurious.com/recipes/food/views/grilled-cheese-with-onion-jam-taleggio-and-escarole-241531
Jam Pancakes Flamed with Kirsch,https://www.epicurious.com/recipes/food/views/jam-pancakes-flamed-with-kirsch-107161
Oeufs Au Plat,https://www.epicurious.com/recipes/food/views/oeufs-au-plat-356832
Sofrito Grilled Bread,https://www.epicurious.com/recipes/food/views/sofrito-grilled-bread-12200
Sauteed Black Cod with Shallot-Lemon Vinaigrette and Fresh Herb Salad,https://www.epicurious.com/recipes/food/views/sauteed-black-cod-with-shallot-lemon-vinaigrette-and-fresh-herb-salad-232553
Beet Carpaccio with Goat Cheese and Arugula,https://www.epicurious.com/recipes/food/views/beet-carpaccio-with-goat-cheese-and-arugula-239246
Moscow Mule,https://www.epicurious.com/recipes/food/views/moscow-mule
Poached Oysters and Artichokes with Champagne Cream,https://www.epicurious.com/recipes/food/views/poached-oysters-and-artichokes-with-champagne-cream-236391
Simplest Asian Dressing,https://www.epicurious.com/recipes/food/views/simplest-asian-dressing-51236240
"Apple, Pear, and Cranberry Coffee Cake",https://www.epicurious.com/recipes/food/views/apple-pear-and-cranberry-coffee-cake-51257400
Lentil Croquettes with Watercress and Kefir,https://www.epicurious.com/recipes/food/views/lentil-croquettes-with-watercress-and-kefir-56389365
Yarnall Family's Fyrstekake (Norwegian Cardamom-Almond Tart),https://www.epicurious.com/recipes/food/views/yarnall-familys-fyrstekake-norwegian-cardamom-almond-tart-51135090
Cebollitas Asadas,https://www.epicurious.com/recipes/food/views/cebollitas-asadas-14150
Grilled Tuna and Roasted Pepper Sandwiches on Thyme Focaccia,https://www.epicurious.com/recipes/food/views/grilled-tuna-and-roasted-pepper-sandwiches-on-thyme-focaccia-14159
Cheddar Chutney Tea Sandwiches,https://www.epicurious.com/recipes/food/views/cheddar-chutney-tea-sandwiches-11855
White Fish Terrine with Salmon Roe and Dill,https://www.epicurious.com/recipes/food/views/white-fish-terrine-with-salmon-roe-and-dill-233244
Chimichurri Sauce,https://www.epicurious.com/recipes/food/views/ba-syn-chimichurri-sauce-2
Grilled Skirt Steak and Arugula Salad with Roquefort and Catalina Dressing,https://www.epicurious.com/recipes/food/views/grilled-skirt-steak-and-arugula-salad-with-roquefort-and-catalina-dressing-353632
Michael Lewis's Cassoulet de Canard,https://www.epicurious.com/recipes/food/views/michael-lewiss-cassoulet-de-canard-104755
Roasted Pineapple-Habanero Chile Salsa,https://www.epicurious.com/recipes/food/views/roasted-pineapple-habanero-chile-salsa-363456
Our Favorite Texas Beef Chili,https://www.epicurious.com/recipes/food/views/our-favorite-texas-beef-chili-51249010
Waldorf Salad Celery Boats,https://www.epicurious.com/recipes/food/views/waldorf-salad-celery-boats-12354
"'Wichcraft's Roasted Turkey, Avocado, Bacon, Onion Relish, & Aïoli on Ciabatta",https://www.epicurious.com/recipes/food/views/wichcrafts-roasted-turkey-avocado-bacon-onion-relish-aioli-on-ciabatta-236737
Pecan-Molasses Tartlets,https://www.epicurious.com/recipes/food/views/pecan-molasses-tartlets-105708
Coffee and Turron Ice Cream Torte with Honey-Brandy Oranges,https://www.epicurious.com/recipes/food/views/coffee-and-turron-ice-cream-torte-with-honey-brandy-oranges-107168
BBQ Beef Coffee Cure,https://www.epicurious.com/recipes/food/views/bbq-beef-coffee-cure-51171610
Grilled Grapefruit with Pomegranate Molasses Glaze,https://www.epicurious.com/recipes/food/views/grilled-grapefruit-with-pomegranate-molasses-glaze-365435
Duck Breast & Zucchini Tournedos,https://www.epicurious.com/recipes/food/views/duck-breast-zucchini-tournedos-395611
Tarragon-Cilantro Salsa Verde,https://www.epicurious.com/recipes/food/views/tarragon-cilantro-salsa-verde-51241230
Honey-Vinegar Leg of Lamb with Fennel and Carrots,https://www.epicurious.com/recipes/food/views/honey-vinegar-leg-of-lamb-with-fennel-and-carrots-51193690
Baked Falafel With Orange-Tahini Sauce,https://www.epicurious.com/recipes/food/views/baked-falafel-with-orange-tahini-sauce
Szechuan-Flavored Country-Style Spareribs,https://www.epicurious.com/recipes/food/views/szechuan-flavored-country-style-spareribs-2145
Greek-Style Mahi Mahi,https://www.epicurious.com/recipes/food/views/greek-style-mahi-mahi-353668
Pull-Apart Bread With Pumpkin and Spinach,https://www.epicurious.com/recipes/food/views/pull-apart-bread-with-pumpkin-and-spinach
Rosé in June Fizz,https://www.epicurious.com/recipes/food/views/rose-in-june-fizz-200439
Mini Rack of Lamb with Nutty Beluga Lentils and Sautéed Garlic Spinach,https://www.epicurious.com/recipes/food/views/mini-rack-of-lamb-with-nutty-beluga-lentils-and-sauteed-garlic-spinach-351789
Chris Lilly's Flank Steak and Shiitake Yakitori,https://www.epicurious.com/recipes/food/views/chris-lillys-flank-steak-and-shiitake-yakitori-51166440
Olive Tomato Squares,https://www.epicurious.com/recipes/food/views/olive-tomato-squares-231164
Paccheri Pasta with Braised Chicken and Saffron Cream,https://www.epicurious.com/recipes/food/views/paccheri-pasta-with-braised-chicken-and-saffron-cream-360710
"Lasagna with Asparagus, Leeks, and Morels",https://www.epicurious.com/recipes/food/views/lasagna-with-asparagus-leeks-and-morels-358231
Split Pea Soup with Gouda-Sausage Toasts,https://www.epicurious.com/recipes/food/views/split-pea-soup-with-gouda-sausage-toasts-2544
Turkey Sage Chowder,https://www.epicurious.com/recipes/food/views/turkey-sage-chowder-105780
Tuscan Almond Cookies (Ricciarelli),https://www.epicurious.com/recipes/food/views/tuscan-almond-cookies-ricciarelli
Classic Tomato Toast with Mayonnaise and Chives,https://www.epicurious.com/recipes/food/views/classic-tomato-toast-with-mayonnaise-and-chives-56389808
Belly Acres' Better Burger,https://www.epicurious.com/recipes/food/views/belly-acres-better-burger
Veal Tournedos in Cream Sauce (Veau à la Crème),https://www.epicurious.com/recipes/food/views/veal-tournedos-in-cream-sauce-veau-a-la-creme-104764
Blatjang,https://www.epicurious.com/recipes/food/views/blatjang-231247
Daniel Boulud's Short Ribs Braised in Red Wine with Celery Duo,https://www.epicurious.com/recipes/food/views/daniel-bouluds-short-ribs-braised-in-red-wine-with-celery-duo-106671
Bobotie,https://www.epicurious.com/recipes/food/views/bobotie-231245
"Cauliflower, White Bean, and Feta Salad",https://www.epicurious.com/recipes/food/views/cauliflower-white-bean-and-feta-salad-236882
Roast Lobster with Pink Butter Sauce (Langouste Rôtie au Beurre Rose Hostelleries Saint-Roch),https://www.epicurious.com/recipes/food/views/roast-lobster-with-pink-butter-sauce
Homemade Cultured Butter,https://www.epicurious.com/recipes/food/views/homemade-cultured-butter
Honey-Turmeric Pork with Beet and Carrot Salad,https://www.epicurious.com/recipes/food/views/honey-turmeric-pork-with-beet-and-carrot-salad-56389766
Beef Bone Broth,https://www.epicurious.com/recipes/food/views/beef-bone-broth-51260700
Green Bean Niçoise Salad,https://www.epicurious.com/recipes/food/views/green-bean-nicoise-salad
"Beef Tenderloin with Red Wine Sauce, Creamed Spinach, and Truffled French Fries",https://www.epicurious.com/recipes/food/views/beef-tenderloin-with-red-wine-sauce-creamed-spinach-and-truffled-french-fries-230635
Middle Eastern Spiced Lamb Steaks with Poached Quince,https://www.epicurious.com/recipes/food/views/middle-eastern-spiced-lamb-steaks-with-poached-quince-231185
Fried Rice with Canadian Bacon,https://www.epicurious.com/recipes/food/views/fried-rice-with-canadian-bacon-233994
Kiddie Cobb Salad,https://www.epicurious.com/recipes/food/views/kiddie-cobb-salad-51188640
Cauliflower-Leek Kugel with Almond-Herb Crust,https://www.epicurious.com/recipes/food/views/cauliflower-leek-kugel-with-almond-herb-crust-231889
Rockin' Moroccan Stew,https://www.epicurious.com/recipes/food/views/rockin-moroccan-stew-395830
Grilled Peppered Dry Spareribs,https://www.epicurious.com/recipes/food/views/grilled-peppered-dry-spareribs-395270
Cherry Tomatoes Stuffed With Avocado,https://www.epicurious.com/recipes/food/views/cherry-tomatoes-stuffed-with-avocado
Turkey Cutlets with Springtime Vegetables,https://www.epicurious.com/recipes/food/views/turkey-cutlets-with-springtime-vegetables-5174
Three-Cheese Sorrentinos with Tomato-Olive Sauce,https://www.epicurious.com/recipes/food/views/three-cheese-sorrentinos-with-tomato-olive-sauce-236471
Moulin Rouge,https://www.epicurious.com/recipes/food/views/moulin-rouge-200468
Herb-and-Spice Southern Fried Chicken,https://www.epicurious.com/recipes/food/views/herb-and-spice-southern-fried-chicken-358324
Herb-Baked Potato Chips with Crème Fraîche and Caviar,https://www.epicurious.com/recipes/food/views/herb-baked-potato-chips-with-creme-fraiche-and-caviar-13236
"Sauteed Chicken Breasts with Pear, Bell Pepper, and Cilantro Salsa",https://www.epicurious.com/recipes/food/views/sauteed-chicken-breasts-with-pear-bell-pepper-and-cilantro-salsa-240090
Clementine-Salted Turkey with Redeye Gravy,https://www.epicurious.com/recipes/food/views/clementine-salted-turkey-with-redeye-gravy-355794
Jícama and Cucumber Chili Spears,https://www.epicurious.com/recipes/food/views/jicama-and-cucumber-chili-spears-15201
Guanabana Sherbet with Tropical Fruit,https://www.epicurious.com/recipes/food/views/guanabana-sherbet-with-tropical-fruit-239999
Corn Fritters with Spicy Zucchini Salsa,https://www.epicurious.com/recipes/food/views/corn-fritters-with-spicy-zucchini-salsa-51188440
Seafood Salad with Collard Greens Slaw,https://www.epicurious.com/recipes/food/views/seafood-salad-with-collard-greens-slaw-108218
Garlic French Vinaigrette,https://www.epicurious.com/recipes/food/views/garlic-french-vinaigrette-11952
"Asparagus, Gruyère, and Tarragon Souffleed Omelet",https://www.epicurious.com/recipes/food/views/asparagus-gruyere-and-tarragon-souffleed-omelet-12102
Yellow Rice,https://www.epicurious.com/recipes/food/views/yellow-rice-232707
The Sicilian Slush,https://www.epicurious.com/recipes/food/views/the-sicilian-slush
Caneton au Muscadet,https://www.epicurious.com/recipes/food/views/caneton-au-muscadet-101467
Smoked Paprika and Roasted Red Pepper Butter,https://www.epicurious.com/recipes/food/views/smoked-paprika-and-roasted-red-pepper-butter-230948
Pickled Corn,https://www.epicurious.com/recipes/food/views/pickled-corn-51108340
Pork Medallions with Spiced Tomato Pan Gravy,https://www.epicurious.com/recipes/food/views/pork-medallions-with-spiced-tomato-pan-gravy-10775
Shishito Pepper Potato Hash with Fried Eggs,https://www.epicurious.com/recipes/food/views/shishito-pepper-potato-hash-with-fried-eggs-51252300
Passover Chocolate Torte with Raspberry Sauce,https://www.epicurious.com/recipes/food/views/passover-chocolate-torte-with-raspberry-sauce-101369
Eggnog Ice Cream,https://www.epicurious.com/recipes/food/views/eggnog-ice-cream-claudia-fleming
"Smoky Pumpkin, Spelt, Pomegranate, and Feta Salad",https://www.epicurious.com/recipes/food/views/smoky-pumpkin-spelt-pomegranate-and-feta-salad
Basic Duck Stock,https://www.epicurious.com/recipes/food/views/basic-duck-stock-51197610
Herbed Oyster Crakers,https://www.epicurious.com/recipes/food/views/herbed-oyster-crakers-108121
Mixed Baby Greens with Aniseed Vinaigrette and Goat Cheese Crostini,https://www.epicurious.com/recipes/food/views/mixed-baby-greens-with-aniseed-vinaigrette-and-goat-cheese-crostini-11537
Miso-Tofu Ranch Dip,https://www.epicurious.com/recipes/food/views/miso-tofu-ranch-dip-51193020
Grass-Fed Beef Meatloaf in a Bacon Blanket,https://www.epicurious.com/recipes/food/views/grass-fed-beef-meatloaf-in-a-bacon-blanket-368549
Meringue Kisses with Passion-Fruit Fool,https://www.epicurious.com/recipes/food/views/meringue-kisses-with-passion-fruit-fool-105137
Chocolate Plum Cake,https://www.epicurious.com/recipes/food/views/chocolate-plum-cake-56390135
Grilled Peaches with Black Pepper and Basil-Lime Syrup,https://www.epicurious.com/recipes/food/views/grilled-peaches-with-black-pepper-and-basil-lime-syrup-51241460
Herbed Hamburgers with Arugula,https://www.epicurious.com/recipes/food/views/herbed-hamburgers-with-arugula-12471
Beer-Batter-Fried Sardines and Lime,https://www.epicurious.com/recipes/food/views/beer-batter-fried-sardines-and-lime-101775
Barbecued Turkey with Maple-Mustard Glaze,https://www.epicurious.com/recipes/food/views/barbecued-turkey-with-maple-mustard-glaze-4366
Fried Cornmeal Shrimp with Butternut Squash Risotto,https://www.epicurious.com/recipes/food/views/fried-cornmeal-shrimp-with-butternut-squash-risotto-240105
Diner-Style Western Omelet,https://www.epicurious.com/recipes/food/views/diner-style-western-omelet
"Pancetta, Mizuna, and Tomato Sandwiches with Green Garlic Aïoli",https://www.epicurious.com/recipes/food/views/pancetta-mizuna-and-tomato-sandwiches-with-green-garlic-aioli-235602
Date-Nut Bread with Lemon,https://www.epicurious.com/recipes/food/views/date-nut-bread-with-lemon-100316
"Open-Face Prosciutto, Fresh Ricotta, and Red-Onion Marmalade Sandwiches",https://www.epicurious.com/recipes/food/views/open-face-proscuitto-fresh-ricotta-and-red-onion-marmalade-sandwiches-240683
Braised Chicken with Dates and Moroccan Spices,https://www.epicurious.com/recipes/food/views/braised-chicken-with-dates-and-moroccan-spices-361592
Artichokes Stuffed with Lemon-Garlic Breadcrumbs,https://www.epicurious.com/recipes/food/views/artichokes-stuffed-with-lemon-garlic-breadcrumbs-5236
Peach Parfait With Salted Graham Cracker Crumble,https://www.epicurious.com/recipes/food/views/peach-parfait-with-salted-graham-cracker-crumble
Classic Havana Frittata,https://www.epicurious.com/recipes/food/views/classic-havana-frittata-239144
Berry Puffs with Orange Muscat Cream,https://www.epicurious.com/recipes/food/views/berry-puffs-with-orange-muscat-cream-105430
Charred Romaine with Tomatillo Dressing,https://www.epicurious.com/recipes/food/views/charred-romaine-with-tomatillo-dressing-51248020
"Arugula, Bacon, and Gruyère Bread Pudding",https://www.epicurious.com/recipes/food/views/arugula-bacon-and-gruyere-bread-pudding-350898
Smoked Pork in Pastry,https://www.epicurious.com/recipes/food/views/smoked-pork-in-pastry
Grilled Fish Fillets with Lentil Salsa,https://www.epicurious.com/recipes/food/views/grilled-fish-fillets-with-lentil-salsa-10408
Moroccan Salmon Crudo with Yogurt,https://www.epicurious.com/recipes/food/views/moroccan-salmon-crudo-with-yogurt-51168210
"Cane Vinegar Chicken with Pearl Onions, Orange & Spinach",https://www.epicurious.com/recipes/food/views/cane-vinegar-chicken-with-pearl-onions-orange-spinach-369169
Black-Bean Shrimp with Chinese Broccoli,https://www.epicurious.com/recipes/food/views/black-bean-shrimp-with-chinese-broccoli-233803
Bean Thread Noodles with Pickled Vegetables,https://www.epicurious.com/recipes/food/views/bean-thread-noodles-with-pickled-vegetables-51170220
"Strawberry, Mascarpone, and Marsala Budini",https://www.epicurious.com/recipes/food/views/strawberry-mascarpone-and-marsala-budini-107890
Ginger-Miso Striped Bass in Shiitake Mushroom Broth,https://www.epicurious.com/recipes/food/views/ginger-miso-striped-bass-in-shiitake-mushroom-broth-236782
Vanilla-Bean Cheesecake with Guava Topping and Mango-Lime Salad,https://www.epicurious.com/recipes/food/views/vanilla-bean-cheesecake-with-guava-topping-and-mango-lime-salad-108538
Citrus and Peppercorn Dry Brine,https://www.epicurious.com/recipes/food/views/citrus-and-peppercorn-dry-brine-51198820
Yogurt-Peach Semifreddo,https://www.epicurious.com/recipes/food/views/yogurt-peach-semifreddo-56389739
Seeded Whole Grain Soda Bread,https://www.epicurious.com/recipes/food/views/seeded-whole-grain-soda-bread
Ginger Ice Milk,https://www.epicurious.com/recipes/food/views/ginger-ice-milk-51201830
"Gemelli with Shrimp, Red Bell Peppers, and Peas",https://www.epicurious.com/recipes/food/views/gemelli-with-shrimp-red-bell-peppers-and-peas-107851
Poppy-Seed Onion Cheddar Bread,https://www.epicurious.com/recipes/food/views/poppy-seed-onion-cheddar-bread-15727
Green Chile Charmoula,https://www.epicurious.com/recipes/food/views/green-chile-charmoula
Moroccan Beef Meatball Tagine,https://www.epicurious.com/recipes/food/views/moroccan-beef-meatball-tagine-356751
"To Toast Spices, Nuts, or Seeds",https://www.epicurious.com/recipes/food/views/to-toast-spices-nuts-or-seeds-105622
Garnet Yams with Blis Maple Syrup and Maple-Sugar Streusel,https://www.epicurious.com/recipes/food/views/garnet-yams-with-blis-maple-syrup-and-maple-sugar-streusel-350428
Easy Garlic and Onion Bread Wedges,https://www.epicurious.com/recipes/food/views/easy-garlic-and-onion-bread-wedges-1295
Gougères,https://www.epicurious.com/recipes/food/views/gougeres-51193870
Whipped Potatoes with Horseradish,https://www.epicurious.com/recipes/food/views/whipped-potatoes-with-horseradish-51123060
Szechuan Salt-Pepper,https://www.epicurious.com/recipes/food/views/szechuan-salt-pepper-1971
Haroseth,https://www.epicurious.com/recipes/food/views/haroseth-107993
Artichokes with Parmesan–Black Pepper Yogurt,https://www.epicurious.com/recipes/food/views/artichokes-with-parmesan-black-pepper-yogurt-51234260
Trout Dale Oatmeal-Raisin Cookies,https://www.epicurious.com/recipes/food/views/trout-dale-oatmeal-raisin-cookies-240345
"Broiled Quail with Ginger, Soy, and Cilantro",https://www.epicurious.com/recipes/food/views/broiled-quail-with-ginger-soy-and-cilantro-15510
Honeydew-Lime Pops,https://www.epicurious.com/recipes/food/views/honeydew-lime-pops-365752
Chocolate Natillas with Coffee-Bean Granita,https://www.epicurious.com/recipes/food/views/chocolate-natillas-with-coffee-bean-granita-234824
Tagliatelle with Fresh Corn Pesto,https://www.epicurious.com/recipes/food/views/tagliatelle-with-fresh-corn-pesto-360209
Cream Cheese Pastry Dough,https://www.epicurious.com/recipes/food/views/cream-cheese-pastry-dough-101585
Strozzapreti Carbonara With Radishes,https://www.epicurious.com/recipes/food/views/strozzapreti-carbonara-with-radishes
Venetian Liver and Onions,https://www.epicurious.com/recipes/food/views/venetian-liver-and-onions-1405
Double-Raspberry Malt for Two,https://www.epicurious.com/recipes/food/views/double-raspberry-malt-for-two-201212
Berries with Geranium Cream,https://www.epicurious.com/recipes/food/views/berries-with-geranium-cream-232323
Rib-Eye Steak with Blue Cheese Butter and Walla Walla Onion Rings,https://www.epicurious.com/recipes/food/views/rib-eye-steak-with-blue-cheese-butter-and-walla-walla-onion-rings-360669
Ham and Bell Pepper Frittata,https://www.epicurious.com/recipes/food/views/ham-and-bell-pepper-frittata-106626
Roasted Red Pepper Labneh,https://www.epicurious.com/recipes/food/views/roasted-red-pepper-labneh-51245280
Spiced Cherry Cider with Kirsch Cream,https://www.epicurious.com/recipes/food/views/spiced-cherry-cider-with-kirsch-cream-233909
"Garlic, Oregano, and Lemon Vinaigrette",https://www.epicurious.com/recipes/food/views/garlic-oregano-and-lemon-vinaigrette-395070
Mocha Cake with Malted Semifreddo,https://www.epicurious.com/recipes/food/views/mocha-cake-with-malted-semifreddo-106919
Ginger-Dill Pickles,https://www.epicurious.com/recipes/food/views/ginger-dill-pickles-56389773
Sweet-Potato Pancakes with Honey-Cinnamon Butter,https://www.epicurious.com/recipes/food/views/sweet-potato-pancakes-with-honey-cinnamon-butter-239216
Asparagus Parmesan Pastry Rolls,https://www.epicurious.com/recipes/food/views/asparagus-parmesan-pastry-rolls-108150
Whole Wheat Penne with Sausage and Broccoli Rabe,https://www.epicurious.com/recipes/food/views/whole-wheat-penne-with-sausage-and-broccoli-rabe-51186470
Mozzarella Arrabiata Salsa,https://www.epicurious.com/recipes/food/views/mozzarella-arrabiata-salsa-354482
Mesclun Salad with Confit Duck Gizzards and Morels,https://www.epicurious.com/recipes/food/views/mesclun-salad-with-confit-duck-gizzards-and-morels-109514
Banana-Stuffed French Toast,https://www.epicurious.com/recipes/food/views/banana-stuffed-french-toast-14951
Preakness,https://www.epicurious.com/recipes/food/views/preakness-200173
Cal-a-Vie Turkey Cheeseburgers with Chipotle Mayonnaise,https://www.epicurious.com/recipes/food/views/cal-a-vie-turkey-cheeseburgers-with-chipotle-mayonnaise-235686
Sliced Baguette with Radishes and Anchovy Butter,https://www.epicurious.com/recipes/food/views/sliced-baguette-with-radishes-and-anchovy-butter-364610
Grilled Pork Kebabs with Ginger Molasses Barbecue Sauce,https://www.epicurious.com/recipes/food/views/grilled-pork-kebabs-with-ginger-molasses-barbecue-sauce-108389
Roasted Short Ribs With Cauliflower And Celery,https://www.epicurious.com/recipes/food/views/roasted-short-ribs-with-cauliflower-and-celery
Double and By Double I Mean Triple Chocolate Cookies,https://www.epicurious.com/recipes/food/views/chocolate-sunflower-seed-coconut-cookies
Tuscan Kale Caesar Slaw,https://www.epicurious.com/recipes/food/views/tuscan-kale-caesar-slaw-366450
Sauteed Escarole with Currants and Capers,https://www.epicurious.com/recipes/food/views/sauteed-escarole-with-currants-and-capers-101522
Red-Bean Soup with Gremolata,https://www.epicurious.com/recipes/food/views/red-bean-soup-with-gremolata-351299
Green Beans with Pecan Pesto,https://www.epicurious.com/recipes/food/views/green-beans-with-pecan-pesto-103722
"Whole Wheat Stuffing with Pancetta, Chestnuts, and Parmesan",https://www.epicurious.com/recipes/food/views/whole-wheat-stuffing-with-pancetta-chestnuts-and-parmesan-355780
Vegetable-and Ricotta- Stuffed Collard Rolls with Tomato Sauce,https://www.epicurious.com/recipes/food/views/vegetable-and-ricotta-stuffed-collard-rolls-with-tomato-sauce-11642
Chipotle Braised Chicken,https://www.epicurious.com/recipes/food/views/chipotle-braised-chicken-358000
Coconut-Clam Stock,https://www.epicurious.com/recipes/food/views/coconut-clam-stock
Cold Brew Plum Iced Tea,https://www.epicurious.com/recipes/food/views/ba-syn-cold-brew-plum-iced-tea
Sausage and Broccoli Rabe Frittata,https://www.epicurious.com/recipes/food/views/sausage-and-broccoli-rabe-frittata-51193700
Chestnut-Armagnac Soufflé with Bittersweet Chocolate Sauce,https://www.epicurious.com/recipes/food/views/chestnut-armagnac-souffle-with-bittersweet-chocolate-sauce-350760
Steamed Mussels with Sausages and Fennel,https://www.epicurious.com/recipes/food/views/steamed-mussels-with-sausages-and-fennel-351276
Fig Salad with Goat's Milk Yogurt and Pepper Cress,https://www.epicurious.com/recipes/food/views/fig-salad-with-goats-milk-yogurt-and-pepper-cress-354871
Mustard-Seed-Crusted Burgers with Horseradish Slaw,https://www.epicurious.com/recipes/food/views/mustard-seed-crusted-burgers-with-horseradish-slaw-231877
"Roasted Lamb with Monsieur Henry's Potato, Onion, and Tomato Gratin",https://www.epicurious.com/recipes/food/views/roasted-lamb-with-monsieur-henrys-potato-onion-and-tomato-gratin-106727
"Zucchini, Corn, and Basil Fusilli with Bacon",https://www.epicurious.com/recipes/food/views/zucchini-corn-and-basil-fusilli-with-bacon-242838
West Texas Stacked Enchiladas,https://www.epicurious.com/recipes/food/views/west-texas-stacked-enchiladas-367410
Pumpkin Spice Cupcakes,https://www.epicurious.com/recipes/food/views/cake-mix-pumpkin-spice-cupcakes
Potato-Crusted Halibut Steaks,https://www.epicurious.com/recipes/food/views/potato-crusted-halibut-steaks-10043
Sliced Strip Steak with Arugula and Parsley,https://www.epicurious.com/recipes/food/views/sliced-strip-steak-with-arugula-and-parsley-56389892
Pan-Grilled New York Strip Steaks with Green Olive Tapenade,https://www.epicurious.com/recipes/food/views/pan-grilled-new-york-strip-steaks-with-green-olive-tapenade-107647
Striped Bass with Pipian Sauce,https://www.epicurious.com/recipes/food/views/striped-bass-with-pipian-sauce-234957
Andouille-Stuffed Pork Loin with Creole Mustard,https://www.epicurious.com/recipes/food/views/andouille-stuffed-pork-loin-with-creole-mustard-56389583
Grab-and-Go Greek Sandwiches,https://www.epicurious.com/recipes/food/views/grab-and-go-greek-sandwiches-236865
Orange-Spiced Rye Honey Cake,https://www.epicurious.com/recipes/food/views/orange-spiced-rye-honey-cake-gefilte-manifesto-recipe
Pecan-Mocha Meringues,https://www.epicurious.com/recipes/food/views/pecan-mocha-meringues-364652
Guacamole,https://www.epicurious.com/recipes/food/views/guacamole-recipe
Jamaican Rum-Ginger Zinger,https://www.epicurious.com/recipes/food/views/jamaican-rum-ginger-zinger-234786
"Roasted Poultry, Wild Boar Bacon, and Mushroom Farro with Pan-Roasted Fennel and Carrots",https://www.epicurious.com/recipes/food/views/roasted-poultry-wild-boar-bacon-and-mushroom-farro-with-pan-roasted-fennel-and-carrots-51183200
Grilled Lamb and Fig Skewers with Mint-Pepper Glaze and Grilled Eggplant,https://www.epicurious.com/recipes/food/views/grilled-lamb-and-fig-skewers-with-mint-pepper-glaze-and-grilled-eggplant-238566
Smoked-Cheddar-Stuffed Chicken with Green Apple Slaw,https://www.epicurious.com/recipes/food/views/smoked-cheddar-stuffed-chicken-with-green-apple-slaw-232385
Saffron Mayonnaise,https://www.epicurious.com/recipes/food/views/saffron-mayonnaise-51112290
Seared Ahi with Brown Rice and Pineapple-Ginger Broth,https://www.epicurious.com/recipes/food/views/seared-ahi-with-brown-rice-and-pineapple-ginger-broth-107635
"Penne with Wilted Arugula, Radicchio, and Smoked Mozzarella",https://www.epicurious.com/recipes/food/views/penne-with-wilted-arugula-radicchio-and-smoked-mozzarella-105120
Broccoli-Quinoa Salad with Buttermilk Dressing,https://www.epicurious.com/recipes/food/views/broccoli-quinoa-salad-with-buttermilk-dressing
"Frittata Bites with Chard, Sausage, and Feta",https://www.epicurious.com/recipes/food/views/frittata-bites-with-chard-sausage-and-feta-359351
Zuni Rolls with Raspberry Chipotle Sauce,https://www.epicurious.com/recipes/food/views/zuni-rolls-with-raspberry-chipotle-sauce-15259
Tuscan Bean and Swiss Chard Soup,https://www.epicurious.com/recipes/food/views/tuscan-bean-and-swiss-chard-soup-109022
"Rotini with Peppers, Onions, and Feta",https://www.epicurious.com/recipes/food/views/rotini-with-peppers-onions-and-feta-107750
Maiden's Prayer I,https://www.epicurious.com/recipes/food/views/maidens-prayer-i-200985
Spiced Rum Punch with Citrus and Luxardo,https://www.epicurious.com/recipes/food/views/spiced-rum-punch-with-citrus-and-luxardo
Caramel Corn Blondies,https://www.epicurious.com/recipes/food/views/caramel-corn-blondies-56389810
Curried Lamb Burgers with Grilled Vegetables and Mint Raita,https://www.epicurious.com/recipes/food/views/curried-lamb-burgers-with-grilled-vegetables-and-mint-raita-242691
"Rice with Dill, Walnuts, and Golden Raisins",https://www.epicurious.com/recipes/food/views/rice-with-dill-walnuts-and-golden-raisins-100754
Belgian Endive and Apple Salad with Cranberry Vinaigrette,https://www.epicurious.com/recipes/food/views/belgian-endive-and-apple-salad-with-cranberry-vinaigrette-102519
Lemon Verbena Ice Cream,https://www.epicurious.com/recipes/food/views/lemon-verbena-ice-cream-238935
Sorbet with Vodka-Marinated Plums,https://www.epicurious.com/recipes/food/views/sorbet-with-vodka-marinated-plums-589
Sweet Potato Turnovers with Sweet Kraut,https://www.epicurious.com/recipes/food/views/sweet-potato-turnovers-with-sweet-kraut-51199410
"Asparagus, Green Onion, Cucumber, and Herb Salad",https://www.epicurious.com/recipes/food/views/asparagus-green-onion-cucumber-and-herb-salad-241637
Field Greens with Red Chili Dressing,https://www.epicurious.com/recipes/food/views/field-greens-with-red-chili-dressing-353871
Betel Leaf Wraps with Curried Squid and Cucumber Relish,https://www.epicurious.com/recipes/food/views/betel-leaf-wraps-with-curried-squid-and-cucumber-relish-241845
Crawfish Gravy,https://www.epicurious.com/recipes/food/views/crawfish-gravy-368255
"Watermelon, Feta, and Arugula Salad with Balsamic Glaze",https://www.epicurious.com/recipes/food/views/watermelon-feta-and-arugula-salad-with-balsamic-glaze-353890
"Stuffed Lamb Breast With Lemon, Ricotta, And Oregano",https://www.epicurious.com/recipes/food/views/stuffed-lamb-breast-with-lemon-ricotta-and-oregano
Orange-Blossom-Honey Madeleines,https://www.epicurious.com/recipes/food/views/orange-blossom-honey-madeleines-367764
Spicy Pickled Green Beans and Fennel,https://www.epicurious.com/recipes/food/views/spicy-pickled-green-beans-and-fennel-51193500
Radish and Carrot Salad with Tuna and Capers,https://www.epicurious.com/recipes/food/views/radish-and-carrot-salad-with-tuna-and-capers-56389493
Red Onion Marmalade with Chestnuts,https://www.epicurious.com/recipes/food/views/red-onion-marmalade-with-chestnuts-108641
Oven-Baked Parmesan Croutons,https://www.epicurious.com/recipes/food/views/oven-baked-parmesan-croutons-14955
Stellar Quinoa Burger,https://www.epicurious.com/recipes/food/views/stellar-quinoa-burger
German-Style Stuffed Kohlrabi,https://www.epicurious.com/recipes/food/views/german-style-stuffed-kohlrabi-10663
"Rice Pudding with Ginger, Amaranth, and Mango",https://www.epicurious.com/recipes/food/views/rice-pudding-with-ginger-amaranth-and-mango-51264660
"Grilled Halibut, Eggplant, and Baby Bok Choy with Korean Barbecue Sauce",https://www.epicurious.com/recipes/food/views/grilled-halibut-eggplant-and-baby-bok-choy-with-korean-barbecue-sauce-235590
"Turkey Roulades with Corn Bread, Jalapeño, & Monterey Jack Filling",https://www.epicurious.com/recipes/food/views/turkey-roulades-with-corn-bread-jalapeno-monterey-jack-filling-10768
Mulled White Wine with Pear Brandy,https://www.epicurious.com/recipes/food/views/mulled-white-wine-with-pear-brandy-51139810
Mediterranean Couscous Salad with Roasted Vegetables,https://www.epicurious.com/recipes/food/views/mediterranean-couscous-salad-with-roasted-vegetables-4318
Petatou de Chère Fraise au Thyme et Olives Nicoises,https://www.epicurious.com/recipes/food/views/petatou-de-chere-fraise-au-thyme-et-olives-nicoises-11447
Orange Roughy à la Greque,https://www.epicurious.com/recipes/food/views/orange-roughy-a-la-greque-243
Penguin Buffet's Classic Israeli Schnitzel,https://www.epicurious.com/recipes/food/views/penguin-buffets-classic-israeli-schnitzel-231757
Turnip Greens Cooked in Rich Pork Stock,https://www.epicurious.com/recipes/food/views/turnip-greens-cooked-in-rich-pork-stock-241638
"Pizzas with Prosciutto, Peas, Pea Sprouts and Gruyère",https://www.epicurious.com/recipes/food/views/pizzas-with-prosciutto-peas-pea-sprouts-and-gruyere-241914
Chocolate Panforte Candies,https://www.epicurious.com/recipes/food/views/chocolate-panforte-candies-350763
"Seared Duck Breast with Chili, Honey & Ginger Glaze",https://www.epicurious.com/recipes/food/views/seared-duck-breast-with-chili-honey-ginger-glaze-102303
Shellfish Boil with Spicy Green Dipping Sauce,https://www.epicurious.com/recipes/food/views/shellfish-boil-with-spicy-green-dipping-sauce-56389866
Grilled Jerk Pork With Curried Peach Relish,https://www.epicurious.com/recipes/food/views/grilled-jerk-pork-with-curried-peach-relish-232488
Tangerine-Honey Flan with Grapefruit Segments,https://www.epicurious.com/recipes/food/views/tangerine-honey-flan-with-grapefruit-segments-234825
Isabella's Aphrodisiac Ice Cream,https://www.epicurious.com/recipes/food/views/isabellas-aphrodisiac-ice-cream-102830
"Peppered Chicken Liver, Sage, and Fried Onion Bruschetta",https://www.epicurious.com/recipes/food/views/peppered-chicken-liver-sage-and-fried-onion-bruschetta-12502
Pineapple-Apricot Salsa,https://www.epicurious.com/recipes/food/views/pineapple-apricot-salsa-103790
"Frisée Salad with Bacon, Dates, and Red Onion",https://www.epicurious.com/recipes/food/views/frisee-salad-with-bacon-dates-and-red-onion-233137
Beef Medallions with Cognac Sauce,https://www.epicurious.com/recipes/food/views/beef-medallions-with-cognac-sauce-100654
Hibiscus Sauce (Sirope de Flor de Jamaica),https://www.epicurious.com/recipes/food/views/hibiscus-sauce-em-sirope-de-flor-de-jamaica-em-51203010
Warm Date and Almond Puddings,https://www.epicurious.com/recipes/food/views/warm-date-and-almond-puddings-358409
Pickled Shrimp,https://www.epicurious.com/recipes/food/views/pickled-shrimp-12704
BA's Best Fried Chicken Sandwich,https://www.epicurious.com/recipes/food/views/ba-syn-bas-best-fried-chicken-sandwich
Turkey en Chaudfroid,https://www.epicurious.com/recipes/food/views/turkey-en-chaudfroid-20133
"Cucumber, Radish, and Watercress Sandwiches with Truffled Goat Cheese",https://www.epicurious.com/recipes/food/views/cucumber-radish-and-watercress-sandwiches-with-truffled-goat-cheese-107900
Beer and Horseradish Mustard,https://www.epicurious.com/recipes/food/views/beer-and-horseradish-mustard-355236
Harira,https://www.epicurious.com/recipes/food/views/harira-51174000
Cranberry-Orange Cape Cod,https://www.epicurious.com/recipes/food/views/cranberry-orange-cape-cod-201205
Piccadilly,https://www.epicurious.com/recipes/food/views/piccadilly-201017
Crunchy Eggs with Piquillo Peppers,https://www.epicurious.com/recipes/food/views/crunchy-eggs-with-piquillo-peppers-368292
Brandy Crusta,https://www.epicurious.com/recipes/food/views/brandy-crusta-200159
Oz Family Stir-Fried Rice,https://www.epicurious.com/recipes/food/views/oz-family-stir-fried-rice-51169000
Fiery Grilled Shrimp with Honeydew Gazpacho,https://www.epicurious.com/recipes/food/views/fiery-grilled-shrimp-with-honeydew-gazpacho-368610
Chipotle Vinegar,https://www.epicurious.com/recipes/food/views/chipotle-vinegar-108209
"Bitter Greens with Carrots, Turnips, and Oranges",https://www.epicurious.com/recipes/food/views/bitter-greens-with-carrots-turnips-and-oranges
Sriracha Salt,https://www.epicurious.com/recipes/food/views/sriracha-salt
Curried Trout with Chutney and Cucumber-Melon Raita,https://www.epicurious.com/recipes/food/views/curried-trout-with-chutney-and-cucumber-melon-raita-239091
Pork Banh Mi with Quick-Pickled Radishes and Carrots,https://www.epicurious.com/recipes/food/views/pork-banh-mi-with-quick-pickled-radishes-and-carrots-56389622
Apple Cheese Wraps,https://www.epicurious.com/recipes/food/views/apple-cheese-wraps-56389888
Snapper Crudo with Chiles and Sesame,https://www.epicurious.com/recipes/food/views/snapper-crudo-with-chiles-and-sesame-51205490
Herbed Game Hens with Radicchio and Truffle Oil,https://www.epicurious.com/recipes/food/views/herbed-game-hens-with-radicchio-and-truffle-oil-104825
Garlicky Spinach,https://www.epicurious.com/recipes/food/views/garlicky-spinach-51140490
Tuscan Porterhouse Steak with Red Wine-Peppercorn Jus,https://www.epicurious.com/recipes/food/views/tuscan-porterhouse-steak-with-red-wine-peppercorn-jus-388552
Panna Cotta,https://www.epicurious.com/recipes/food/views/panna-cotta-14224
"Artichoke, Fennel, and Crispy Prosciutto Salad",https://www.epicurious.com/recipes/food/views/artichoke-fennel-and-crispy-prosciutto-salad-236883
Spinach with Bamboo Shoots,https://www.epicurious.com/recipes/food/views/spinach-with-bamboo-shoots-104616
Happy Apple Rum Twist,https://www.epicurious.com/recipes/food/views/happy-apple-rum-twist-200390
Fresh Fruit Platter with Ginger-Mango Sauce,https://www.epicurious.com/recipes/food/views/fresh-fruit-platter-with-ginger-mango-sauce-234441
Orange–Brown Butter Wet Nuts,https://www.epicurious.com/recipes/food/views/orangebrown-butter-wet-nuts
Miniature Olive Focaccias with Marinated Peppers,https://www.epicurious.com/recipes/food/views/miniature-olive-focaccias-with-marinated-peppers-14257
Halibut with Olive Tarragon Bread Crumbs on Roasted Tomato and Garlic Coulis,https://www.epicurious.com/recipes/food/views/halibut-with-olive-tarragon-bread-crumbs-on-roasted-tomato-and-garlic-coulis-10081
Grilled Cuban Sandwich (Sandwich Cubano),https://www.epicurious.com/recipes/food/views/grilled-cuban-sandwich-em-sandwich-cubano-em-364812
Broccoli-Cheddar Dip,https://www.epicurious.com/recipes/food/views/broccoli-cheddar-dip-238866
Cilantro-Yogurt Sauce,https://www.epicurious.com/recipes/food/views/cilantro-yogurt-sauce-51154890
Strozzapreti with Spinach and Preserved Lemon,https://www.epicurious.com/recipes/food/views/strozzapreti-with-spinach-and-preserved-lemon-51187290
"Grilled Radicchio and Kale, Sauerkraut Style",https://www.epicurious.com/recipes/food/views/grilled-radicchio-and-kale-sauerkraut-style-51167000
Tamales de Mole Poblano,https://www.epicurious.com/recipes/food/views/tamales-de-mole-poblano-51110610
Oven-Dried Tomato Tart with Goat Cheese and Black Olives,https://www.epicurious.com/recipes/food/views/oven-dried-tomato-tart-with-goat-cheese-and-black-olives-232540
Nach Waxman's Brisket of Beef,https://www.epicurious.com/recipes/food/views/nach-waxmans-brisket-of-beef-394571
Spicy Lemon Crab Cakes on Mixed Greens,https://www.epicurious.com/recipes/food/views/spicy-lemon-crab-cakes-on-mixed-greens-106613
Roast Beef Stock,https://www.epicurious.com/recipes/food/views/roast-beef-stock-51205130
Crispy Kale Bars,https://www.epicurious.com/recipes/food/views/crispy-kale-bars-51200010
Southwestern Barbecued Brisket with Ancho Chile Sauce,https://www.epicurious.com/recipes/food/views/southwestern-barbecued-brisket-with-ancho-chile-sauce-242727
Stir-Fried Grains with Shrimp and Eggs,https://www.epicurious.com/recipes/food/views/stir-fried-grains-with-shrimp-and-eggs-51210040
Jalapeño Tequila Gimlet,https://www.epicurious.com/recipes/food/views/jalapeno-tequila-gimlet-51104680
Southern Cross,https://www.epicurious.com/recipes/food/views/southern-cross-200316
Roasted Sea Bass with Tomato Coulis and Fennel Salsa,https://www.epicurious.com/recipes/food/views/roasted-sea-bass-with-tomato-coulis-and-fennel-salsa-103497
Sauteed Trout with Pecans,https://www.epicurious.com/recipes/food/views/sauteed-trout-with-pecans-241211
Garam Masala,https://www.epicurious.com/recipes/food/views/garam-masala-recipe
"Melon, Arugula, and Serrano Ham with Smoked Paprika Dressing",https://www.epicurious.com/recipes/food/views/melon-arugula-and-serrano-ham-with-smoked-paprika-dressing-105410
Amaranth and Feta Phyllo Triangles,https://www.epicurious.com/recipes/food/views/amaranth-and-feta-phyllo-triangles-51105060
Mango Salsa,https://www.epicurious.com/recipes/food/views/ba-syn-mango-salsa-recipe
Country Fried Steak Salad With Blue Cheese Dressing,https://www.epicurious.com/recipes/food/views/country-fried-steak-salad-with-blue-cheese-dressing
To Stir-Fry Pea Shoots,https://www.epicurious.com/recipes/food/views/to-stir-fry-pea-shoots-105045
Korean BBQ Marinade,https://www.epicurious.com/recipes/food/views/korean-bbq-marinade-366435
"Escarole with Bacon, Dates, and Warm Walnut Vinaigrette",https://www.epicurious.com/recipes/food/views/escarole-with-bacon-dates-and-warm-walnut-vinaigrette-363709
Honey-Roasted Lamb with Arugula and Pine Nut Salad,https://www.epicurious.com/recipes/food/views/honey-roasted-lamb-with-arugula-and-pine-nut-salad-106475
Smoked Fish Fritters with Beet Vinaigrette,https://www.epicurious.com/recipes/food/views/smoked-fish-fritters-with-beet-vinaigrette-51147490
Jumbo Shrimp with Chive Butter,https://www.epicurious.com/recipes/food/views/jumbo-shrimp-with-chive-butter-236190
Slow-Cooked Veal Grillades,https://www.epicurious.com/recipes/food/views/slow-cooked-veal-grillades-356811
Everyday Yellow Dal,https://www.epicurious.com/recipes/food/views/everyday-yellow-dal
Black Olive and Goat Cheese Sandwiches,https://www.epicurious.com/recipes/food/views/black-olive-and-goat-cheese-sandwiches-352450
Sichuan Beef Noodle Soup with Pickled Mustard Greens,https://www.epicurious.com/recipes/food/views/sichuan-beef-noodle-soup-with-pickled-mustard-greens-357515
Shepherd's Pie,https://www.epicurious.com/recipes/food/views/ba-syn-shepherds-pie
Steve's Floribean Chicken Chili,https://www.epicurious.com/recipes/food/views/steves-floribean-chicken-chili-106780
Bacon-Cheddar Burgers with Caramelized Onions,https://www.epicurious.com/recipes/food/views/bacon-cheddar-burgers-with-caramelized-onions-51112220
Belgian Endive and Walnut Salad (Insalata Belga e Noci),https://www.epicurious.com/recipes/food/views/belgian-endive-and-walnut-salad-em-insalata-belga-e-noci-em-51206030
Orange and Kiwi Compote with Toasted Almonds,https://www.epicurious.com/recipes/food/views/orange-and-kiwi-compote-with-toasted-almonds-102886
Cranberry-Port Gelatin with Crystallized Ginger and Celery,https://www.epicurious.com/recipes/food/views/cranberry-port-gelatin-with-crystallized-ginger-and-celery-108842
Ranch Dressing,https://www.epicurious.com/recipes/food/views/ranch-dressing
Bacon-Wrapped Trout Stuffed with Balsamic Onion Compote in Rosemary Cream Sauce,https://www.epicurious.com/recipes/food/views/bacon-wrapped-trout-stuffed-with-balsamic-onion-compote-in-rosemary-cream-sauce-10049
Stilton Dressing,https://www.epicurious.com/recipes/food/views/stilton-dressing-233574
Spiced Herbed Nuts,https://www.epicurious.com/recipes/food/views/spiced-herbed-nuts-240453
Masa Stuffing,https://www.epicurious.com/recipes/food/views/masa-stuffing-240457
Mole-Roasted Turkey with Masa Stuffing and Chile Gravy,https://www.epicurious.com/recipes/food/views/mole-roasted-turkey-with-masa-stuffing-and-chile-gravy-240455
Shallot Vinaigrette,https://www.epicurious.com/recipes/food/views/shallot-vinaigrette-51207010
"Wild Mushroom Frittata with Cheddar, Green Onions, and Peas",https://www.epicurious.com/recipes/food/views/wild-mushroom-frittata-with-cheddar-green-onions-and-peas-51171410
No-Bake Chocolate Kahlua Christmas Balls,https://www.epicurious.com/recipes/food/views/no-bake-chocolate-kahlua-christmas-balls-106793
Lamb Chops with Pomegranate and Dried Fig Relish,https://www.epicurious.com/recipes/food/views/lamb-chops-with-pomegranate-and-dried-fig-relish-355209
Warm Milk Punch with Indian Spices,https://www.epicurious.com/recipes/food/views/warm-milk-punch-with-indian-spices-200519
Goat Cheese Ravioli with Bell Peppers and Brown Butter,https://www.epicurious.com/recipes/food/views/goat-cheese-ravioli-with-bell-peppers-and-brown-butter-239796
Sriracha Mayonnaise,https://www.epicurious.com/recipes/food/views/sriracha-mayonnaise
"Caviar, Cream Cheese, Scallion, and Egg Towers",https://www.epicurious.com/recipes/food/views/caviar-cream-cheese-scallion-and-egg-towers-13071
Pear-Cranberry Turnovers,https://www.epicurious.com/recipes/food/views/pear-cranberry-turnovers-362951
Maghrebi Sweet Couscous (Seffa),https://www.epicurious.com/recipes/food/views/maghrebi-sweet-couscous-seffa-104020
Mussels in Saffron and White Wine Broth,https://www.epicurious.com/recipes/food/views/mussels-in-saffron-and-white-wine-broth-351290
Broiled Grouper Fillets with Romesco Sauce,https://www.epicurious.com/recipes/food/views/broiled-grouper-fillets-with-romesco-sauce-103556
"Radicchio with Smoked Mozzarella, Balsamic Vinegar, and Prosciutto",https://www.epicurious.com/recipes/food/views/radicchio-with-smoked-mozzarella-balsamic-vinegar-and-prosciutto-236950
Beer-Battered Catfish on Vinegar Slaw,https://www.epicurious.com/recipes/food/views/beer-battered-catfish-on-vinegar-slaw-105980
Penne with Yau Choy,https://www.epicurious.com/recipes/food/views/penne-with-yau-choy-107748
Turkish-Style Tomato and Red-Pepper Spread,https://www.epicurious.com/recipes/food/views/turkish-style-tomato-and-red-pepper-spread-358037
Portobello Burgers with Red Pepper Mayonnaise,https://www.epicurious.com/recipes/food/views/portobello-burgers-with-red-pepper-mayonnaise-103626
Cornmeal Cake with Buttermilk Ice Cream and Rhubarb Compote,https://www.epicurious.com/recipes/food/views/cornmeal-cake-with-buttermilk-ice-cream-and-rhubarb-compote-241643
"Scallop Ceviche with ""Tiger's Milk""",https://www.epicurious.com/recipes/food/views/scallop-ceviche-with-tigers-milk-352836
Okra Caponata Toasts,https://www.epicurious.com/recipes/food/views/okra-caponata-toasts-100662
Rib-Eye Tacos with Onion Jam and Horseradish Crème Fraîche,https://www.epicurious.com/recipes/food/views/rib-eye-tacos-with-onion-jam-and-horseradish-creme-fraiche-109060
Swiss Chard with Horseradish,https://www.epicurious.com/recipes/food/views/swiss-chard-with-horseradish-51142410
Goat Cheese with Chile Morita and Piloncillo Sauce,https://www.epicurious.com/recipes/food/views/goat-cheese-with-chile-morita-and-piloncillo-sauce-14311
Papaya Poached in Cinnamon-Lime Syrup,https://www.epicurious.com/recipes/food/views/papaya-poached-in-cinnamon-lime-syrup-103807
3-Ingredient Orecchiette With Sausage and Fennel,https://www.epicurious.com/recipes/food/views/3-ingredient-orecchiette-with-sausage-and-fennel
Broiled Cod With Fennel and Orange,https://www.epicurious.com/recipes/food/views/broiled-cod-with-fennel-and-orange
Crispy Artichoke Flowers with Salsa Verde,https://www.epicurious.com/recipes/food/views/crispy-artichoke-flowers-with-salsa-verde-103361
"Potato, Greens, and Goat Cheese Quesadillas",https://www.epicurious.com/recipes/food/views/potato-greens-and-goat-cheese-quesadillas-241607
Grilled Porterhouse Steak with Paprika-Parmesan Butter,https://www.epicurious.com/recipes/food/views/grilled-porterhouse-steak-with-paprika-parmesan-butter-105299
Palm Springs Date Shake,https://www.epicurious.com/recipes/food/views/palm-springs-date-shake
Breakfast Couscous with Dried-fruit compote,https://www.epicurious.com/recipes/food/views/breakfast-couscous-with-dried-fruit-compote-350221
Sauteed Broccoli Rabe and Peas.,https://www.epicurious.com/recipes/food/views/sauteed-broccoli-rabe-and-peas-235478
Pork Cutlets with Figs and Balsamic Vinegar,https://www.epicurious.com/recipes/food/views/pork-cutlets-with-figs-and-balsamic-vinegar-15604
Deviled Crab with Sherry Sauce,https://www.epicurious.com/recipes/food/views/deviled-crab-with-sherry-sauce-106250
"Creamy Monkfish, Tomato, and Shellfish Potpie with Puff Pastry Crust",https://www.epicurious.com/recipes/food/views/creamy-monkfish-tomato-and-shellfish-potpie-with-puff-pastry-crust-10292
Lamb Bacon,https://www.epicurious.com/recipes/food/views/lamb-bacon-51115410
Roasted Quail with Red Grapes and Pearl Onions,https://www.epicurious.com/recipes/food/views/roasted-quail-with-red-grapes-and-pearl-onions-13628
Spiced Popcorn with Pecans and Raisins,https://www.epicurious.com/recipes/food/views/spiced-popcorn-with-pecans-and-raisins-51252740
"Fennel, Pine Nut, and Roasted-Lemon Stuffing",https://www.epicurious.com/recipes/food/views/fennel-pine-nut-and-roasted-lemon-stuffing-236249
Halibut with Sambal Vinaigrette and Wasabi Cream,https://www.epicurious.com/recipes/food/views/halibut-with-sambal-vinaigrette-and-wasabi-cream-103715
Linguine Avgolemono with Artichoke Hearts and Green Beans,https://www.epicurious.com/recipes/food/views/linguine-avgolemono-with-artichoke-hearts-and-green-beans-234147
"Country Bread Stuffing with Smoked Ham, Goat Cheese, and Dried Cherries",https://www.epicurious.com/recipes/food/views/country-bread-stuffing-with-smoked-ham-goat-cheese-and-dried-cherries-236495
Pink Grapefruit Tart with Edamame Ice Cream and Black Sesame Seeds,https://www.epicurious.com/recipes/food/views/pink-grapefruit-tart-with-edamame-ice-cream-and-black-sesame-seeds-239809
Teriyaki Black Cod with Sticky Rice Cakes and Seared Baby Bok Choy,https://www.epicurious.com/recipes/food/views/teriyaki-black-cod-with-sticky-rice-cakes-and-seared-baby-bok-choy-363330
Lox and Melon with Chives and Lemon,https://www.epicurious.com/recipes/food/views/lox-and-melon-with-chives-and-lemon-3176
Spinach Porcini Stuffing,https://www.epicurious.com/recipes/food/views/spinach-porcini-stuffing-350789
Poached Cod With Potatoes and Leeks,https://www.epicurious.com/recipes/food/views/poached-cod-with-potatoes-and-leeks
Stir-Fried Asparagus With Bacon and Crispy Shallots,https://www.epicurious.com/recipes/food/views/stir-fried-asparagus-with-bacon-and-crispy-shallots
Lamb Rack with Cucumber Yogurt,https://www.epicurious.com/recipes/food/views/lamb-rack-with-cucumber-yogurt-51157610
"Watermelon With Yogurt, Poppy Seeds, and Fried Rosemary",https://www.epicurious.com/recipes/food/views/watermelon-with-yogurt-poppy-seeds-and-fried-rosemary
Szechuan Steak au Poivre with Port-Ginger Sauce,https://www.epicurious.com/recipes/food/views/szechuan-steak-au-poivre-with-port-ginger-sauce-2107
Cornmeal and Shallot Madeleines with Crème Fraîche and Caviar,https://www.epicurious.com/recipes/food/views/cornmeal-and-shallot-madeleines-with-creme-fraiche-and-caviar-12328
Golden Delicious Apple and Cheddar Turnovers with Dried Cranberries,https://www.epicurious.com/recipes/food/views/golden-delicious-apple-and-cheddar-turnovers-with-dried-cranberries-355217
"Mole Cake with Cherry-Almond Ice Cream, Tamarind Anglaise, and Orange Caramel",https://www.epicurious.com/recipes/food/views/mole-cake-with-cherry-almond-ice-cream-tamarind-anglaise-and-orange-caramel-104140
Steak Burritos with Monterey Jack Cheese,https://www.epicurious.com/recipes/food/views/steak-burritos-with-monterey-jack-cheese-4352
Lamb-Bacon Burgers with Spicy Aioli,https://www.epicurious.com/recipes/food/views/lamb-bacon-burgers-with-spicy-aioli-56389527
Pan-Roasted Quail with Port Sauce,https://www.epicurious.com/recipes/food/views/pan-roasted-quail-with-port-sauce-105102
Walnut and Pancetta Pansoti with Asparagus in Parmesan Broth,https://www.epicurious.com/recipes/food/views/walnut-and-pancetta-pansoti-with-asparagus-in-parmesan-broth-106254
Blueberry–Chia Seed Jam,https://www.epicurious.com/recipes/food/views/blueberry-chia-seed-jam
Chicken Tarragon,https://www.epicurious.com/recipes/food/views/french-chicken-tarragon
"Tomato, Edamame and Corn Sauté with Cumin and Cilantro",https://www.epicurious.com/recipes/food/views/tomato-edamame-and-corn-saute-with-cumin-and-cilantro-104600
Fingerling Potato Salad with Green Chile-Cilantro Salsa,https://www.epicurious.com/recipes/food/views/fingerling-potato-salad-with-green-chile-cilantro-salsa-103570
"Bread Stuffing with Crawfish, Bacon, and Collard Greens",https://www.epicurious.com/recipes/food/views/bread-stuffing-with-crawfish-bacon-and-collard-greens-236497
Spaghetti with No-Cook Tomato Sauce and Hazelnuts,https://www.epicurious.com/recipes/food/views/spaghetti-with-no-cook-tomato-sauce-and-hazelnuts-56389869
Sofrito,https://www.epicurious.com/recipes/food/views/sofrito-368030
Anissa's Garlic Sauce,https://www.epicurious.com/recipes/food/views/anissas-garlic-sauce-51164000
Wilted Red Cabbage with Balsamic Vinegar,https://www.epicurious.com/recipes/food/views/wilted-red-cabbage-with-balsamic-vinegar-15526
Soba Salad with Carrot and Zucchini,https://www.epicurious.com/recipes/food/views/soba-salad-with-carrot-and-zucchini-109532
Ox’s Chimichurri,https://www.epicurious.com/recipes/food/views/oxs-chimichurri
"Gemelli with Asparagus, Smoked Salmon, and Dill",https://www.epicurious.com/recipes/food/views/gemelli-with-asparagus-smoked-salmon-and-dill-107977
Baharat Seasoning,https://www.epicurious.com/recipes/food/views/baharat-seasoning-363109
Mushroom and Lentil Pot Pies with Gouda Biscuit Topping,https://www.epicurious.com/recipes/food/views/mushroom-and-lentil-pot-pies-with-gouda-biscuit-topping-361671
Wilted Spinach with Roasted Garlic,https://www.epicurious.com/recipes/food/views/wilted-spinach-with-roasted-garlic-240366
"Wild Mushroom, Roasted Beet, and Goat Cheese Salad with Onion Purée",https://www.epicurious.com/recipes/food/views/wild-mushroom-roasted-beet-and-goat-cheese-salad-with-onion-puree-51181400
Lemon Flan with Autumn Fruit Compote,https://www.epicurious.com/recipes/food/views/lemon-flan-with-autumn-fruit-compote-232896
Jacques's Skillet Duck with Parsnips and Shallots,https://www.epicurious.com/recipes/food/views/jacquess-skillet-duck-with-parsnips-and-shallots-105471
Slow-Cooker Macaroni and Cheese,https://www.epicurious.com/recipes/food/views/slow-cooker-macaroni-and-cheese
Beef Bourguignonne Pot Pie,https://www.epicurious.com/recipes/food/views/beef-bourguignonne-pot-pie-51263460
Nectarine Almond Frangipane Tart,https://www.epicurious.com/recipes/food/views/nectarine-almond-frangipane-tart-235776
"Roasted Monkfish with Chanterelles, Leeks, and Ginger",https://www.epicurious.com/recipes/food/views/roasted-monkfish-with-chanterelles-leeks-and-ginger-13631
Seared Asian Steak and Mushrooms on Mixed Greens with Ginger Dressing,https://www.epicurious.com/recipes/food/views/seared-asian-steak-and-mushrooms-on-mixed-greens-with-ginger-dressing-361612
"Apple, Currant, and Caraway Stuffed Chicken Breasts",https://www.epicurious.com/recipes/food/views/apple-currant-and-caraway-stuffed-chicken-breasts-106360
White Chocolate Passion Fruit Turnovers with Blueberry-Mint Sauce and Coconut Cream,https://www.epicurious.com/recipes/food/views/white-chocolate-passion-fruit-turnovers-with-blueberry-mint-sauce-and-coconut-cream-51190810
Escarole Salad with Horseradish and Capers,https://www.epicurious.com/recipes/food/views/escarole-salad-with-horseradish-and-capers-51215010
"Orecchiette with Corn, Basil, and Pine Nuts",https://www.epicurious.com/recipes/food/views/orecchiette-with-corn-basil-and-pine-nuts-56389797
Berry Spinach Salad  With Toasted Hazelnuts,https://www.epicurious.com/recipes/food/views/berry-spinach-salad-with-toasted-hazelnuts
"Crabmeat, Apple, and Mango Salad on Cumin Apple Chips",https://www.epicurious.com/recipes/food/views/crabmeat-apple-and-mango-salad-on-cumin-apple-chips-105400
"Charred Squid and Conch Buljol with ""Soused"" Green Figs and Tomato Chokha Coulis",https://www.epicurious.com/recipes/food/views/charred-squid-and-conch-buljol-with-soused-green-figs-and-tomato-chokha-coulis-234500
Rack of Lamb and Roasted Cabbage with Cauliflower and Date Purees,https://www.epicurious.com/recipes/food/views/rack-of-lamb-and-roasted-cabbage-with-cauliflower-and-date-purees-230750
Seafood in Celery Root and Lovage Broth,https://www.epicurious.com/recipes/food/views/seafood-in-celery-root-and-lovage-broth-108678
Slow-Cooker Cuban Pulled-Pork Panini Sandwiches,https://www.epicurious.com/recipes/food/views/cuban-pulled-pork-paninis
Veal Saltimbocca (Saltimbocca alla Romana),https://www.epicurious.com/recipes/food/views/veal-saltimbocca-saltimbocca-alla-romana-51112240
"Avocado Soup with Herbs, Slivered Radishes, and Pistachios",https://www.epicurious.com/recipes/food/views/avocado-soup-with-herbs-slivered-radishes-and-pistachios-355953
Mustard-Crusted Pork Loin With Apple–Cabbage Slaw,https://www.epicurious.com/recipes/food/views/mustard-crusted-pork-loin-with-apple-cabbage-slaw
Tagliatelle with Duck Ragù,https://www.epicurious.com/recipes/food/views/tagliatelle-with-duck-ragu-242037
Roast Beef Sandwiches with Lemon-Basil Mayonnaise and Roasted Red Onions,https://www.epicurious.com/recipes/food/views/roast-beef-sandwiches-with-lemon-basil-mayonnaise-and-roasted-red-onions-103901
Tarragon Lobster Roll,https://www.epicurious.com/recipes/food/views/tarragon-lobster-roll-51245010
Curried Chicken Salad Pita Sandwiches,https://www.epicurious.com/recipes/food/views/curried-chicken-salad-pita-sandwiches-230645
Francis Butler's Texas Tamale-Stuffed Turkey,https://www.epicurious.com/recipes/food/views/francis-butlers-texas-tamale-stuffed-turkey-367529
Moroccan Beet Leaf or Swiss Chard Salad (Salade de Blettes),https://www.epicurious.com/recipes/food/views/moroccan-beet-leaf-or-swiss-chard-salad-em-salade-de-blettes-em-360489
"Coconut-Crusted Mahimahi with Pan-Roasted Garlic, Rosemary, and Tomato Sauce",https://www.epicurious.com/recipes/food/views/coconut-crusted-mahimahi-with-pan-roasted-garlic-rosemary-and-tomato-sauce-351438
Jam Roly-Poly,https://www.epicurious.com/recipes/food/views/jam-roly-poly-103206
Faux Tart with Instant Lemon Ginger Custard,https://www.epicurious.com/recipes/food/views/faux-tart-with-instant-lemon-ginger-custard-51185230
Wassail,https://www.epicurious.com/recipes/food/views/hot-wassail-recipe
"Voodoo Rum Punch aka ""The Glastonbury Zombie""",https://www.epicurious.com/recipes/food/views/voodoo-rum-punch-aka-the-glastonbury-zombie-51167600
Shrimp and Pork Pot Stickers,https://www.epicurious.com/recipes/food/views/shrimp-and-pork-pot-stickers-233782
Sour Cream Tart with Santa Rosa Plum Compote,https://www.epicurious.com/recipes/food/views/sour-cream-tart-with-santa-rosa-plum-compote-242998
Cranberry-Cornmeal Quick Bread,https://www.epicurious.com/recipes/food/views/cranberry-cornmeal-quick-bread-240419
Rugelach,https://www.epicurious.com/recipes/food/views/rugelach-cookies
Mashed Root Vegetables with Bacon Vinaigrette,https://www.epicurious.com/recipes/food/views/mashed-root-vegetables-with-bacon-vinaigrette-51124250
Buttery Cayenne Pecans,https://www.epicurious.com/recipes/food/views/buttery-cayenne-pecans-56390128
Roasted Red-Pepper and Hazelnut Dip,https://www.epicurious.com/recipes/food/views/roasted-red-pepper-and-hazelnut-dip-240284
Filets Mignons on Jerusalem Artichoke Purée,https://www.epicurious.com/recipes/food/views/filets-mignons-on-jerusalem-artichoke-puree-14094
Roquefort Aspic Mousse with Tomatoes and Chives,https://www.epicurious.com/recipes/food/views/roquefort-aspic-mousse-with-tomatoes-and-chives-14191
Sherry-Walnut Oil Vinaigrette,https://www.epicurious.com/recipes/food/views/sherry-walnut-oil-vinaigrette-103853
Spanish Potato Omelet (Tortilla de Papa Espanola) with Romesco Sauce,https://www.epicurious.com/recipes/food/views/spanish-potato-omelet-tortilla-de-papa-espanola-with-romesco-sauce-51121800
Aji Sauce,https://www.epicurious.com/recipes/food/views/aji-sauce-353812
"Israeli Yogurt ""Cheese"" with Pita and Olives",https://www.epicurious.com/recipes/food/views/israeli-yogurt-cheese-with-pita-and-olives-320
Lemon Pudding with Strawberries and Meringue Cigars,https://www.epicurious.com/recipes/food/views/lemon-pudding-with-strawberries-and-meringue-cigars-395394
Sachertorte,https://www.epicurious.com/recipes/food/views/sachertorte-231043
Cornmeal-Crusted Oysters with Sweet Pickle Mayonnaise,https://www.epicurious.com/recipes/food/views/cornmeal-crusted-oysters-with-sweet-pickle-mayonnaise-4461
Chocolate Sorbet,https://www.epicurious.com/recipes/food/views/chocolate-sorbet-238249
Phyllo Triangles Stuffed with Fresh Cheese (briouats bil jben),https://www.epicurious.com/recipes/food/views/phyllo-triangles-stuffed-with-fresh-cheese-em-briouats-bil-jben-em-51173810
Opal-Basil Cinnamon Vinegar,https://www.epicurious.com/recipes/food/views/opal-basil-cinnamon-vinegar-12542
Lemon and Basil Turkey Scaloppine,https://www.epicurious.com/recipes/food/views/lemon-and-basil-turkey-scaloppine-144
"Grilled Flatbreads with Caramelized Onions, Sausage, and Manchego Cheese",https://www.epicurious.com/recipes/food/views/grilled-flatbreads-with-caramelized-onions-sausage-and-manchego-cheese-353389
Adobo-Glazed Mini Turkey Loaves,https://www.epicurious.com/recipes/food/views/adobo-glazed-mini-turkey-loaves-355369
Tabil Spice Blend,https://www.epicurious.com/recipes/food/views/tabil-spice-blend-365693
Braised Veal Shanks with Bacon-Parmesan Crumbs,https://www.epicurious.com/recipes/food/views/braised-veal-shanks-with-bacon-parmesan-crumbs-51259320
"Bow Ties with Bacon, Onion, and Tomato",https://www.epicurious.com/recipes/food/views/bow-ties-with-bacon-onion-and-tomato-12724
Spicy Turkey Chile Verde with Hominy and Squash,https://www.epicurious.com/recipes/food/views/spicy-turkey-chile-verde-with-hominy-and-squash-352550
Clementine Sorbet with Rosé Wine Gelée,https://www.epicurious.com/recipes/food/views/clementine-sorbet-with-rose-wine-gelee-104771
Poached Pears with Ginger and Port,https://www.epicurious.com/recipes/food/views/poached-pears-with-ginger-and-port-13448
Butter Mandu (Butter Dumplings),https://www.epicurious.com/recipes/food/views/butter-mandu-butter-dumplings-56390029
Lettuce Cups with Pork and Quinoa in Peanut Sauce,https://www.epicurious.com/recipes/food/views/lettuce-cups-with-pork-and-quinoa-in-peanut-sauce-56389788
"Fettuccine with Smoked Salmon, Goat Cheese, Leeks and Zucchini",https://www.epicurious.com/recipes/food/views/fettuccine-with-smoked-salmon-goat-cheese-leeks-and-zucchini-1768
Quaker Vanishing Oatmeal Raisin Cookies,https://www.epicurious.com/recipes/food/views/quaker-vanishing-oatmeal-raisin-cookies
White Sweet Potatoes with Mirin and Honey,https://www.epicurious.com/recipes/food/views/white-sweet-potatoes-with-mirin-and-honey-388730
Poached Salmon with Artichoke Confit,https://www.epicurious.com/recipes/food/views/poached-salmon-with-artichoke-confit-51236410
Grilled Cheese With Peak Tomatoes,https://www.epicurious.com/recipes/food/views/grilled-cheese-sandwich-with-tomatoes
Walnut-Date Torte,https://www.epicurious.com/recipes/food/views/walnut-date-torte-242024
"Braised Rotisserie Chicken With Bacon, Tomatoes, and Kale",https://www.epicurious.com/recipes/food/views/braised-rotisserie-chicken-with-bacon-tomatoes-and-kale
Fish Stock,https://www.epicurious.com/recipes/food/views/fish-stock-350281
Potato-Crusted Goat Cheese Tart with Heirloom Tomato Salad,https://www.epicurious.com/recipes/food/views/potato-crusted-goat-cheese-tart-with-heirloom-tomato-salad-354891
Smoked Turkey and Bacon Chowder with Pumpernickel and Cranberry Croutons,https://www.epicurious.com/recipes/food/views/smoked-turkey-and-bacon-chowder-with-pumpernickel-and-cranberry-croutons-237090
Cantaloupe Aqua Fresca with Beet Swirl,https://www.epicurious.com/recipes/food/views/cantaloupe-aqua-fresca-with-beet-swirl-355516
Turkey Cutlets Milanese with Watercress Salad,https://www.epicurious.com/recipes/food/views/turkey-cutlets-milanese-with-watercress-salad-10839
Porcini-Rubbed Turkey with Shiitake-Madeira Gravy,https://www.epicurious.com/recipes/food/views/porcini-rubbed-turkey-with-shiitake-madeira-gravy-107286
Apple Prune Brown Betty,https://www.epicurious.com/recipes/food/views/apple-prune-brown-betty-109129
Dairy State Buttered Burgers,https://www.epicurious.com/recipes/food/views/dairy-state-buttered-burgers-101131
Monte Cubano,https://www.epicurious.com/recipes/food/views/monte-cubano-351851
Green Curry Pork Tenderloin,https://www.epicurious.com/recipes/food/views/green-curry-pork-tenderloin
Veal Birds Paprika,https://www.epicurious.com/recipes/food/views/veal-birds-paprika-11050
Chocolate Kumquat Spring Rolls,https://www.epicurious.com/recipes/food/views/chocolate-kumquat-spring-rolls-241616
Beer-Battered Fish with Smoked-Paprika Mayonnaise,https://www.epicurious.com/recipes/food/views/beer-battered-fish-with-smoked-paprika-mayonnaise-233977
"Wonky Summer Pasta, Herby Salad, Pear Drop Tartlets",https://www.epicurious.com/recipes/food/views/wonky-summer-pasta-herby-salad-pear-drop-tartlets-368809
Zita's Salmon with Herb Sauce,https://www.epicurious.com/recipes/food/views/zitas-salmon-with-herb-sauce-12386
Balsamic-Braised Cipolline Onions with Pomegranate,https://www.epicurious.com/recipes/food/views/balsamic-braised-cipolline-onions-with-pomegranate-240417
Highland Cooler,https://www.epicurious.com/recipes/food/views/highland-cooler-200177
Leek and Potato Galette With Pistachio Crust,https://www.epicurious.com/recipes/food/views/leek-and-potato-galette-with-pistachio-crust
Phyllo-Wrapped Salmon with Leeks and Red Bell Pepper,https://www.epicurious.com/recipes/food/views/phyllo-wrapped-salmon-with-leeks-and-red-bell-pepper-4698
East-West Barbecued Chicken,https://www.epicurious.com/recipes/food/views/east-west-barbecued-chicken-2187
Gambas al Ajillo,https://www.epicurious.com/recipes/food/views/ba-syn-gambas-al-ajillo-spanish-garlic-shrimp
Gloria's Black Bean Soup,https://www.epicurious.com/recipes/food/views/glorias-black-bean-soup-107569
Spicy Pickled Shallots,https://www.epicurious.com/recipes/food/views/spicy-pickled-shallots-51234810
Chicken Pot Tot Hotdish,https://www.epicurious.com/recipes/food/views/chicken-pot-tot-hotdish
Frittata Rolls Stuffed with Ricotta and Fresh Mint,https://www.epicurious.com/recipes/food/views/frittata-rolls-stuffed-with-ricotta-and-fresh-mint-109561
Parmesan-Pepper Biscuits,https://www.epicurious.com/recipes/food/views/parmesan-pepper-biscuits-350241
Salami and Pickle Grilled Cheese,https://www.epicurious.com/recipes/food/views/salami-and-pickle-grilled-cheese
Fried Egg Sandwiches with Pancetta and Arugula,https://www.epicurious.com/recipes/food/views/fried-egg-sandwiches-with-pancetta-and-arugula-231438
Hot Buttered Rum,https://www.epicurious.com/recipes/food/views/hot-buttered-rum
Roasted Citrus and Avocado Salad,https://www.epicurious.com/recipes/food/views/roasted-citrus-and-avocado-salad-51260250
Panna Cotta with Lemon-Thyme Peaches,https://www.epicurious.com/recipes/food/views/panna-cotta-with-lemon-thyme-peaches-242849
Crispy Lamb Spare Ribs with Honey Crème Fraîche and Chopped Pea Salad,https://www.epicurious.com/recipes/food/views/crispy-lamb-spare-ribs-with-honey-creme-fraiche-and-chopped-pea-salad-241226
Orzo Pilaf with Green Onions and Parmesan Cheese,https://www.epicurious.com/recipes/food/views/orzo-pilaf-with-green-onions-and-parmesan-cheese-101315
Pork and Squash Stew with Chiles,https://www.epicurious.com/recipes/food/views/pork-and-squash-stew-with-chiles-51214660
"Asparagus, Fingerling Potato, and Goat Cheese Pizza",https://www.epicurious.com/recipes/food/views/asparagus-fingerling-potato-and-goat-cheese-pizza-352629
Scrambled Eggs with Crab and Asparagus Tips,https://www.epicurious.com/recipes/food/views/scrambled-eggs-with-crab-and-asparagus-tips-234577
"Flatbread with Fava Beans, Cucumbers, and Burrata",https://www.epicurious.com/recipes/food/views/flatbread-with-fava-beans-cucumbers-and-burrata
Sweet Potato Pie,https://www.epicurious.com/recipes/food/views/sweet-potato-pie-recipe
Chocolate-Raspberry Panini with Mascarpone,https://www.epicurious.com/recipes/food/views/chocolate-raspberry-panini-with-mascarpone-359814
Lamb Stew with Leeks and Baby Artichokes,https://www.epicurious.com/recipes/food/views/lamb-stew-with-leeks-and-baby-artichokes-235156
Chive Oil,https://www.epicurious.com/recipes/food/views/chive-oil-51170260
Fresh Pineapple Trifles with Orange-Coconut Cream,https://www.epicurious.com/recipes/food/views/fresh-pineapple-trifles-with-orange-coconut-cream-363689
Duck-Fat Turkey Breasts with Green Onion Puree,https://www.epicurious.com/recipes/food/views/duck-fat-turkey-breasts-with-green-onion-puree-51257310
Couscous with Zucchini and Cherry Tomatoes,https://www.epicurious.com/recipes/food/views/couscous-with-zucchini-and-cherry-tomatoes-5846
Creamed Chicken with Corn and Bacon Over Polenta,https://www.epicurious.com/recipes/food/views/creamed-chicken-with-corn-and-bacon-over-polenta-5917
Mushroom Soup with Hazelnut Gremolata,https://www.epicurious.com/recipes/food/views/mushroom-soup-with-hazelnut-gremolata-350094
"Bulgur Pilaf with Dates, Dried Apricots, and Toasted Walnuts",https://www.epicurious.com/recipes/food/views/bulgur-pilaf-with-dates-dried-apricots-and-toasted-walnuts-107499
Newbury,https://www.epicurious.com/recipes/food/views/newbury-200965
Shoe String Potatoes (Pommes Pailles),https://www.epicurious.com/recipes/food/views/shoe-string-potatoes-em-pommes-pailles-em-241764
Turkey Meatloaf,https://www.epicurious.com/recipes/food/views/turkey-meatloaf-107599
Fried Chicken and Biscuits with Pink Peppercorn-Honey Butter,https://www.epicurious.com/recipes/food/views/fried-chicken-and-biscuits-with-pink-peppercorn-honey-butter-354874
Grilled Tuna and Peppers with Caper Vinaigrette,https://www.epicurious.com/recipes/food/views/grilled-tuna-and-peppers-with-caper-vinaigrette-1222185
Peppery Horseradish Mashed Potatoes,https://www.epicurious.com/recipes/food/views/peppery-horseradish-mashed-potatoes-388550
Highland Fling,https://www.epicurious.com/recipes/food/views/highland-fling-102765
Holiday Apple-Raisin Challah,https://www.epicurious.com/recipes/food/views/holiday-apple-raisin-challah-368069
Pecan-Crusted Trout with Orange-Rosemary Butter Sauce,https://www.epicurious.com/recipes/food/views/pecan-crusted-trout-with-orange-rosemary-butter-sauce-1663
Braised Spiced Pork with Cao Lau Noodles,https://www.epicurious.com/recipes/food/views/braised-spiced-pork-with-cao-lau-noodles-51234440
Herbed Tuna Burgers with Tapenade and Tomatoes,https://www.epicurious.com/recipes/food/views/herbed-tuna-burgers-with-tapenade-and-tomatoes-242713
Easy Arancini,https://www.epicurious.com/recipes/food/views/easy-arancini-51161800
Negroni,https://www.epicurious.com/recipes/food/views/ba-syn-negroni-2
Suffering Baptist,https://www.epicurious.com/recipes/food/views/suffering-baptist-51184010
Hazelnut Gâteau Breton,https://www.epicurious.com/recipes/food/views/hazelnut-gateau-breton-238257
Cranberry-Cherry Compote,https://www.epicurious.com/recipes/food/views/cranberry-cherry-compote
Acorn Squash with Kale and Sausage,https://www.epicurious.com/recipes/food/views/acorn-squash-with-kale-and-sausage-51203850
Sautéed Pork Tenderloin with Prunes,https://www.epicurious.com/recipes/food/views/sauteed-pork-tenderloin-with-prunes-51119050
Beef Brisket with Slow-Roasted Romano Beans and Black Olive Aïoli,https://www.epicurious.com/recipes/food/views/beef-brisket-with-slow-roasted-romano-beans-and-black-olive-aioli-51204420
Lemon-Scented Ricotta and Mascarpone Cream Puffs,https://www.epicurious.com/recipes/food/views/lemon-scented-ricotta-and-mascarpone-cream-puffs-232709
Walnut and Almond Cake with Orange-Pomegranate Compote,https://www.epicurious.com/recipes/food/views/walnut-and-almond-cake-with-orange-pomegranate-compote-237918
Small Semolina Griddle Breads,https://www.epicurious.com/recipes/food/views/small-semolina-griddle-breads-231568
Jicama Salad with Lime Juice and Fresh Mint,https://www.epicurious.com/recipes/food/views/jicama-salad-with-lime-juice-and-fresh-mint-354250
Crushed-Blueberry Sauce,https://www.epicurious.com/recipes/food/views/crushed-blueberry-sauce-352070
Santiago de Cuba's Roast Pork Marinated in a Garlicky Allspice-Cumin Adobo (Cerdo Brujo),https://www.epicurious.com/recipes/food/views/santiago-de-cubas-roast-pork-marinated-in-a-garlicky-allspice-cumin-em-adobo-em-em-cerdo-brujo-em-51203240
Spicy Fennel-Meyer Lemon Mignonette,https://www.epicurious.com/recipes/food/views/spicy-fennel-meyer-lemon-mignonette-51205520
Gemelli with Broccoli Rabe and Anchovies,https://www.epicurious.com/recipes/food/views/gemelli-with-broccoli-rabe-and-anchovies-236944
Frozen Raspberry-Ginger Margarita,https://www.epicurious.com/recipes/food/views/frozen-raspberry-ginger-margarita
"Boiling Water Bath for Jams, Chutneys, Pickles, and Salsas",https://www.epicurious.com/recipes/food/views/boiling-water-bath-for-jams-chutneys-pickles-and-salsas-105936
Watermelon and Feta With Lime and Serrano Chili Peppers,https://www.epicurious.com/recipes/food/views/watermelon-and-feta-salad-with-lime-and-serrano-chili-peppers
Milk Pudding with Rose Water Caramel and Figs,https://www.epicurious.com/recipes/food/views/milk-pudding-with-rose-water-caramel-and-figs-56390105
"Chicken, Ham, and Tarragon Pie",https://www.epicurious.com/recipes/food/views/chicken-ham-and-tarragon-pie-51119200
The Widow's Touch,https://www.epicurious.com/recipes/food/views/the-widows-touch-243424
Roast Beef and Watercress Wraps with Anchovy Rosemary Mayonnaise,https://www.epicurious.com/recipes/food/views/roast-beef-and-watercress-wraps-with-anchovy-rosemary-mayonnaise-232314
Kemp's Pesto,https://www.epicurious.com/recipes/food/views/kemps-pesto-360969
Lemon Ice Torte with Strawberry-Rhubarb Sauce,https://www.epicurious.com/recipes/food/views/lemon-ice-torte-with-strawberry-rhubarb-sauce-1624
"Melon with Feta, Red Onion, and Pine Nuts",https://www.epicurious.com/recipes/food/views/melon-with-feta-red-onion-and-pine-nuts-10521
Artichokes Braised in Lemon and Olive Oil,https://www.epicurious.com/recipes/food/views/artichokes-braised-in-lemon-and-olive-oil-350606
Chunky Clam and Bacon Dip with Pita Toasts,https://www.epicurious.com/recipes/food/views/chunky-clam-and-bacon-dip-with-pita-toasts-14052
"Steamed Mussels with Pernod, Celery Root and Saffron Aïoli",https://www.epicurious.com/recipes/food/views/steamed-mussels-with-pernod-celery-root-and-saffron-aioli-100530
Lady Curzon Soup,https://www.epicurious.com/recipes/food/views/lady-curzon-soup-233527
Asian Lamb Stir-Fry in Radicchio Wraps,https://www.epicurious.com/recipes/food/views/asian-lamb-stir-fry-in-radicchio-wraps-109696
Green Olive Tapenade,https://www.epicurious.com/recipes/food/views/green-olive-tapenade
Young Lettuces With Herbed Avocado,https://www.epicurious.com/recipes/food/views/young-lettuces-with-herbed-avocado-56389981
Anchovy Pasta With Garlic Breadcrumbs,https://www.epicurious.com/recipes/food/views/anchovy-pasta-with-garlic-breadcrumbs
Goat Cheese and Red Pepper Phyllo Triangles with Olive Frisée Salad,https://www.epicurious.com/recipes/food/views/goat-cheese-and-red-pepper-phyllo-triangles-with-olive-frisee-salad-106994
Baked Endive with Pancetta and Parmesan Cheese,https://www.epicurious.com/recipes/food/views/baked-endive-with-pancetta-and-parmesan-cheese-104057
Salted Coconut Granola,https://www.epicurious.com/recipes/food/views/salted-coconut-granola
Grilled Lime-Curry-Rubbed Hanger Steak with Fresh Melon-Cucumber Chutney,https://www.epicurious.com/recipes/food/views/grilled-lime-curry-rubbed-hanger-steak-with-fresh-melon-cucumber-chutney-353669
Duck Ragù with Creamy Polenta,https://www.epicurious.com/recipes/food/views/duck-ragu-with-creamy-polenta-56390080
Caramelized-Shallot Mashed Potatoes,https://www.epicurious.com/recipes/food/views/caramelized-shallot-mashed-potatoes-241649
"""Bloody Mary"" Tomato Toast with Celery and Horseradish",https://www.epicurious.com/recipes/food/views/-bloody-mary-tomato-toast-with-celery-and-horseradish-56389813
Maltese Chicken with Red Wine and Honey Gravy,https://www.epicurious.com/recipes/food/views/maltese-chicken-with-red-wine-and-honey-gravy-106485
Prosciutto-Artichoke Sandwiches with Rosemary Mayonnaise,https://www.epicurious.com/recipes/food/views/prosciutto-artichoke-sandwiches-with-rosemary-mayonnaise-1050
Swiss Chard with Raisins and Almonds,https://www.epicurious.com/recipes/food/views/swiss-chard-with-raisins-and-almonds-241474
Broccoli with Fennel and Red Bell Pepper,https://www.epicurious.com/recipes/food/views/broccoli-with-fennel-and-red-bell-pepper-105809
"Kumquat, Grape, and Kiwifruit Soup with Orange Muscat",https://www.epicurious.com/recipes/food/views/kumquat-grape-and-kiwifruit-soup-with-orange-muscat-13659
Pineapple Macadamia Nut Meringue Pies,https://www.epicurious.com/recipes/food/views/pineapple-macadamia-nut-meringue-pies-235040
Toum (Garlic Sauce),https://www.epicurious.com/recipes/food/views/toum-garlic-sauce
Caramelized Onion and Portobello Mushroom Soup with Goat Cheese Croutons,https://www.epicurious.com/recipes/food/views/caramelized-onion-and-portobello-mushroom-soup-with-goat-cheese-croutons-106175
Mangalore Fried Shrimp,https://www.epicurious.com/recipes/food/views/mangalore-fried-shrimp-230960
Pavlovas with Kir Royale Sorbet and Kiwis,https://www.epicurious.com/recipes/food/views/pavlovas-with-kir-royale-sorbet-and-kiwis-11535
Pikliz (Haitian Pickled Vegetable Relish),https://www.epicurious.com/recipes/food/views/pikliz-haitian-pickled-vegetable-relish
Malt-Beer-Brined Turkey with Malt Glaze,https://www.epicurious.com/recipes/food/views/malt-beer-brined-turkey-with-malt-glaze-361750
"Roasted Loin of Veal with Garlic, Shallots, and Mustard Gravy",https://www.epicurious.com/recipes/food/views/roasted-loin-of-veal-with-garlic-shallots-and-mustard-gravy-12143
Seared Hake with Baby Potatoes and Green Sauce,https://www.epicurious.com/recipes/food/views/seared-hake-with-baby-potatoes-and-green-sauce-51231680
Parmesan-Crusted Semolina Gnocchi,https://www.epicurious.com/recipes/food/views/parmesan-crusted-semolina-gnocchi-107816
Honey-Roasted Pear Salad with Thyme Verjus Dressing,https://www.epicurious.com/recipes/food/views/honey-roasted-pear-salad-with-thyme-verjus-dressing-232870
Pepper-Herb Bread,https://www.epicurious.com/recipes/food/views/pepper-herb-bread-118
Sole with Orange Brown Butter,https://www.epicurious.com/recipes/food/views/sole-with-orange-brown-butter-239758
Poached Eggs and Parmesan Cheese Over Toasted Brioche with Pistou,https://www.epicurious.com/recipes/food/views/poached-eggs-and-parmesan-cheese-over-toasted-brioche-with-pistou-242969
Summer Berry-Coconut Milk Ice Pops,https://www.epicurious.com/recipes/food/views/summer-berry-coconut-milk-ice-pops-51238890
3-Ingredient Peppermint Rocky Road Candies,https://www.epicurious.com/recipes/food/views/3-ingredient-peppermint-rocky-road-candies
Alice's Curious French Toast Bread Pudding,https://www.epicurious.com/recipes/food/views/alices-curious-french-toast-bread-pudding-362651
Goat Cheese Pizzas with Indian-Spiced Tomatoes and Mustard Greens,https://www.epicurious.com/recipes/food/views/goat-cheese-pizzas-with-indian-spiced-tomatoes-and-mustard-greens-105528
"Artichoke, Fennel, and Edamame Salad",https://www.epicurious.com/recipes/food/views/artichoke-fennel-and-edamame-salad-109571
"Fish in Foil with Sweet Onions, Tomatoes, and Mojo Verde",https://www.epicurious.com/recipes/food/views/fish-in-foil-with-sweet-onions-tomatoes-and-mojo-verde-108200
Pork Rib Roast with Fig and Pistachio Stuffing,https://www.epicurious.com/recipes/food/views/pork-rib-roast-with-fig-and-pistachio-stuffing-237065
Filets Mignons with Horseradish Crumbs,https://www.epicurious.com/recipes/food/views/filets-mignons-with-horseradish-crumbs-13302
Almond-Apricot Chicken with Mint Pesto,https://www.epicurious.com/recipes/food/views/almond-apricot-chicken-with-mint-pesto-363323
"Grilled Pear Salad with Bacon, Roquefort and Port Vinaigrette",https://www.epicurious.com/recipes/food/views/grilled-pear-salad-with-bacon-roquefort-and-port-vinaigrette-103769
Grilled Tuna Steaks with Cantaloupe Salsa,https://www.epicurious.com/recipes/food/views/grilled-tuna-steaks-with-cantaloupe-salsa-4107
Red Salad with Pickled Beet Vinaigrette,https://www.epicurious.com/recipes/food/views/red-salad-with-pickled-beet-vinaigrette-56389538
Tarragon-Caper Egg Salad Sandwiches with Smoked Salmon,https://www.epicurious.com/recipes/food/views/tarragon-caper-egg-salad-sandwiches-with-smoked-salmon-105416
Corn and Fregola with Grilled Halloumi Cheese,https://www.epicurious.com/recipes/food/views/corn-and-fregola-with-grilled-halloumi-cheese-56389730
Snap Peas and Green Beans with Arugula-Mint Pesto,https://www.epicurious.com/recipes/food/views/snap-peas-and-green-beans-with-arugula-mint-pesto-56389653
Ginger Stinger or White Way,https://www.epicurious.com/recipes/food/views/ginger-stinger-or-white-way-200228
Fish Vermicelli with Fresh Dill and Pineapple Sauce,https://www.epicurious.com/recipes/food/views/fish-vermicelli-with-fresh-dill-and-pineapple-sauce-239756
Creamy Polenta,https://www.epicurious.com/recipes/food/views/creamy-polenta
Date Orange Filling for Hamantaschen,https://www.epicurious.com/recipes/food/views/date-orange-filling-for-hamantaschen-13707
Black Bass with Warm Rosemary-Olive Vinaigrette,https://www.epicurious.com/recipes/food/views/black-bass-with-warm-rosemary-olive-vinaigrette-51214820
Pot-au-Feu,https://www.epicurious.com/recipes/food/views/pot-au-feu-241767
"Soufflé of Puff Pastry with Orange-Scented Pastry Cream, Candied Pecans, and Caramel Butter Sauce",https://www.epicurious.com/recipes/food/views/souffle-of-puff-pastry-with-orange-scented-pastry-cream-candied-pecans-and-caramel-butter-sauce-51202620
Claret Cup,https://www.epicurious.com/recipes/food/views/claret-cup
Sweet Potato Cakes with Mango-Pineapple Chutney,https://www.epicurious.com/recipes/food/views/sweet-potato-cakes-with-mango-pineapple-chutney-357393
Lamb Köfte with Tarator Sauce,https://www.epicurious.com/recipes/food/views/lamb-kofte-with-tarator-sauce-242621
Broiled Ham Steaks with Rhubarb Chutney,https://www.epicurious.com/recipes/food/views/broiled-ham-steaks-with-rhubarb-chutney-104949
"Roast Chicken with Parsnips, Golden Beets, and Jerusalem Artichokes with Beer Pan Juices",https://www.epicurious.com/recipes/food/views/roast-chicken-with-parsnips-golden-beets-and-jerusalem-artichokes-with-beer-pan-juices-361289
Escarole with Pine Nuts,https://www.epicurious.com/recipes/food/views/escarole-with-pine-nuts-236941
Mediterranean Grilled Veggie Wraps,https://www.epicurious.com/recipes/food/views/mediterranean-grilled-veggie-wraps-56389875
Grilled Mahimahi with Lime-Ginger Vinaigrette,https://www.epicurious.com/recipes/food/views/grilled-mahimahi-with-lime-ginger-vinaigrette-106949
Chile-Cilantro Butter,https://www.epicurious.com/recipes/food/views/chile-cilantro-butter-56389551
Grand Marnier Brownie Kisses,https://www.epicurious.com/recipes/food/views/grand-marnier-brownie-kisses-103157
Mascarpone and Berry Parfaits,https://www.epicurious.com/recipes/food/views/mascarpone-and-berry-parfaits-103462
"Tomato, Mozzarella & Thai Basil Crostini",https://www.epicurious.com/recipes/food/views/tomato-mozzarella-thai-basil-crostini-365789
Lemon Sorbetto with Watermelon and Anisette,https://www.epicurious.com/recipes/food/views/lemon-sorbetto-with-watermelon-and-anisette-243202
Bell Pepper and Goat Cheese Strata,https://www.epicurious.com/recipes/food/views/bell-pepper-and-goat-cheese-strata-51137030
"Iced Cucumber Soup with Mint, Watercress, and Feta Cheese",https://www.epicurious.com/recipes/food/views/iced-cucumber-soup-with-mint-watercress-and-feta-cheese-242477
Brown Sugar-Cured Turkey with Wild Mushroom-Shallot Gravy,https://www.epicurious.com/recipes/food/views/brown-sugar-cured-turkey-with-wild-mushroom-shallot-gravy-4378
Hasselback Carrots,https://www.epicurious.com/recipes/food/views/hasselback-carrots-56389971
Layered Tex-Mex Lasagna,https://www.epicurious.com/recipes/food/views/layered-tex-mex-lasagna
Mint Caipirinha Ice Pops,https://www.epicurious.com/recipes/food/views/mint-caipirinha-ice-pops-354202
Bushranger,https://www.epicurious.com/recipes/food/views/bushranger-200396
Halibut with Clementine Gremolata,https://www.epicurious.com/recipes/food/views/halibut-with-clementine-gremolata-356311
Sauteed Kale with Bacon and Vinegar,https://www.epicurious.com/recipes/food/views/sauteed-kale-with-bacon-and-vinegar-11968
Chock-Full Blondie Squares,https://www.epicurious.com/recipes/food/views/chock-full-blondie-squares-233291
Jamón-Wrapped Spanish Tortilla With Piquillo Relish,https://www.epicurious.com/recipes/food/views/jamon-wrapped-spanish-tortilla-with-piquillo-relish
Penne with Smoked Trout and Sugar Snap Peas,https://www.epicurious.com/recipes/food/views/penne-with-smoked-trout-and-sugar-snap-peas-109638
Fillet of Trout with Tomato,https://www.epicurious.com/recipes/food/views/fillet-of-trout-with-tomato-107239
Pear and Dried-Cherry Crisp with Nutmeg-Walnut Streusel,https://www.epicurious.com/recipes/food/views/pear-and-dried-cherry-crisp-with-nutmeg-walnut-streusel-237111
Cajun Spice Mix,https://www.epicurious.com/recipes/food/views/cajun-spice-mix-368289
Cherries in Almond Syrup Over Greek Yogurt,https://www.epicurious.com/recipes/food/views/cherries-in-almond-syrup-over-greek-yogurt-395490
Pan-Seared Steak Pizzaiola,https://www.epicurious.com/recipes/food/views/pan-seared-steak-pizzaiola-352031
Northwest Seafood Seasoning,https://www.epicurious.com/recipes/food/views/northwest-seafood-seasoning-51168020
Grilled Sausages with Figs and Mixed Greens,https://www.epicurious.com/recipes/food/views/grilled-sausages-with-figs-and-mixed-greens-360089
Sweet-and-Sour Tomato Chutney,https://www.epicurious.com/recipes/food/views/sweet-and-sour-tomato-chutney
Salmon with Beurre Rouge and Smoked-Salmon-Stuffed Baked Potato,https://www.epicurious.com/recipes/food/views/salmon-with-beurre-rouge-and-smoked-salmon-stuffed-baked-potato-235839
Fresh Artichoke and White Bean Crostini,https://www.epicurious.com/recipes/food/views/fresh-artichoke-and-white-bean-crostini-243438
Seared Duck Breasts With Blood Oranges,https://www.epicurious.com/recipes/food/views/seared-duck-breasts-with-blood-oranges
Cold-Smoked Chicken with Baby Bok Choy and Cashew Salad,https://www.epicurious.com/recipes/food/views/cold-smoked-chicken-with-baby-bok-choy-and-cashew-salad-232149
"Chocolate, Cranberry and Ginger Trifle",https://www.epicurious.com/recipes/food/views/chocolate-cranberry-and-ginger-trifle-102689
"Apricot, Cornmeal, and Sage Cookies",https://www.epicurious.com/recipes/food/views/apricot-cornmeal-and-sage-cookies-14133
Semolina and Spinach Gratin,https://www.epicurious.com/recipes/food/views/semolina-and-spinach-gratin-236526
Cold Tomato-Thyme Soup with Grilled Garlic Croutons,https://www.epicurious.com/recipes/food/views/cold-tomato-thyme-soup-with-grilled-garlic-croutons-2141
Lemon-Herb Mayonnaise,https://www.epicurious.com/recipes/food/views/lemon-herb-mayonnaise
Sautéed Greens with Toasted Walnuts,https://www.epicurious.com/recipes/food/views/sauteed-greens-with-toasted-walnuts-56389496
My Chicken Broth-Braised Baby Turnips,https://www.epicurious.com/recipes/food/views/my-chicken-broth-braised-baby-turnips-51254010
Dandelion Salad with Lardons and Goat Cheese Phyllo Blossoms,https://www.epicurious.com/recipes/food/views/dandelion-salad-with-lardons-and-goat-cheese-phyllo-blossoms-231785
Gochujang Gazpacho,https://www.epicurious.com/recipes/food/views/gochujang-gazpacho-56389467
"Mediterranean Supper Omelet with Fennel, Olives, and Dill",https://www.epicurious.com/recipes/food/views/mediterranean-supper-omelet-with-fennel-olives-and-dill-233713
"Chicken-Walnut Salad with Potato Salad, Tomatoes, and Kalamata Olives",https://www.epicurious.com/recipes/food/views/chicken-walnut-salad-with-potato-salad-tomatoes-and-kalamata-olives-108232
Cioppino Seafood Stew With Gremolata Toasts,https://www.epicurious.com/recipes/food/views/cioppino-seafood-stew-with-gremolata-toasts-51248830
Snap Bean and Radish Crudites with Caesar Mayonnaise,https://www.epicurious.com/recipes/food/views/snap-bean-and-radish-crudites-with-caesar-mayonnaise-100687
"Sausage with Sauerkraut, Apples, and Bok Choy",https://www.epicurious.com/recipes/food/views/sausage-with-sauerkraut-apples-and-bok-choy-51254430
Herb- and Spice-Roasted Beef Tenderloin with Red Wine-Shallot Sauce,https://www.epicurious.com/recipes/food/views/herb-and-spice-roasted-beef-tenderloin-with-red-wine-shallot-sauce-2998
Spinach-Bacon Roll-Ups,https://www.epicurious.com/recipes/food/views/spinach-bacon-roll-ups-4328
Dilly Beans,https://www.epicurious.com/recipes/food/views/dilly-beans-366717
Peach and Blue Cheese Toasts,https://www.epicurious.com/recipes/food/views/peach-and-blue-cheese-toasts-51242050
Warm Lemon-Cumin Chicken on Pita Bread Salad,https://www.epicurious.com/recipes/food/views/warm-lemon-cumin-chicken-on-pita-bread-salad-109177
Onion-and Olive-Stuffed Bell Peppers,https://www.epicurious.com/recipes/food/views/onion-and-olive-stuffed-bell-peppers-12761
Open-Face Lamb Burgers with Pistachio-Apricot Relish,https://www.epicurious.com/recipes/food/views/open-face-lamb-burgers-with-pistachio-apricot-relish-238802
"Leek, Red Onion, and Haricot Vert Salad with Veal Stock Vinaigrette",https://www.epicurious.com/recipes/food/views/leek-red-onion-and-haricot-vert-salad-with-veal-stock-vinaigrette-100594
Pan-Seared Polenta with Spicy Tomato-Basil Sauce,https://www.epicurious.com/recipes/food/views/pan-seared-polenta-with-spicy-tomato-basil-sauce-356870
Moroccan-Style Vegetable Stew with Harissa Yogurt Sauce,https://www.epicurious.com/recipes/food/views/moroccan-style-vegetable-stew-with-harissa-yogurt-sauce-352047
Escarole and Mushroom Dressing,https://www.epicurious.com/recipes/food/views/escarole-and-mushroom-dressing-105732
Tex-Mex Roasted Lamb Ribs With Cheese Grits,https://www.epicurious.com/recipes/food/views/tex-mex-roasted-lamb-ribs-with-cheese-grits-237590
"Rhubarb, Onion, and Raisin Chutney",https://www.epicurious.com/recipes/food/views/rhubarb-onion-and-raisin-chutney-11502
Smashed Fingerlings with Jalapeños,https://www.epicurious.com/recipes/food/views/smashed-fingerlings-with-jalapenos-51239670
Jollof Rice,https://www.epicurious.com/recipes/food/views/african-jollof-rice
Buttermilk Spice Cake with Pear Compote and Crème Fraîche,https://www.epicurious.com/recipes/food/views/buttermilk-spice-cake-with-pear-compote-and-creme-fraiche-357493
Lettuce Wraps with Smoked Trout,https://www.epicurious.com/recipes/food/views/lettuce-wraps-with-smoked-trout-354304
Lebkuchen,https://www.epicurious.com/recipes/food/views/lebkuchen-german-honey-bars
Hainanese Chicken Rice,https://www.epicurious.com/recipes/food/views/hainanese-chicken-rice
"Veal Chops with Lemon, Olives, Roasted Tomatoes, and Caper Berries",https://www.epicurious.com/recipes/food/views/veal-chops-with-lemon-olives-roasted-tomatoes-and-caper-berries-236599
Superb English Plum Pudding,https://www.epicurious.com/recipes/food/views/superb-english-plum-pudding-20010
Spiced Beef Corn Bread Cobbler,https://www.epicurious.com/recipes/food/views/spiced-beef-corn-bread-cobbler-236678
Turkey Burritos with Salsa and Cilantro,https://www.epicurious.com/recipes/food/views/turkey-burritos-with-salsa-and-cilantro-233150
"Haricots Verts, Roasted Fennel, and Shallots",https://www.epicurious.com/recipes/food/views/haricots-verts-roasted-fennel-and-shallots-231101
Whole Branzino Roasted in Salt,https://www.epicurious.com/recipes/food/views/whole-branzino-roasted-in-salt-233705
Individual Goat Cheese and Rosemary Bread Puddings,https://www.epicurious.com/recipes/food/views/individual-goat-cheese-and-rosemary-bread-puddings-14566
Reuben Salad,https://www.epicurious.com/recipes/food/views/reuben-salad-51118600
Homemade Herbed Paneer Cheese,https://www.epicurious.com/recipes/food/views/homemade-herbed-paneer-cheese-56389385
Moroccan Vegetable Salad,https://www.epicurious.com/recipes/food/views/moroccan-vegetable-salad-51230210
Best Friends Forever Brownies,https://www.epicurious.com/recipes/food/views/best-friends-forever-brownies-368530
Fig and Sesame Tart with Cardamom Orange Cream,https://www.epicurious.com/recipes/food/views/fig-and-sesame-tart-with-cardamom-orange-cream-238427
Salmon and Spinach Terrine with Cucumber-Dill Sauce,https://www.epicurious.com/recipes/food/views/salmon-and-spinach-terrine-with-cucumber-dill-sauce-5753
To Prepare a Water Bath for Baking,https://www.epicurious.com/recipes/food/views/to-prepare-a-water-bath-for-baking-105616
Mustardy Kale with Bacon,https://www.epicurious.com/recipes/food/views/mustardy-kale-with-bacon-350639
Rintaro's Beef Curry,https://www.epicurious.com/recipes/food/views/rintaros-beef-curry-56389992
Bibimbap,https://www.epicurious.com/recipes/food/views/ba-syn-bibimbap
Simple Syrup,https://www.epicurious.com/simple-syrup-368889-recipe
"Roast Beef, Basil, and Spicy Tomato Chutney Lavash Sandwiches",https://www.epicurious.com/recipes/food/views/roast-beef-basil-and-spicy-tomato-chutney-lavash-sandwiches-100731
Mediterranean Chicken,
Grilled Steak and Asparagus Salad with Hoisin Vinaigrette,
Spanish Crusted Roast Pork Tenderloin,
Potato and Celery-Root Gratin with Smoked Haddock,
"Clementine, Olive, and Endive Salad",
Grilled Boneless Salmon Steaks with Horseradish Dill Butter,
Creole Seasoning,
Roasted Asparagus and Leek Frittata,https://www.epicurious.com/recipes/food/views/roasted-asparagus-and-leek-frittata-395409
Tandoori-Spiced Leg of Lamb,
Fresh Corn Carbonara,https://www.epicurious.com/recipes/food/views/fresh-corn-carbonara-56390011
Gingersnaps,
Truffled French Fries,
Apricot Yogurt Cake with Orange Honey Syrup,
Chicken with Mushrooms and White Wine,
Roasted Butternut Squash and Caramelized Onion Tart,
Scallop Gratins with Garlic-Lemon Butter,
Turkey Chili Verde,
Rice and Chicken Pilaf with Dried Currants and Toasted Almonds,
Coconut Pound Cake,
Chicken Liver Mousse,
Braised Lamb Shanks with Rutabaga and Carrots,
Zucchini Gratin,
Berry-Brandy Toddies with Raspberries and Cream,https://www.epicurious.com/recipes/food/views/berry-brandy-toddies-with-raspberries-and-cream-233907
Gingery Watermelon Paletas,https://www.epicurious.com/recipes/food/views/gingery-watermelon-paletas-51175600
"Chicken & Squash Cacciatore, Mushrooms, Tomatoes, Olives, Bread",https://www.epicurious.com/recipes/food/views/chicken-and-squash-cacciatore-mushrooms-tomatoes-olives-bread
Spiced Curly Tortilla Chips,
Cosmopolitan Champagne Cocktail,
Surprise Salad,
Seared Salmon with Balsamic Glaze,https://www.epicurious.com/recipes/food/views/seared-salmon-with-balsamic-glaze-104241
"Cranberry, Orange and Red Wine Marmalade",
"Apple, Celery, and Smoked Ham Stuffing",https://www.epicurious.com/recipes/food/views/apple-celery-and-smoked-ham-stuffing-108823
Honeydew and Cantaloupe with Cinnamon-Clove Syrup,
Roast Prime Ribs of Beef with Cracked Pepper Crust,
Cobb Salad Pitas,
Cranberry-Shallot Relish,
Asian-Glazed Chicken Thighs,
Salade de Boheme,
Homemade Thick Cream,
"Ouzo-Scented Almond, Yogurt, and Olive Oil Cake",https://www.epicurious.com/recipes/food/views/ouzo-scented-almond-yogurt-and-olive-oil-cake-238253
Cornmeal-Crusted Chicken Breasts,
Apple-Raspberry Cake,
"Chocolate-Chunk Cookies with Pecans, Dried Apricots, and Tart Cherries",
Sauteed Halibut with Pecan Shallot Topping,
Rösti with Fried Eggs,
Spiced Paprika Butter,https://www.epicurious.com/recipes/food/views/spiced-paprika-butter-56389678
"Apple ""Pizza""",
Soft Oatmeal Cookies,
New England Clam Chowder,https://www.epicurious.com/recipes/food/views/new-england-clam-chowder-104185
Chicken Soup Verde,
Sausage Patties with Cranberry-Kumquat Relish,https://www.epicurious.com/recipes/food/views/sausage-patties-with-cranberry-kumquat-relish-102527
Gingered Parsnip Bisque,
Roasted Tomato-Chipotle Salsa,
"Chicken, Watercress, and Avocado Sandwich with Tarragon Aïoli",https://www.epicurious.com/recipes/food/views/chicken-watercress-and-avocado-sandwich-with-tarragon-aioli-107651
Super Short Ribs,
"Sun-Dried Tomato, Garlic, and Jalapeño Pasta",
Chickpea Purée,
"Orange, Chocolate and Hazelnut Mandelbrot",https://www.epicurious.com/recipes/food/views/orange-chocolate-and-hazelnut-mandelbrot-2792
El Jefe's Glove-Box Recado,https://www.epicurious.com/recipes/food/views/el-jefes-glove-box-recado-51249410
"Scallops with ""Melted"" Leeks and Tarragon-Caper Butter",
"Orzo with Yellow Squash, Mushrooms, and Pine Nuts",https://www.epicurious.com/recipes/food/views/orzo-with-yellow-squash-mushrooms-and-pine-nuts-236198
Soupe a l'Oignon au Fromage (French Onion Soup),
Mashed Jerusalem Artichokes,
Red and Green Tomato Salsa,
Raspberry Sauce,
Rhubarb-Raspberry Jam,
Salmon Paillards with Lettuce and Pea Salad,
Toasted Garlic-Beef Stock,https://www.epicurious.com/recipes/food/views/toasted-garlic-beef-stock
Spiced Butternut Squash,
Peperoncini Stuffed with Smoked Salmon and Dill Cream,
Chickpea Curry with Roasted Cauliflower and Tomatoes,https://www.epicurious.com/recipes/food/views/chickpea-curry-with-roasted-cauliflower-and-tomatoes-51190620
Sour Cream Coffee Cake with Pears and Pecans,
Butternut Squash Vegducken With Mushroom-Cranberry Stuffing,
Chocolate Chestnut Torte with Chocolate Cognac Mousse,https://www.epicurious.com/recipes/food/views/chocolate-chestnut-torte-with-chocolate-cognac-mousse-107439
Grilled Rosemary Garlic Shrimp,
Zucchini Potato Lemon-Thyme Mash,
Rack of Lamb with Spinach Pine-Nut Crust and Minted Pea Sauce,
Tortilla Pie,
"Parsley, Garlic, and Onion Spread",
Asparagus and Gruyère Tart,
Seared Tuna Burgers with Ginger-Garlic Mayonnaise,
Smoked Portabella Mushrooms and Tomatoes,
Tomato and Cannellini Bean Soup,https://www.epicurious.com/recipes/food/views/tomato-and-cannellini-bean-soup
"Sauteed Pork Chops with Mushrooms, Dill, and Sour Cream",
Arugula Salad with Heirloom Tomatoes and Red Onion,
Oranges and Pineapple with Orange-Flower Water and Mint,
Turkey Burgers,
"Wasabi Salmon with Bok Choy, Green Cabbage, and Shiitakes",
Louisiana Deviled Crab Cakes,https://www.epicurious.com/recipes/food/views/louisiana-deviled-crab-cakes-104883
Rice with Lemongrass and Green Onion,
Paprika-Parmesan Butter,
Dragoon Punch,
Panna Cotta with Praline Caramel Sauce,
Watercress Sandwiches with Chili-Lime Butter,https://www.epicurious.com/recipes/food/views/watercress-sandwiches-with-chili-lime-butter-106637
"Potato, Celery Root and Stilton Gratin",
Lobster Curry,
Quince Sambal,https://www.epicurious.com/recipes/food/views/quince-sambal-231243
"Steamed Clams with Bacon, Tomato, and Spinach",
Amaretto-Cranberry Kiss,https://www.epicurious.com/recipes/food/views/amaretto-cranberry-kiss-240663
Burrata Cheese with Tomato Salsa and Olive Salsa,
Chicken with Mustard Cream on Watercress,
"Radicchio, Grapefruit and Spinach Salad",
Fish and Vegetable B'stillas,
"Peach, Plum and Blackberry Cobbler",
Shabu-Shabu,
Lemon Buttermilk Chess Tartlets,
Ginger Slaw,
Mango Tartlets with Lime Curd and Tropical Nut Crust,
Coconut and Macadamia Nut Banana Breads,
Peach Praline Bombes with Peach Syrup,
"Arugula Salad With, Oranges, Pomegranate Seeds, and Goat Cheese",
"Grilled Pizza with Yellow Squash, Mozzarella, and Lemon Thyme",
Rosemary Shortbread Carlsson,
New York Strip Roast With Rosemary-Orange Crust and Herbed Butter,
Grilled Pork Chops with Cherry Relish,
Pork and Sausage Sauté,
Bacon-Balsamic Vinaigrette,
Melon with Green-Peppercorn Raspberry Sauce,
Trout Choucroute,
"Fusilli with Sun-Dried Tomatoes, Zucchini, and Peas",
Eggplant and Watercress Salad with Sesame,
Crab and Celery Remoulade,
Chocolate Cherry Cola Cake,
"Sautéed Halibut with Arugula, Roasted Beets, and Horseradish Crème Fraîche",
Whipped Sweet Potatoes with Nutmeg and Lemon,
Apple Pithivier,
Mint Tea,https://www.epicurious.com/recipes/food/views/mint-tea-51173820
Penne with Ragoût of Chili-Rubbed Short Ribs,
Wild Mushroom Strudel with Arugula Pesto,
"Toasted Barley and Asparagus ""risotto""",
Pork Pot Stickers,https://www.epicurious.com/recipes/food/views/pork-pot-stickers-236605
Cucumber-Watercress Relish,
Turkey Sweet Potato Shepherd's Pie,
Savory Streusel,
Frozen Peanut Butter Pie with Candied Bacon,
Spicy Thai Soup with Lime Shrimp,
Vegetable and Chickpea Ragout,
Lemon-Coconut Piña Colada,
Spicy Pork and Mustard Green Soup,https://www.epicurious.com/recipes/food/views/spicy-pork-and-mustard-green-soup-51210260
Rosemary Pork Chops,
Chocolate Grasshopper Ice Cream Tart,https://www.epicurious.com/recipes/food/views/chocolate-grasshopper-ice-cream-tart
Roast Salmon with Thai Red Curry and Bok Choy,
Pickled Pearl Onions,
Walnut Griddle Cakes with Orange Butter,
Two-Pepper Shrimp,
"Goat Cheese, Salami, and Tomato on Mini-Bagels",
Grilled Haloumi Cheese and Lemon,
"Flounder ""Kiev""",https://www.epicurious.com/recipes/food/views/flounder-kiev-11936
Gratin of Greens,
Grilled Meatballs with Indian-Spiced Yogurt Sauce,https://www.epicurious.com/recipes/food/views/grilled-meatballs-with-indian-spiced-yogurt-sauce-355974
Roasted Chicken Legs with Vegetables and Arugula,
Mocha Butter Balls,
Orange Cranberry Oatmeal Cookies,
Spiced Icebox Butter Cookies,
Jelly Bowl Cookies,
Smoked Turkey Sandwiches with Blue Cheese and Red Onions,
Leek-Wrapped Pompano with Roasted Beet Sauce,
Campari Citrus Cooler,
Blueberry and Orange Layer Cake with Cream Cheese Frosting,
"Beet, Ginger, and Coconut Milk Soup",
Sweet Potato Biscuits,
Brazilian Fish Stew (Moqueca Capixaba),
Fried Green Olives Stuffed with Blue Cheese,https://www.epicurious.com/recipes/food/views/fried-green-olives-stuffed-with-blue-cheese-239073
Pasta With Roasted Romanesco and Capers,
Mexican Seafood Sauté with Avocado-Mango Salsa,
Cucumber and Watermelon Salad with Hoisin-Lime Dressing,
Cucumber Soup with Wasabi-Avocado Cream,https://www.epicurious.com/recipes/food/views/cucumber-soup-with-wasabi-avocado-cream-105207
Chocolate Peppermint Stars,
"Fettuccine with Preserved Tuna, Capers, and Olives",
"Mesclun Salad with Veggies, Goat Cheese, and Crispy Garlic",https://www.epicurious.com/recipes/food/views/mesclun-salad-with-veggies-goat-cheese-and-crispy-garlic-51103600
"Sautéed Snow Peas, Sugar Snap Peas, and Pea Shoots",
Red Mole,
Verbena-Brined Pork Chops,
Chocolate-Dipped Spritz Washboards with Pistachios,
Spiced Beef Patties with Couscous,
"Summer Pasta with Olives, Roasted Peppers and Capers",
Tandoori Tilapia with Hearts of Palm Salad,https://www.epicurious.com/recipes/food/views/tandoori-tilapia-with-hearts-of-palm-salad-236365
Goan Curried Clams,
Country Captain with Cauliflower and Peas,https://www.epicurious.com/recipes/food/views/country-captain-with-cauliflower-and-peas-357529
Standing Rib Roast with Potatoes and Portobello Mushrooms,https://www.epicurious.com/recipes/food/views/standing-rib-roast-with-potatoes-and-portobello-mushrooms-13630
Pickled Sugar Snap Peas,
Dutch Chocolate-Mint Cheesecake,
Chilled Avocado and Yogurt Soup with Tomato Salsa,https://www.epicurious.com/recipes/food/views/chilled-avocado-and-yogurt-soup-with-tomato-salsa-56389458
"Tuna, Red Onion, and Parsley Salad",
Potee Lorraine,
Iced Almond Latte,
Squash Purée with Olive Oil and Lime,
Orange Soy Baby Back Ribs,
All-American Peppermint Stick Torte with Fudge Topping,
Salmon and Cucumber Pumpernickel Squares,
Chilled Pea Broth with Lemon Cream,
Roast Pork with Port Jus and Chipotle-Glazed Apples,
"Pineapple ""Lasagna""",
Fruit Cup with Lime Syrup,
Green Pea Ravioli in Lemon Broth,https://www.epicurious.com/recipes/food/views/green-pea-ravioli-in-lemon-broth-103366
Lime Syrup,
"Pink Grapefruit, Fennel, and Parmesan Salad",
"""Cocotte"" of Vegetables",
Mascarpone Cheesecake Tart with Nectarines,https://www.epicurious.com/recipes/food/views/mascarpone-cheesecake-tart-with-nectarines-13110
Pork Roast with Black Bean Sauce,https://www.epicurious.com/recipes/food/views/pork-roast-with-black-bean-sauce-733
Parmesan-Roasted Butternut Squash,https://www.epicurious.com/recipes/food/views/parmesan-roasted-butternut-squash-350608
Chicken Bone Broth,
Spicy Lemon and Paprika Aïoli,
Sweet Potato Gnocchi with Brown Butter and Sage,
Charred Spring Onion and Sesame-Chile Butter,
Back-Burner Stock,
Eggnoggin,
Pine Nut Crescents,https://www.epicurious.com/recipes/food/views/pine-nut-crescents-4005
Honey-Roasted Onion Tart,
Coffee Dacquoise Hearts,
"Striped Bass with Swiss Chard, Chestnuts, and Pomegranate Vinaigrette",https://www.epicurious.com/recipes/food/views/striped-bass-with-swiss-chard-chestnuts-and-pomegranate-vinaigrette-231286
"Lamb Chops with Red Onion, Grape Tomatoes, and Feta",
Ricotta and Spinach Tortelloni in Tomato Sauce,
Turkey Torta,https://www.epicurious.com/recipes/food/views/turkey-torta-51198840
Salmon with Lemon-Pepper Sauce and Watercress-Herb Salad,
Cantaloupe Sorbet with Melon Confetti Compote,
Braised Short Ribs with Chocolate and Rosemary,
"Chicken Roasted with Tomatoes, Potatoes, and Olives",
Beef Tenderloin with Garlic Horseradish Cream,
Honey-Glazed Peach Tart with Mascarpone Cream,https://www.epicurious.com/recipes/food/views/honey-glazed-peach-tart-with-mascarpone-cream-108473
Bourbon-Glazed Chicken Drumettes with Blue Cheese Dipping Sauce,https://www.epicurious.com/recipes/food/views/bourbon-glazed-chicken-drumettes-with-blue-cheese-dipping-sauce-357292
Roasted Shallot and Tarragon Pesto,
Scalloped Yukon Gold and Sweet Potato Gratin with Fresh Herbs,
Chipotle Tomato Salsa,
Vanilla-Scented Granola,
Wine-Braised Lamb Shanks with Herbes de Provence,
Mustard Cream Sauce,
Pico de Gallo with Lemon Zest (Pico de gallo con limón amarillo),
"Mozzarella, Tomato, and Ham Layered Sandwiches",https://www.epicurious.com/recipes/food/views/mozzarella-tomato-and-ham-layered-sandwiches-240046
Smoked Salmon with Sour Cream-Caper Sauce,
Herbed Shell Steaks with Sauteed Onions,
Lemon-Tahini Sauce,
Broccoli-Cheese Soup,
Pork with Prunes,
"Roast Chicken with Herb Butter, Onions and Garlic",
Singapore Slings,https://www.epicurious.com/recipes/food/views/singapore-slings-235050
Candied Carrot Coins,https://www.epicurious.com/recipes/food/views/candied-carrot-coins
Crème Fraîche Cheesecake with Honey-Rum-Roasted Pineapple,
Brandied Dried Cranberries and Cherries,
Avocado Toast with Tomato-Corn Salsa,https://www.epicurious.com/recipes/food/views/avocado-toast-with-tomato-corn-salsa-56389819
Layered Nacho Salad,
The Ladybug (Watermelon Drink),https://www.epicurious.com/recipes/food/views/the-ladybug-watermelon-drink-201070
Pasta With Swordfish and Cherry Tomato Sauce,
Baked French Toast with Pecan Crumble,https://www.epicurious.com/recipes/food/views/baked-french-toast-with-pecan-crumble-51205040
Apple-Pear Cobbler with Cheddar Crust,
Black Pepper Spice-Rubbed Beef Tenderloin,https://www.epicurious.com/recipes/food/views/black-pepper-spice-rubbed-beef-tenderloin-354976
Creamed Corn with Basil,
Corn Bread for Stuffing,
Spicy Tomato Barbecue Sauce,
Spring Greens with Smoked Fish and Herbed Aioli,https://www.epicurious.com/recipes/food/views/spring-greens-with-smoked-fish-and-herbed-aioli-364669
Blended Vodka Daiquiris with Lime and Mint,
Roast Pork Tenderloin with Carrot Romesco,
Sloppy Tacos,
Roast Rack of Lamb with Natural Jus,
Shrimp and Andouille Sausage Gumbo,
Broiled Salmon Steaks,https://www.epicurious.com/recipes/food/views/broiled-salmon-steaks-51255490
Blackberry-Tarragon Paletas,https://www.epicurious.com/recipes/food/views/blackberry-tarragon-paletas-51236640
Double Chocolate Raspberry Cake,
Citrus Vodka,
Pasta with Butternut Squash and Lima Beans,
Apple Torte with Breadcrumb-Hazelnut,https://www.epicurious.com/recipes/food/views/apple-torte-with-breadcrumb-hazelnut-361256
Blackberry-Mint Syrup,
Grilled Zucchini Pasta with Pecorino Walnut Crumble,https://www.epicurious.com/recipes/food/views/grilled-zucchini-pasta-with-pecorino-walnut-crumble-353667
Frozen Blackberry-Cream Pops,
Coffee-Glazed Doughnuts,https://www.epicurious.com/recipes/food/views/coffee-glazed-doughnuts-236708
Macaroni with Cream and Cheese,
Skewered Grilled Fruit with Minted Yogurt Honey Sauce,
Open-Face Chicken Burgers with Basil Mayonnaise,https://www.epicurious.com/recipes/food/views/open-face-chicken-burgers-with-basil-mayonnaise-239092
Cabbage with Shredded Pork-Chinese Style,
Classic Manhattan Clam Chowder,
Lime-Marinated Onions With Pine Nuts and Mint,https://www.epicurious.com/recipes/food/views/lime-marinated-onions-with-pine-nuts-and-mint
Fried Chickpeas and Spiced Nuts with Olives and Radishes,https://www.epicurious.com/recipes/food/views/fried-chickpeas-and-spiced-nuts-with-olives-and-radishes-240451
Gribiche Sauce,
Tapenade Butter,
Olive Focaccia with Pancetta and Onion Topping,
Mashed Potatoes with Kale,
Grape and Rosemary Focaccia,
Fresh-Herb Dumplings,
Stuffed Nanking Brined Turkey with Five Treasure Sweet Rice,https://www.epicurious.com/recipes/food/views/stuffed-nanking-brined-turkey-with-five-treasure-sweet-rice-236128
Bourbon Burnt Sugar Sauce,
Spice-Roasted Chickpeas,
Blanquette de Veau,
Pasta with Lentil Bolognese,
Dark Chocolate Ganache,
Chicken and Corn Chowder with Thyme,
Buckwheat Crepes with Honeyed Ricotta and Sautéed Plums,https://www.epicurious.com/recipes/food/views/buckwheat-crepes-with-honeyed-ricotta-and-sauteed-plums-51195420
Red Lion,https://www.epicurious.com/recipes/food/views/red-lion-200348
Carrot Soup with Sesame Seeds and Chives,
Hot Toddy Pick-Me-Up,https://www.epicurious.com/recipes/food/views/hot-toddy-pick-me-up-51264610
Gratin of Butternut Squash,
"One-Pan Roast Chicken, Fennel, and Root Vegetables",
"""Paella"" Fried Rice",
Easy Steak Sauce with Seared Hanger Steak,https://www.epicurious.com/recipes/food/views/easy-steak-sauce-with-seared-hanger-steak-51209670
Sweet Potato Stuffing with Bacon and Thyme,
"Mint, Orange, and Chile Chutney",
Berry Cobbler,
Strawberry-Watermelon Smoothie with Ginger,
Mozzarella and Prosciutto Pizza with Balsamic Onions,
Grilled Dixie Chicken with Cayenne Spice Rub,
"Escarole, Spinach, and Red Onion Salad with Anchovy Garlic Dressing",
Glazed Smoked Duck with Candied Kumquats,
Fish Soup (Brodo di Pesce),https://www.epicurious.com/recipes/food/views/fish-soup-brodo-di-pesce-51112450
Chocolate Cupcakes with Butterscotch Icing,
"Mushroom, Radish, and Bibb Lettuce Salad with Avocado Dressing",https://www.epicurious.com/recipes/food/views/mushroom-radish-and-bibb-lettuce-salad-with-avocado-dressing-101527
Plum-Glazed Turkey,
Mocha Muffins with Chocolate Chips and Pecans,
Crusty Mustard-Dill Meat Loaf,https://www.epicurious.com/recipes/food/views/crusty-mustard-dill-meat-loaf-107486
Pistachio Semifreddo,
Mango-Lime Salad,
Spirited Pumpkin Pie,
Apricot Tart with Cornmeal Crust,
Delhi-Style Yogurt-Marinated Lamb with Nut Crust,
El Majoun,
Andouille Sausage and Shrimp with Creole Mustard Sauce,
Apple and Pomegranate Tart Tartin,
Ginger-Marinated Pork Tenderloin,
Zucchini Carpaccio with Homemade Ricotta Cheese,https://www.epicurious.com/recipes/food/views/zucchini-carpaccio-with-homemade-ricotta-cheese-358198
Filet Mignon with Green Peppercorn Cream Sauce,https://www.epicurious.com/recipes/food/views/filet-mignon-with-green-peppercorn-cream-sauce-15687
"Hershey's ""Perfectly Chocolate"" Chocolate Cake",https://www.epicurious.com/recipes/food/views/hersheys-perfectly-chocolate-chocolate-cake
Fettucine with Yellow Peppers (Fettucine ai Peperoni Gialli),
Strawberry-Lemon Cream Tart,
Apricot Sauce,
Mixed Greens with Sherry-Mustard Dressing,
Spice Cookies with Raisins and Walnuts,
Smoked Trout Rillettes with Radishes and Celery,https://www.epicurious.com/recipes/food/views/smoked-trout-rillettes-with-radishes-and-celery-240688
Bourbon Creamed Corn,
Italian Fruitcakes with Frangelico Chocolate Sauce,
Molasses Cookies,https://www.epicurious.com/recipes/food/views/molasses-cookies
Blue Cheese Souffles with Grape Syrup on Fig and Walnut Brioche,https://www.epicurious.com/recipes/food/views/blue-cheese-souffles-with-grape-syrup-on-fig-and-walnut-brioche-232822
Rib-Eye Steaks in Red-Wine Sauce,
Pernod-Marinated New Zealand Mussels with Chervil Oil,https://www.epicurious.com/recipes/food/views/pernod-marinated-new-zealand-mussels-with-chervil-oil-100692
"Dean & Deluca's Tuna Sandwich with Carrots, Red Onion, and Parsley",https://www.epicurious.com/recipes/food/views/dean-delucas-tuna-sandwich-with-carrots-red-onion-and-parsley-358277
Linguine with Red Clam Sauce,
Milk Chocolate-Peanut Butter Sandwich Cookies,
Thyme-Roasted Apples and Onions,https://www.epicurious.com/recipes/food/views/thyme-roasted-apples-and-onions-355760
Baked Tomatoes Teagarden,
Cherry and Apricot Cobbler,
Porcini and Bacon Sauce,
Honeyed Red-Onion Confit,https://www.epicurious.com/recipes/food/views/honeyed-red-onion-confit-238426
Petrale Sole with Lemon-Shallot Brussels Sprouts,
Shrimp Boil With Spicy Horseradish Sauce,
Green Bean and Red Onion Salad,
"Smoked Salmon, Avocado, and Horseradish Spirals",
Marbled Chocolate and Strawberry Galettes,
"Chestnut, Prune, and Pancetta Stuffing",
Sausage and Feta Phyllo Triangles,
Green Bean Salad with Radishes and Prosciutto,
Seasonal Fruit–Herb Saladitas,
"Warm Turkey, Tomatillo, and Smoked Mozzarella Pita Sandwiches",https://www.epicurious.com/recipes/food/views/warm-turkey-tomatillo-and-smoked-mozzarella-pita-sandwiches-14066
Pork Roast with Winter Fruits and Port Sauce,https://www.epicurious.com/recipes/food/views/pork-roast-with-winter-fruits-and-port-sauce-350938
Yogurt Poppy Seed Dressing,
Grog II,https://www.epicurious.com/recipes/food/views/grog-ii-200914
Baked Apples with Candied Walnuts,
Chicken Soup with Wild Mushrooms and Herbed Matzo Balls,
Cheddar-Stuffed Mushrooms,
"Barley Soup with Greens, Fennel, Lemon, and Dill",https://www.epicurious.com/recipes/food/views/barley-soup-with-greens-fennel-lemon-and-dill-357291
"Pasta with Shrimp, Green Beans and White Beans in Red Pepper Oil",
Pizza Crust,
Oven-Roasted Spareribs with Peach Glaze,
Pea Tendrils with Crimini Mushrooms and Leeks,https://www.epicurious.com/recipes/food/views/pea-tendrils-with-crimini-mushrooms-and-leeks-231442
Brown Veal Stock,
Carrot-Banana Cake,
Creamy Basil Dressing,
Fish Cakes with Caper-Parsley Sauce,
Curried Chicken Salad,
Strawberry Crunch Bar,
Baked Fish Fillets with Spinach-Pine Nut Topping,https://www.epicurious.com/recipes/food/views/baked-fish-fillets-with-spinach-pine-nut-topping-103756
Top Sirloin Steak with Bell Pepper and Onion Sauté,
Shrimp in a Skillet with Creamy Tomato-Ouzo Sauce,
Pistachio-Filled Crescents,
Blackberry Brown-Sugar Cake,
Honeyed-Mango Chutney Sauce,
Blueberry Compote,https://www.epicurious.com/recipes/food/views/blueberry-compote
Tricolor Roasted Peppers,
"Arugula, Fennel and Orange Salad",
Mixed-Mushroom and Tarragon Gravy,
"Tomato, Pickled Onion, and Coriander Sandwiches",
Chicken in Creamy Dijon-Sherry Sauce,
Garlicky Blender Aioli,
Short Rib and Vegetable Stew,
Skirt Steak with Poblano Rajas and Zucchini,
Grilled Tomato Salsa,https://www.epicurious.com/recipes/food/views/grilled-tomato-salsa-51240210
Cranberry-Ribbon Apple Pie,
"Corn, Zucchini and Poblano Chili Sauté",
Roast Pork Loin with Shiitake and Leek Compote,
Sweet Chili Sauce,
Herb-Crusted Grilled Lamb with Apricot Relish,
"Roast Turkey with Prosciutto, Rosemary and Garlic",
Dried Figs in Red Wine,https://www.epicurious.com/recipes/food/views/dried-figs-in-red-wine-231378
Cranberry Margarita,
Minted Berry Gelees,
Angel-Hair Pasta with Fresh Tomato Sauce,
Lattice-Topped Strawberry-Rhubarb Pie,
Roasted Carrots and Parsnips,
Leeks Vinaigrette,
Tea Brack,
Gochujang-Braised Chicken and Crispy Rice,https://www.epicurious.com/recipes/food/views/gochujang-braised-chicken-and-crispy-rice
Moroccan Raw Carrot Salad,
Creamy Parmesan Polenta,
Grilled Lemon-Herb Poussins,
Sauteed Pork Chop with Sage-Cider Cream Sauce,
Broiled Eggplant with Cilantro Vinaigrette,
Watermelon Jell-O Shots,https://www.epicurious.com/recipes/food/views/watermelon-jell-o-shots
Kefta and Zucchini Kebabs,
Scallop Paella,
Coconut-Chocolate Marjolaine,
Melon Carpaccio with Lime,https://www.epicurious.com/recipes/food/views/melon-carpaccio-with-lime-51104700
Chicken Schnitzel with Anchovy-Chive Butter Sauce,
Mango and Lime Chiffon Cake,
Braised Veal Shanks with Mashed Potatoes and Tomato Onion Jus,
Brown Sugar Apricots with Vanilla Yogurt,https://www.epicurious.com/recipes/food/views/brown-sugar-apricots-with-vanilla-yogurt-106759
Buckwheat Pancakes with Smoked Salmon,
White Chicken Chili,https://www.epicurious.com/recipes/food/views/best-white-chicken-chili
Chanticleer,https://www.epicurious.com/recipes/food/views/chanticleer-200488
Singapore Sling II,
Green Salad with Miso-Ginger,https://www.epicurious.com/recipes/food/views/green-salad-with-miso-ginger-363049
Roasted Sweet Potato Purée with Lime,
Raspberry and Brown Sugar Custard Tart,
Pasta with Lentils and Kale,
Sauteed Shrimp with Coconut and Mustard,
Braised Lamb Shanks with Tomatoes and Rosemary,
Chimichurri,
Grilled Corn with Roasted Garlic Butter,
Four Flowers Juice,
Dijon and Tarragon Grilled Chicken,
Pumpkin Pie with Toffee-Walnut Topping,
Cardamom Apple Almond Cake,
Avocado Salad with Bell Pepper and Tomatoes,https://www.epicurious.com/recipes/food/views/avocado-salad-with-bell-pepper-and-tomatoes-51190610
Beef en Croûte with Coriander Walnut Filling,
Chilled Cucumber-Yogurt Soup with Radishes,
Mustard-Seed-Crusted Pork Medallions with Red Wine Sauce,https://www.epicurious.com/recipes/food/views/mustard-seed-crusted-pork-medallions-with-red-wine-sauce-236523
Venison Tenderloin with Madeira Green Peppercorn Sauce,https://www.epicurious.com/recipes/food/views/venison-tenderloin-with-madeira-green-peppercorn-sauce-109028
Winter Salad with Lemon-Yogurt Dressing,
Herbed Feta Dip,
Country-Style Tomato and Cilantro Broth,
Spiced Coffee Affogato With Vanilla Ice Cream,https://www.epicurious.com/recipes/food/views/spiced-coffee-affogato-with-vanilla-ice-cream
Charred Padrón Chiles and Squid Salad,
French Toast with Banana-Orange Filling,
Italian Strawberry Tart,
Butter Pecan Shortcakes with Ice Cream and Caramelized Pineapple and Bananas,
Chunky Almond Oil,https://www.epicurious.com/recipes/food/views/chunky-almond-oil-51170040
Salsa Mexicana,https://www.epicurious.com/recipes/food/views/salsa-mexicana-51110200
Blackberry Hand Pies,
Duck Liver Pâté,
Garlic-Roasted Striped Bass,
Minted Lamb and Sugar Snap Pea Salad,
Potato-Parsnip Latkes with Savory Applesauce,
"Pasta with Prosciutto, Peppers, and Herbs",
Gnocchi with Mushrooms and Butternut Squash,
Snow Pea and Green Bean Salad,
Jellied Apple Cranberry Sauce,
Moroccan Style Lamb and Carrots with Chickpea Purée,
Roasted Salmon with Cucumber Sour Cream,
Tarragon Crab Salad,https://www.epicurious.com/recipes/food/views/tarragon-crab-salad-243535
Spinach Jewish Style,
Coconut Bake,
Turkey Potpie with Cheddar Biscuit Crust,https://www.epicurious.com/recipes/food/views/turkey-potpie-with-cheddar-biscuit-crust-240566
Pickled Vegetables,https://www.epicurious.com/recipes/food/views/ba-syn-pickled-vegetables-recipe
Grilled Steak with Fresh Garden Herbs,
Shrimp and Grits,
Bacon-and-Egg Rice,https://www.epicurious.com/recipes/food/views/bacon-and-egg-rice-238390
Crispy Rice Cakes With Tarator Sauce,https://www.epicurious.com/recipes/food/views/crispy-rice-cakes-with-tarator-sauce
Pie Crust,
Broiled Tofu with Cilantro Pesto,
Tamarind Ginger Cooler,
"Chocolate Chunk, Orange and Hazelnut Cookies",
Ice-Tray Sushi Blocks,https://www.epicurious.com/recipes/food/views/ice-tray-sushi-blocks-239227
Smoked Salmon with Horseradish Cream,https://www.epicurious.com/recipes/food/views/smoked-salmon-with-horseradish-cream-56389552
Spicy Honey Mustard Sauce,
Butterscotch Pie with Curry Crust,
Creamed Parsley,https://www.epicurious.com/recipes/food/views/creamed-parsley-243617
Austrian Crepes,
Blarney Stone,https://www.epicurious.com/recipes/food/views/blarney-stone-200090
Beef Liver Bourguignonne,
Roasted Potatoes with Garlic,
Spicy Southern Barbeque Sauce,https://www.epicurious.com/recipes/food/views/spicy-southern-barbeque-sauce-12441
"Veal, Mushroom and Red Wine Sauce",
Tropical Sparkling Sangria,
Cheddar Shortcakes with Corned Beef Hash,
Rib-Eye Steaks with Bell Pepper and Olives,
Leek and Mushroom Gratin,
Lemon-Mustard Vinaigrette,
All-American Potato Salad,
"Lamb Sausage Patties with Fresh Mint, Feta, and Garlic",
Curried Potato and Leek Soup with Spinach,
Steamed Clams with Pasta,
Kumquat and Cranberry Compote,
Basic Flaky Pie Crust,
"Tomato, Onion, and Serrano Chile Salsa",
Herby Corn Salad,https://www.epicurious.com/recipes/food/views/herby-corn-salad-51242030
Peach and Blackberry Shortcakes with Blackberry Cream,
Lemon Cakes with Basil Lemon Syrup,
Pork Tenderloin with Maple Glaze,
White Radish Boats with Tapenade,https://www.epicurious.com/recipes/food/views/white-radish-boats-with-tapenade-101556
Grilled Herb Potatoes,
Welsh Rabbit,
Spiced Pumpkin Seed and Cashew Crunch,https://www.epicurious.com/recipes/food/views/spiced-pumpkin-seed-and-cashew-crunch-51210440
"Pan-Seared Sea Scallops with Lentils, Bacon, and Cider Reduction",
Espresso-Hazelnut Cheesecake,
Peppermint Cream-Puff Ring with Chocolate Glaze,
Crispy Fish with Sweet-and-Sour Sauce,
Pan-Glazed Fish with Citrus and Soy,
Celery Root Rémoulade and Pan-Seared Sea Scallops,
Black Cod with Olives and Potatoes in Parchment,https://www.epicurious.com/recipes/food/views/black-cod-with-olives-and-potatoes-in-parchment-242013
Asparagus and Mushroom Salad with Shaved Parmesan,
Cappuccino Brownies with White Chocolate-Espresso Sauce,
Scallop Chowder,
Kahlúa-Spiked Frozen Mocha Lattes,https://www.epicurious.com/recipes/food/views/kahlua-spiked-frozen-mocha-lattes-360236
Marsala Baked Apples,https://www.epicurious.com/recipes/food/views/marsala-baked-apples-3088
Buffalo Burgers with Pickled Onions and Smoky Red Pepper Sauce,
Pumpkin Maple Nut Bread,
Trippa alla Romana,https://www.epicurious.com/recipes/food/views/trippa-alla-romana-107811
Paprika Rice,
Quince Apple Strudels with Quince Syrup,
Star-Fruit Chips,https://www.epicurious.com/recipes/food/views/star-fruit-chips-236662
3-Ingredient Ice Box Cake,https://www.epicurious.com/recipes/food/views/3-ingredient-ice-box-cake
Chicken Pot Roast,
Roasted Sea Bass Provençale,
"Spicy Chicken, Eggplant and Red Onion Quesadillas",
"Orzo, Feta, and Tomato Salad with Marjoram Vinaigrette",
"Green Bean, Zucchini and Potato Stew",
Succotash Salad with Creamy Basil Dressing,
Alsatian-Style Apple and Cream Tart,
"Bulgur Salad with Cucumber, Dill, and Mint",
Potato Salad with Buttermilk Dressing,
Indian-Spiced Chicken Kebabs with Cilantro-Mint Chutney,
Grilled Strip Steaks with Olive-Oregano Relish,
Mocha Buttercream,
Tempering Chocolate,
Sazerac,https://www.epicurious.com/recipes/food/views/sazerac-cocktail
Braised Baby Artichokes with Red Peppers and Garlic,
Quinoa with Moroccan Winter Squash and Carrot Stew,https://www.epicurious.com/recipes/food/views/quinoa-with-moroccan-winter-squash-and-carrot-stew-233714
Bunny Hug or Earthquake,
Polenta Budino With Plum Marmellata,https://www.epicurious.com/recipes/food/views/polenta-budino-with-plum-marmellata
Cooked Raspberry Sauce,
Red Chile Salsa,
Lemon Blueberry Cupcakes With a Citrus Glaze,
Coconut Tamales,
Olive and Anchovy Stuffed Eggs,
Smoked Ham with Sweet Country Mustard Sauce,
Lemon Vodka Gimlet,
Kotleti,
"Mushroom Wraps with Spinach, Bell Peppers and Goat Cheese",
Rock Shrimp Pasta With Spicy Tomato Sauce,https://www.epicurious.com/recipes/food/views/rock-shrimp-pasta-with-spicy-tomato-sauce
Sesame Miso Vinaigrette,
Buckwheat Bacon Pancakes,
"Zucchini, Sun-Dried Tomato, and Mozarella Tart",
Key Lime Pie with Almond Crumb Crust,
Buby,
Broiled Duck Breasts with Orange Chipotle Sauce,
"Chicken, Broccoli and Fusilli in Garlic Cream Sauce",
Penne and Vegetable Gratin,
Maple-Cured Canadian Bacon,
Salzburger Nockerl,
"""Fish and Chips""",
Minted Cucumber Raita,
"Pineapple, Arugula, Macadamia Nut",https://www.epicurious.com/recipes/food/views/pineapple-arugula-macadamia-nut-358931
Creamy Rice Pudding with Tropical Fruits,
Momiji Oroshi,
"Pickled Cucumber, Squash, and Red Pepper Salad",
Pineapple-Mint Relish,
Shredded Brussels Sprout and Ricotta Toast,
Polenta Layered with Cabbage and Sausages,
Creamy Caramel Sauce,
Roasted Pork Tenderloin with Sage Corn Bread Crust,
"Fish Tagine with Tomatoes, Capers, and Cinnamon",https://www.epicurious.com/recipes/food/views/fish-tagine-with-tomatoes-capers-and-cinnamon-240945
Pizza Dough Rounds,
Milk Chocolate Peanut Butter Sauce,
Jalapeño and Lime–Marinated Skirt Steak Tacos,https://www.epicurious.com/recipes/food/views/jalapeno-and-lime-marinated-skirt-steak-tacos
Cauliflower Cheddar Gratin with Horseradish Crumbs,
"Clay Pot Chicken with Dates, Sucuk and Bulgur",
Panfried Tofu on Sesame Watercress with Soy-Orange Dressing,
Beef Filé Gumbo,
Corn on the Cob with Shallot-Thyme Butter,
Rum Fizz,
Mussels à la Plancha,
Spiced Rum and Tea Punch,
Apple and Raisin Slaw,
Cranberry Sauce with Port and Cinnamon,
Chocolate Chip Oatmeal Cookies,
Pomegranate Mimosas,
Cheddar Crisps with Roasted Grape Relish,https://www.epicurious.com/recipes/food/views/cheddar-crisps-with-roasted-grape-relish-232777
"Octopus and Ceci Bean Zuppa with Escarole, Garlic, and Chiles",
Mini Zucchini and Goat Cheese Tarts,https://www.epicurious.com/recipes/food/views/mini-zucchini-and-goat-cheese-tarts-242506
Chili-Baked Ribs,
Gnocchi,
Homemade Ranch Dressing,
Spicy Lamb Pizza With Parsley–Red Onion Salad,https://www.epicurious.com/recipes/food/views/spicy-lamb-pizza-with-parsleyred-onion-salad
Cornmeal Waffles with Currant-Maple Sauce,https://www.epicurious.com/recipes/food/views/cornmeal-waffles-with-currant-maple-sauce-56389722
"Salmon with Arugula, Tomato and Caper Sauce",
Nectarine Lime Curd Tart with a Brown-Sugar Crust,
Key Lime Mousse,
Chiles Anchos Rellenos de Queso (Cheese-Filled Ancho Chiles),https://www.epicurious.com/recipes/food/views/chiles-anchos-rellenos-de-queso-cheese-filled-ancho-chiles-51110430
Pumpkin Ginger Rice Pudding,
Orange Flans with Candied Zest,https://www.epicurious.com/recipes/food/views/orange-flans-with-candied-zest-11304
Sorrel Vichyssoise,
Sticky Rice Stuffing with Chinese Sausage and Shiitakes,https://www.epicurious.com/recipes/food/views/sticky-rice-stuffing-with-chinese-sausage-and-shiitakes-51252600
Spicy Grilled Shrimp with Rice and Mango Salad and Sesame Sugar Snap Peas,
Fresh Pineapple Upside-Down Cake,https://www.epicurious.com/recipes/food/views/fresh-pineapple-upside-down-cake-recipe
"Feta, Spinach, and Basil Omelette Muffins",https://www.epicurious.com/recipes/food/views/feta-spinach-and-basil-omelette-muffins
Chicken Long Rice,
Roast Quail with Fresh Figs,
"Spinach, Prosciutto and Red Bell Pepper Crostini",
Brussels Sprouts and Onions with Dill,
American Caviar with Crispy Yukon Gold Potato Pancakes,
Pasta With 15-Minute Meat Sauce,
Green-Onion Risotto,
Potato Corn Chowder,
"Tomato Toast with Peaches, Mozzarella, and Mint",
Pasta with Shrimp and Basil Vinaigrette,
Blueberry Cheesecake Bars,
Bucatini with Sausage and Peppers,
"Potato, Green Bean, and Corn Salad",
Manchego Cheese and Garlic Dogs,
"Sumo Stew (Chanko Nabe) With Shrimp, Meatballs, and Bok Choy",
"Udon with Mushroom Broth, Cabbage, and Yams",
Hot Pepper and Garlic Shrimp,
Minted Pea Purée,
"Pasta with Sun-Dried Tomatoes, Olive, and Goat Cheese",
Cremini Meringue Mushrooms,https://www.epicurious.com/recipes/food/views/cremini-meringue-mushrooms-51142220
"Tomato, Cucumber and Guacamole Sandwiches",
"Chicken and Parsnip ""Fries"" with Spicy Vinegar",https://www.epicurious.com/recipes/food/views/chicken-and-parsnip-fries-with-spicy-vinegar-241485
"Ginger, Coconut and Papaya Tart",
Tandoori Chicken Salad,
The New York Sour,
Grilled Tuna with Herbed Aïoli,
Creamed Spinach Dip,
Baked Ziti with Spinach and Tomatoes,
Spiced Fritters with Maple-Vanilla Syrup,https://www.epicurious.com/recipes/food/views/spiced-fritters-with-maple-vanilla-syrup-231315
Maurice,https://www.epicurious.com/recipes/food/views/maurice-200510
Five-Spice Tofu Stir-Fry with Carrots and Celery,https://www.epicurious.com/recipes/food/views/five-spice-tofu-stir-fry-with-carrots-and-celery-238275
Stuffed Chicken Breasts with Rosemary-Orange Dressing,https://www.epicurious.com/recipes/food/views/stuffed-chicken-breasts-with-rosemary-orange-dressing-359355
Shrimp and Pea Risotto,
Stout Floats with Cocoa Syrup,
Guacamole Tacos with Tomatillo and Steak Sauce,
Sauteed Swiss Chard with Sliced Garlic,
Pancetta Crisps with Goat Cheese and Pear,https://www.epicurious.com/recipes/food/views/pancetta-crisps-with-goat-cheese-and-pear-231265
Mustard Aioli-Grilled Potatoes with Fines Herbes,https://www.epicurious.com/recipes/food/views/mustard-aioli-grilled-potatoes-with-fines-herbes-51166800
Tomatoes Stuffed with Fresh Mozzarella and Basil,
Beef Brisket with Pearl Onions and Baby Carrots,
Butternut Squash and Hazelnut Lasagne,
Ginger Souffles with Chocolate Sabayon,
Sidecar,https://www.epicurious.com/recipes/food/views/sidecar
Horseradish Dunk,https://www.epicurious.com/recipes/food/views/horseradish-dunk-360810
Waldorf Salad with Cranberries and Pecans in Radicchio Cups,https://www.epicurious.com/recipes/food/views/waldorf-salad-with-cranberries-and-pecans-in-radicchio-cups-107265
Chicken Vegetable Soup with Ginger,
Filipino Adobo-Style Cornish Hens Lapid,
"Cucumber, Buffalo Mozzarella, and Farro Salad",https://www.epicurious.com/recipes/food/views/cucumber-buffalo-mozzarella-and-farro-salad-352313
Beer Can Chicken,
Rosemary-Roasted Turkey with Gravy,
Frozen Plum Souffles with Cardamom-Plum Sauce,https://www.epicurious.com/recipes/food/views/frozen-plum-souffles-with-cardamom-plum-sauce-2006
Sour Cream and Herb Muffins,
Roasted Portobello and Prosciutto Lasagna,
Honey Almond Granola,
Red Wine Sauce,
Blackberry Buttermilk Panna Cottas with Blackberry Compote,https://www.epicurious.com/recipes/food/views/blackberry-buttermilk-panna-cottas-with-blackberry-compote-231818
Chipotle-Tomatillo Sauce,https://www.epicurious.com/recipes/food/views/chipotle-tomatillo-sauce-51112770
Pineapple-Mint Mojito,https://www.epicurious.com/recipes/food/views/pineapple-mint-mojito-51160820
"Swiss Chard, Raisin, and Pine Nut Tart",
Ginger Cranberry Sauce,
Asparagus Goat Cheese Bruschetta with Porcini Vinaigrette,https://www.epicurious.com/recipes/food/views/asparagus-goat-cheese-bruschetta-with-porcini-vinaigrette-365217
Ginger Crème Anglaise,https://www.epicurious.com/recipes/food/views/ginger-creme-anglaise-14596
Salmon and Rice Wrapped in Pastry with Dill Sauce,
Avocado Quesadillas,
Strawberry Passion-Fruit Sables,https://www.epicurious.com/recipes/food/views/strawberry-passion-fruit-sables-109550
Chick-Peas and Swiss Chard,
Vegetarian Dipping Sauce,https://www.epicurious.com/recipes/food/views/vegetarian-dipping-sauce-350824
Chocolate Walnut Biscotti,
Blueberry Blackberry Spice Syrup,
Hashed Brown Potato Cakes with Fried Eggs,
Pineapple Paletas,
Raw Tomatillo Salsa,
Chorizo-Lemon Butter,https://www.epicurious.com/recipes/food/views/chorizo-lemon-butter-51241480
Maple Mustard Sauce,
Mediterranean Tuna and Radish Salad,
Roasted Corn and Edamame Salad,
Roasted Green Beans and Radicchio with Garlic,
Individual Rhubarb and Orange Crumbles,
Mashed Potatoes with Sage and White Cheddar Cheese,
Mexican Shrimp Cocktail,
Grilled Eggplant with Lebneh,
Smoked-Salmon and Cucumber Rolls,
Banana Espresso Bread Pudding,
Potato Salad with Mustard Vinaigrette,
Lemon-Cassis Martini,
Frisée and Celery Salad with Toasted Fennel-Seed Dressing,
"Skirt Steak with Haricots Verts, Corn, and Pesto",
Chocolate Crunch Layer Cake with Milk Chocolate Frosting,
Roasted Baby Vegetables,
Pimiento BLTs,https://www.epicurious.com/recipes/food/views/pimiento-blts-51252540
"Watercress, Pear and Walnut Salad with Poppy Seed Dressing",
Seared Coriander Scallops with Bok Choy and Hoisin,
"Fettuccine with Prosciutto, Peas and Lemon-Chive Sauce",https://www.epicurious.com/recipes/food/views/fettuccine-with-prosciutto-peas-and-lemon-chive-sauce-101167
Beef and Mushroom Stew,
Butterscotch Sauce,
Stewed Potatoes and Green Beans with Tomatoes,
Italian Fig Cookies,
Brunswick Stew,https://www.epicurious.com/recipes/food/views/brunswick-stew-241201
Coleslaw with Apple and Yogurt Dressing,https://www.epicurious.com/recipes/food/views/coleslaw-with-apple-and-yogurt-dressing-51104610
Olive-Stuffed Chicken with Almonds,
Trio of Marinated Goat Cheeses,
Italian Sausage and Parmesan Cheese Stuffing,
Dried Fig Souvlaki,
Seared Scallops and Asparagus with Asian Cream Sauce,
Lemony Yogurt Sauce,https://www.epicurious.com/recipes/food/views/lemony-yogurt-sauce
Beef and Bacon Meatloaf,
Orange Whole-Wheat French Toast,
Walnut Bread,
Tunisian Soup with Chard and Egg Noodles,https://www.epicurious.com/recipes/food/views/tunisian-soup-with-chard-and-egg-noodles-351436
Roasted Butternut Squash with Balsamic Vinegar,
Beurre Blanc,https://www.epicurious.com/recipes/food/views/beurre-blanc-sauce
Black Pepper-Crusted Standing Rib Roast au Jus,
"Nika Hazleton's Penne with Tomato, Eggplant, and Anchovy Sauce",https://www.epicurious.com/recipes/food/views/nika-hazletons-penne-with-tomato-eggplant-and-anchovy-sauce-5104
Banana-Pecan Ice Cream Bread,https://www.epicurious.com/recipes/food/views/banana-pecan-ice-cream-bread
Apple and Persimmon Tarte Tatin,
"Uncooked Cranberry, Orange, and Ginger Relish",
Watermelon and Grapefruit Agua Fresca,https://www.epicurious.com/recipes/food/views/watermelon-and-grapefruit-agua-fresca-395950
Bacon and Lettuce Salad,
Pecan Macaroon and Fig Tart,
Tomato-Watermelon Salad with Feta and Toasted Almonds,
Fresh Pineapple Sherbet,
Chicken and Bell Pepper with Onion Confit,https://www.epicurious.com/recipes/food/views/chicken-and-bell-pepper-with-onion-confit-105555
Chile-Thyme Spice Mix,https://www.epicurious.com/recipes/food/views/chile-thyme-spice-mix-366692
Orange and Soy-Glazed Baby Back Ribs,
Sweet-Potato Hash,
Spicy Glazed Scallops on Cucumber Disks,
Cauliflower Salad with Olives and Capers,
"Sweet Potato, Onion, and Apple Gratin",
Korean-Style Grain Bowls With Spicy Marinated Steak,
Zombie II,
Grilled Butterflied Leg of Lamb with Tomato-Fennel Vinaigrette,
Ham and Swiss Puff-Pastry Quiche,
Farmhouse Butternut Squash Soup,
Great Gazpacho,
Radicchio Salad with Spanish Blue Cheese and Peppered Almonds,
Grilled Pork Tenderloin à la Rodriguez with Guava Glaze and Orange Habanero,https://www.epicurious.com/recipes/food/views/grilled-pork-tenderloin-a-la-rodriguez-with-guava-glaze-and-orange-habanero-234838
Corn and Cheese Soft Tacos,
"Black Bean, Spinach, and Mushroom Burritos",
Pan-Cooked Bass with Dill and Cucumber,
Grilled Lamb with Horseradish-Mint Sauce,
Grilled Moroccan Chicken with Curried Couscous,
Gaga Filling,https://www.epicurious.com/recipes/food/views/gaga-filling-235430
Tomato Salad with Red Onion and Herbs,
Spiced Red Zinger Rum Punch,
Mozzarella and Tomato Sauce Omelets,
Irish Pub Salad,https://www.epicurious.com/recipes/food/views/irish-pub-salad-1929
Swordfish Souvlaki,
Green Bean Amandine,
Coctel Veracruzana,
Tortilla Soup,
Herbed Lamb with Mint Shallot Sauce and Rutabaga Purée,https://www.epicurious.com/recipes/food/views/herbed-lamb-with-mint-shallot-sauce-and-rutabaga-puree-1966
Peanut Dacquoise with Peanut Butter Mousse,
Plantain Picadillo Pie with Cheese,
Eggplant Kuku,
Rib Eye With Bone Marrow and Radish Salad,https://www.epicurious.com/recipes/food/views/rib-eye-with-bone-marrow-and-radish-salad-56390117
Spiced Pumpkin Phyllo Pie,
Japanese Beef Stew,
Sauteed Okra with Tomato and Corn,
Fettuccine Quatro Formaggi,
"Potato, Italian Sausage, and Arugula Salad",
"Kale, Tomato, and Lemon Magic One-Pot Spaghetti",
Gimlet,https://www.epicurious.com/recipes/food/views/gimlet
"Caper, Raisin, and Lemon Pesto",https://www.epicurious.com/recipes/food/views/caper-raisin-and-lemon-pesto-14598
Broncbuster's Barbecue Sauce,
Chocolate Bread Pudding,
Potlikker Noodles with Mustard Greens,https://www.epicurious.com/recipes/food/views/potlikker-noodles-with-mustard-greens-388666
Romaine with Parmesan Dressing,
Apricot-Raspberry Pie with Hazelnut Streusel Topping,https://www.epicurious.com/recipes/food/views/apricot-raspberry-pie-with-hazelnut-streusel-topping-103535
"Ginger Shrimp, Sugar Snap Pea, and Corn Stir-Fry",
Grilled Pizza Crust,
Coconut Spinach Snapper,
Chive-Goat Cheese Spread,
Mint Chocolate Soufflé Crepes,https://www.epicurious.com/recipes/food/views/mint-chocolate-souffle-crepes-11766
Herbed Spiced Nuts,
"Hearty Rutabaga, Turnip, and Carrot Soup",https://www.epicurious.com/recipes/food/views/hearty-rutabaga-turnip-and-carrot-soup-4637
Braised Cauliflower with Curry and Yogurt,
Maple-Glazed Yams with Pecan Topping,
Country-Style Pork Ribs With Bourbon and Coke BBQ Sauce,
Shrimp and Veggie Stir-Fry,
"Cod with Mussels, Chorizo, Fried Croutons, and Saffron Mayonnaise",https://www.epicurious.com/recipes/food/views/-cod-with-mussels-chorizo-fried-croutons-and-saffron-mayonnaise-355204
Apple Fritters with Orange Glaze,
Parmesan Puffs,
Yangzhou Fried Rice,
"Bruschetta with Rosemary, Roasted Plum Tomatoes, Ricotta and Prosciutto",https://www.epicurious.com/recipes/food/views/bruschetta-with-rosemary-roasted-plum-tomatoes-ricotta-and-prosciutto-360252
Gruyère Potato Gratin,
Grilled Sirloin Steaks with Blue Cheese-Walnut Butter,https://www.epicurious.com/recipes/food/views/grilled-sirloin-steaks-with-blue-cheese-walnut-butter-2274
Pasta Shells with Summer Vegetable Sauce,
"Chicken Breasts with Wild Mushrooms, Marjoram, and Marsala",
Shrimp Tikka with Fresh Mango Chutney,
Banana Bread with Chocolate Chips and Walnuts,
Corn Pudding,
Walnut and Coffee Tart with Coffee Cream,
The Crunchiest Vegetable Salad,https://www.epicurious.com/recipes/food/views/the-crunchiest-vegetable-salad
Parmesan Breads with Tomato and Onions,
Spanish Trail Mix,https://www.epicurious.com/recipes/food/views/spanish-trail-mix-363089
Bitter Orange Kindler,
Lattice-Crust Pear Pie,
Pear Maple Johnnycake,https://www.epicurious.com/recipes/food/views/pear-maple-johnnycake-241521
Tomato Sauce,
Three-Cheese Fondue with Tomato Onion Chutney,https://www.epicurious.com/recipes/food/views/three-cheese-fondue-with-tomato-onion-chutney-10318
Cajun-Spiced Turkey,https://www.epicurious.com/recipes/food/views/cajun-spiced-turkey-368270
Citrus-Sage Roast Turkey with Gravy: Large Crowd,
Sea Breeze II,
"Sonoran Hot Dogs With Bacon, Pico de Gallo, and Avocado",
Lettuce Soup,https://www.epicurious.com/recipes/food/views/lettuce-soup-231995
Green Tomato and Red Onion Relish,https://www.epicurious.com/recipes/food/views/green-tomato-and-red-onion-relish-350117
Beer-and Onion-Braised Chicken Carbonnade,https://www.epicurious.com/recipes/food/views/beer-and-onion-braised-chicken-carbonnade-351033
King of Snake Cocktail,https://www.epicurious.com/recipes/food/views/king-of-snake-cocktail-351543
Orange Rum Caramel Sauce,
Grilled Potato Salad with Cornichons and Dill,
Cream Cheese Hamantaschen,
Stuffed Baked Potatoes with Horseradish Cream,
Kale and White Bean Soup,
Ginger Tea,
Panfried Tofu with Oriental Garlic Sauce,
Melon and Prosciutto Risotto,
Puff Pastry Pinwheels with Candied Fruit,https://www.epicurious.com/recipes/food/views/puff-pastry-pinwheels-with-candied-fruit-108979
"Farfalle with Butternut Squash, Mushrooms and Spinach",
Chicken With Kale and Freekeh-Lentil Pilaf,
Cranberry Sauce with Dried Cherries and Red Onion Jam,
Sesame Carrots,
Seared Tuna with Green Onion-Wasabi Sauce,
"Onion, Tomato, and Olive Pizzas",
Chocolate-Strawberry Ganache,
Wild Rice Stuffing with Wild Mushrooms,
Fig-Braised Chicken with Spiced Walnuts,
Parmesan Chicken Cutlets,
"Roasted Potatoes, Shallots, and Kale with Caramelized Garlic Dressing",https://www.epicurious.com/recipes/food/views/roasted-potatoes-shallots-and-kale-with-caramelized-garlic-dressing-13290
"Bruschetta with Goat Cheese, Roasted Pepper, and Basil",https://www.epicurious.com/recipes/food/views/bruschetta-with-goat-cheese-roasted-pepper-and-basil-105147
Clementines in Ginger Syrup,
Garlic Rosemary-Marinated Lamb Chops,
Tricked-Up Brisket Rub,
Shrimp and Noodle Stir Fry,
Pan-Seared Tilapia with Chile Lime Butter,https://www.epicurious.com/recipes/food/views/pan-seared-tilapia-with-chile-lime-butter-108343
Shrimp Sates with Greek Garlic Sauce,
Grapefruit with Chile and Rosemary,https://www.epicurious.com/recipes/food/views/grapefruit-with-chile-and-rosemary-51209810
Pork and Pumpkin Stew,
Marinated Leg of Lamb,
Turkey Giblet Gravy,
Curried Chili Shrimp,
Pork Tenderloin with Spiced Rhubarb Chutney,
Frangipane Tart with Strawberries and Raspberries,
Spring Greens with Roasted Beets and Blood Oranges,
Frozen Lemon Cream Meringue Cake,
Classic Posole,
Pasta and Cauliflower Soup Federica,
Roasted Monkfish with Fennel-Saffron Compote,https://www.epicurious.com/recipes/food/views/roasted-monkfish-with-fennel-saffron-compote-4617
Gingered Lemon Almond Squares,
English Pea Hummus,
Pepper-Crusted Steak with Horseradish Cream on Grilled Garlic Crostini,https://www.epicurious.com/recipes/food/views/pepper-crusted-steak-with-horseradish-cream-on-grilled-garlic-crostini-231150
Root Vegetable Tarte Tatin,https://www.epicurious.com/recipes/food/views/root-vegetable-tarte-tatin-51263490
Tamarind-Glazed Black Cod with Habanero-Orange Salsa,
Chocolate-Nut Tart with Dried Fruit,
Chipotle Cheese Fondue,
Whiskey Flip,
Mussels with Roasted Potatoes,
Roasted Cauliflower with Onions and Fennel,
Streusel Küchen,
Raspberry Mint Vinegar,
Mahogany Beef Stew with Red Wine and Hoisin Sauce,
Green Onion-Jalapeño Cornbread,
Salmon Hash with Horseradish-Dill Cream,
Rice Flaked Red Snapper with Roasted Chile Sauce,https://www.epicurious.com/recipes/food/views/rice-flaked-red-snapper-with-roasted-chile-sauce-235712
Green Bean and Red Onion Salad with Radish Dressing,
Mushroom Sauté with Goat Cheese Crostini,
Corn-Jalapeño Fritters,https://www.epicurious.com/recipes/food/views/corn-jalapeno-fritters-51242020
"Chocolate Fondue with Candied Orange Peel, Raspberries, and Almond Macaroons",https://www.epicurious.com/recipes/food/views/chocolate-fondue-with-candied-orange-peel-raspberries-and-almond-macaroons-237187
Lemon Coleslaw,
Smoked Oyster and Potato Salad with Arugula,https://www.epicurious.com/recipes/food/views/smoked-oyster-and-potato-salad-with-arugula-102928
"Tomato, Cucumber, and Pita Salad",
Barbecued Ribs with Corn and Black-Eyed-Pea Salad,
Couscous with Fresh Cilantro and Lemon Juice,https://www.epicurious.com/recipes/food/views/couscous-with-fresh-cilantro-and-lemon-juice-356752
Tropical Fruit Fantasy,
Fresh Oranges with Spiced Red Wine Syrup,
Old-Fashioned Butterscotch Pudding,
Grilled Coconut Poundcake Sundaes With Tropical Fruit,
Peach-Amaretto Sundaes,
Plum Applesauce,
Strawberry-Rhubarb Shortcakes,
Flaky Pie Crust Dough,
Four-Layer Pumpkin Cake with Orange-Cream Cheese Frosting,
Cornmeal Buttermilk Waffles Nesbitt,
Lemon Lime Curd,
"Sausage, Sourdough, and Bell Pepper Spiedini",
Fish Cakes with Shrimp and Smoked Salmon,
"Piña Colada Mousses with Almond Tuiles, Coconut Sauce, and Rapberry Coulis",https://www.epicurious.com/recipes/food/views/pina-colada-mousses-with-almond-tuiles-coconut-sauce-and-rapberry-coulis-101449
Candied Cashews,
Rosemary Cookies with Tomato Jam,
Gratin Dauphinoise (Scalloped Potatoes),
Shrimp de Jonghe,https://www.epicurious.com/recipes/food/views/shrimp-de-jonghe-105510
Shrimp and Mushroom Quinoa Risotto,
Shredded Beef Flautas,
Couscous and Feta Stuffed Peppers,
Sirloin Steak with Tomato and Cilantro Sauce,
Black Bottom Oatmeal Pie,https://www.epicurious.com/recipes/food/views/black-bottom-oatmeal-pie-51257320
Tarragon Mayonnaise,
Tea Bread with Vine Fruit and Pine Nuts,https://www.epicurious.com/recipes/food/views/tea-bread-with-vine-fruit-and-pine-nuts-103244
"Grilled Sweet Potatoes, Onion, and Bell Pepper with Thyme Vinaigrette",
Chicken Vesuvio,
Toasted Pita Thins,
Bourbon Cranberry Sauce,
"Cavatappi with Tomatoes, Arugula, and Ricotta",https://www.epicurious.com/recipes/food/views/cavatappi-with-tomatoes-arugula-and-ricotta-56389794
Cedar Planked Salmon with Maple Glaze and Mustard Mashed Potatoes,
Chocolate-Almond Soufflé Torte,
Banana Cream Pie with Salty Bourbon Caramel,
Chilaquiles in Chipotle Sauce,
Quinoa and Bulgur Salad with Feta,
"Red Cabbage, Blue Cheese, and Walnut Empañadas",https://www.epicurious.com/recipes/food/views/red-cabbage-blue-cheese-and-walnut-empanadas-104136
Stir-Fried Sesame Baby Bok Choy,https://www.epicurious.com/recipes/food/views/stir-fried-baby-bok-choy
Beer-Simmered Grilled Sausages,
Halibut Fish Sticks with Dill-Caper Tartar Sauce,
Asian Chicken Hot Pot with Sesame and Garlic Dipping Sauces,https://www.epicurious.com/recipes/food/views/asian-chicken-hot-pot-with-sesame-and-garlic-dipping-sauces-350887
Lamb Burgers in Pita with Yogurt Sauce,
Chocolate Cream Pie,https://www.epicurious.com/recipes/food/views/easy-chocolate-pie
Do-Ahead Turkey Stock,
Crunchy Chicken Salad,
Beef Cheeks Braised in Red Wine with Orange Zest (Joues de Boeuf aux Agrumes),https://www.epicurious.com/recipes/food/views/beef-cheeks-braised-in-red-wine-with-orange-zest-i-joues-de-boeuf-aux-agrumes-i-243635
Mashed Kohlrabi With Brown Butter,https://www.epicurious.com/recipes/food/views/mashed-kohlrabi-with-brown-butter
Grilled Rib-Eyed Steaks with Béarnaise Butter,
Red-Braised Pork (Hong Shao Rou),
Cold Asian Noodle Salad with Chicken and Cucumbers,
Pineapple and Cardamom Chicken with Mint,https://www.epicurious.com/recipes/food/views/pineapple-and-cardamom-chicken-with-mint-238280
Asparagus Green Onion Sauté,
Deviled Ham and Pickle Sandwiches,https://www.epicurious.com/recipes/food/views/deviled-ham-and-pickle-sandwiches-352286
Peanut Butter Chocolate Chip Breads,
Chicken and Mashed Potatoes with Herb-Roasted Tomatoes and Olive Broth,https://www.epicurious.com/recipes/food/views/chicken-and-mashed-potatoes-with-herb-roasted-tomatoes-and-olive-broth-108577
"Caramelized Pistachio, Walnut, and Almond Tart",
Sausage Stew,
Cherry-Apricot Yogurt Sundaes,
Poached Pears with Quince Paste in Parmesan Cloaks,https://www.epicurious.com/recipes/food/views/poached-pears-with-quince-paste-in-parmesan-cloaks-231012
Caramelized Bananas and Vanilla Cream in Phyllo Cups,
Southern Fried Chicken with Country Gravy,
Parchment-Baked Sea Bass with Morels and Red Wine Sauce,
Silver Palate Sour Cream Apple Pie,
Rob Roy I,
Sour Cream Ice Cream,
Spicy Soy Glaze,
"Smoked Turkey, Blue Cheese, and Red Onion Sandwiches",
Rösti with Black Forest Ham and Chives,https://www.epicurious.com/recipes/food/views/rosti-with-black-forest-ham-and-chives-104685
Egg Curry with Tomatoes and Cilantro,https://www.epicurious.com/recipes/food/views/egg-curry-with-tomatoes-and-cilantro
Roasted Parsnips and Butternut Squash,
Flourless Chocolate-Orange Almond Cake,
Toasted-Garlic Rice with Fresh Herbs and Lime,
Roasted Chicken Legs with Jalapeño and Tomato,
Boiled Dressing,
Fennel Cucumber Relish,
Fall Fruits and Vegetables,
Salmon with Sesame-Peppercorn Crust,
Pineapple Rum Cocktails,
Dill Sauce,
Mustard-Horseradish Sauce,
Chinese Braised Pork with Cellophane Noodles,
Watermelon and Feta Salad,
Rosemary and Garlic Roasted Potatoes,https://www.epicurious.com/recipes/food/views/rosemary-and-garlic-roasted-potatoes-357469
Brown Oatmeal Soda Bread,
Banana Orange Crepes,
Vine Leaf-Wrapped Sheep's-Milk Ricotta with Fennel and Olives,https://www.epicurious.com/recipes/food/views/vine-leaf-wrapped-sheeps-milk-ricotta-with-fennel-and-olives-15694
Eggs Florentine Plus,
Lentil Soup Kuppin,
Cranberry-Pear Crumble,
Toasted Rice Powder,
Fluffy Baked Eggs with Roasted-Vegetable Hash,
Chocolate-Amaretti Tortes,https://www.epicurious.com/recipes/food/views/chocolate-amaretti-tortes-109273
Fruit Salad Buffet,
"Pasta with 15-Minute Ham, Pea, and Cream Sauce",
Fettucine Carbonara with Fried Eggs,https://www.epicurious.com/recipes/food/views/fettucine-carbonara-with-fried-eggs-351015
Roast Beef Vegetable Hash,
"Chicken Fricassée with Carrots, Mustard Greens and Avgolemono Sauce",
Mashed Potatoes with Caramelized Garlic and Parsnips,
Chawan Mushi with Shrimp and Spring Peas,
Grilled Gazpacho Salad with Shrimp,
Curly Endive and Apple Smoked Bacon Salad,
Mustard Aspic,
Potato Latkes,
Grilled Tuna and Mango Salad,
"Chocolate, Cinnamon, and Hazelnut Thumbprints",
Crab and Cucumber Pastries with Mustard Sauce,
Ginger Scallion Egg-Drop Soup,
Cranberry-Teriyaki Glaze,https://www.epicurious.com/recipes/food/views/cranberry-teriyaki-glaze-236607
Chocolate Soufflé,
Lemon Cream Cheese Frosting,
Squid and Pork Noodle Salad,
Pork Scaloppine with Sun-Dried Tomatoes and Rosemary,
Rum-Punch Granita,
"Chinese-Hawaiian ""Barbecued"" Ribs",
Mango-Banana Cake,
Chicken Fajitas,https://www.epicurious.com/recipes/food/views/chicken-fajitas
Cajun Seafood Pasta,
Stuffed Rolled Tortillas,
Pear and Pumpkin Pie,
Wild Turkey Glazed Ribs,
Chicken-Fried Steak with Sausage Gravy,
Glazed Strawberry Pie,
Brandy Cobbler,
Baked Chicken with Barbecue Sauce,
Pig in a Haystack,https://www.epicurious.com/recipes/food/views/pig-in-a-haystack-2533
Mussels with Thai Red Curry,
Turkey Chopped Salad with Spicy Avocado Dressing,
Beets with Mint and Yogurt,
"Oatmeal, Date, Pecan and Chocolate Chip Cookies",
"Cocoa Meringue Baskets with Nectarines, Berries, and Cream",
Cuban Grilled Pork (Lechon Asado),
Lemon Pepper Dressing,
Kingston II,
Caribbean Coconut Curry Sauce,
Apple-Clove Butter,
Sauce Gribiche,
Spicy Straw Potatoes,
Cream of Tomato Soup with Souffléed Cheese Toasts,
Lamb Chops with Spicy Peanut Sauce,
Blue Claw Crab Boil with Asian Condiments,
"Conch Salad, Man!",https://www.epicurious.com/recipes/food/views/conch-salad-man-51138800
Cardamom Spice Blend,
Chocolate-Pistachio Torte with Warm Chocolate Ganache,
Ham and Cheese Griddle Cakes,
Herbed Balsamic Chicken with Blue Cheese,https://www.epicurious.com/recipes/food/views/herbed-balsamic-chicken-with-blue-cheese-353397
Karo Classic Pecan Pie,https://www.epicurious.com/recipes/food/views/karo-classic-pecan-pie
Currant Scones,
"Pierogies with Tomatoes, Browned Onions, and Dill",https://www.epicurious.com/recipes/food/views/pierogies-with-tomatoes-browned-onions-and-dill-240277
Scalloped Turkey,
Quick Plum Preserves,
Braised Lamb Shanks with Caramelized Onions and Shallots,
Brussels Sprouts with Shallots and Wild Mushrooms,
Garden Vegetable Enchiladas,
Double Peach Mousse,
"Poached Eggs with Mushroom, Tamarillo, and Sage",https://www.epicurious.com/recipes/food/views/poached-eggs-with-mushroom-tamarillo-and-sage-56389537
Passion Fruit Champagne Cocktail,
Raspberry Tart May,
Penne with Vegetables and Olives,
"Charred Octopus with Peach, Arugula and Aged Balsamic",https://www.epicurious.com/recipes/food/views/charred-octopus-with-peach-arugula-and-aged-balsamic-362230
Roasted Hot-Honey Shrimp With Bok Choy and Kimchi Rice,
Marinated Flank Steak,
Banana Rum Ice Cream,
Potato and Celery Root Mash,
Harvest Pear Crisp with Candied Ginger,https://www.epicurious.com/recipes/food/views/harvest-pear-crisp-with-candied-ginger-355830
Barbecue-Spiced Grilled Tenderloin Steaks,
"Cheddar, Bacon, and Scallion Soufflé",
Deep-Dish Apple Pie with Cheddar Crust,
Mixed Greens and Fruit with Mustard Dressing,
Prosciutto with Melon,
Fried Rice with Pork and Kale,
Fennel-Dusted Chicken with Brown Butter and Capers,https://www.epicurious.com/recipes/food/views/fennel-dusted-chicken-with-brown-butter-and-capers-355476
Cranberry Quince Chutney,
Roasted Pork Tenderloin with Apples,
Couscous Salad with Corn and Red Bell Pepper,https://www.epicurious.com/recipes/food/views/couscous-salad-with-corn-and-red-bell-pepper-13026
Pasta with Tomatoes and Goat Cheese,
Fennel and Endive Salad with Orange Vinaigrette,
Chinese Orange Chicken,
Maple Pumpkin Pie,
Minted Turkish Delight Marinade,https://www.epicurious.com/recipes/food/views/minted-turkish-delight-marinade-675
Sputnik,https://www.epicurious.com/recipes/food/views/sputnik-200454
Red-Wine Marinated Fried Chicken with Onions,
Garbanzo Bean Soup with Saffron,
Grilled Goat Cheese with Fig Preserves,
Carrot Cake with Maple-Cream Cheese Icing,
Beef Tenderloin with Spring Vegetables,
Mixed-Herb Pasta with Red Bell Peppers and Feta,
Beer-Can Chicken,https://www.epicurious.com/recipes/food/views/beer-can-chicken-51175350
Perfect White Rice,
"Parsley, Red Onion, and Pomegranate Salad",https://www.epicurious.com/recipes/food/views/ba-syn-parsley-red-onion-and-pomegranate-salad
Fresh Cranberry Orange Sauce,
Peruvian-Style Roast Chicken With Tangy Green Sauce,
Poached Oysters in Fennel-Saffron Soup,https://www.epicurious.com/recipes/food/views/poached-oysters-in-fennel-saffron-soup-232691
"Coconut, Caramel, and Rum Flans",
Grilled Paillards of Beef with Red Wine and Port Sauce,https://www.epicurious.com/recipes/food/views/grilled-paillards-of-beef-with-red-wine-and-port-sauce-101125
Wheat-Berry Salad with Grilled Tofu,
Wine-Braised Brisket of Beef with Caramelized Pearl Onions and Dried Apricots,
Roasted Rhubarb Tarts with Strawberry Sauce,
Spencer,
N'awlins Butter Beans with Andouille,
Baguette Toasts,
Cauliflower and Shrimp Caldin,
Medallions of Pork with Dried Cherry Sauce,
Green Pea Soup with Tarragon and Pea Sprouts,https://www.epicurious.com/recipes/food/views/green-pea-soup-with-tarragon-and-pea-sprouts-352029
Ropa Vieja,https://www.epicurious.com/recipes/food/views/ropa-vieja-56389610
Tamarind-Honey Lamb Kebabs on Mashed Yams,https://www.epicurious.com/recipes/food/views/tamarind-honey-lamb-kebabs-on-mashed-yams-231084
Moroccan Chicken and Lentils,
Grilled Flank Steak,
Date Nut Cookie Pies,https://www.epicurious.com/recipes/food/views/date-nut-cookie-pies-recipe
Ham and Sage Ponice,
Orange Cheesecake Brownies,
Negrone,
Braised Duck Legs and Sautéed Duck Breast,
Caramelized Onions with Barbecue Sauce,
Party Squash Salad,
Cool Melon Soup,
Kale Minestrone with Pistou,
Romaine and Fennel Salad with Red Wine Vinaigrette,
Banana-Macadamia Nut Muffins,
Chocolate-on-Chocolate Tart with Maple Almonds,https://www.epicurious.com/recipes/food/views/chocolate-on-chocolate-tart-with-maple-almonds-51215040
Peanut Butter Cake with Chocolate-Peanut Butter Icing,
Asian Pear Slaw,
Fig and Walnut Truffles,
Borscht,
Lemon-Pistachio Pilaf,
Pork and Apple Pie with Cheddar-Sage Crust,
Spicy Crab and Melon Salad,
Sea Bass with Citrus-Olive-Caper Sauce,
Corsican Greens Pie with Butternut Squash and Three Cheeses,https://www.epicurious.com/recipes/food/views/corsican-greens-pie-with-butternut-squash-and-three-cheeses-51253450
Sweet-Potato and Orange Hobo Packs,
Caraway Parsley Potatoes,https://www.epicurious.com/recipes/food/views/caraway-parsley-potatoes-11383
"Lemon- and Garlic-Roasted Chicken with Fava Beans, Radishes, and Pecorino",https://www.epicurious.com/recipes/food/views/lemon-and-garlic-roasted-chicken-with-fava-beans-radishes-and-pecorino-237515
Nutty Monk,https://www.epicurious.com/recipes/food/views/nutty-monk-351593
Two-Grain Pancakes,
Nasturtium Butter,https://www.epicurious.com/recipes/food/views/nasturtium-butter-56389550
Sausage and Wild Mushroom Lasagne with Red Pepper Tomato Sauce,
Baked Yams with Ginger-Molasses Butter,
Fresh Whipped Cream,
"Smoked Salmon, Cream Cheese, and Dill Stuffed Eggs",
Oil-Poached Halibut with Tomatoes and Fennel,
"Peppered Pears, Blue Cheese, and Fried Sage",https://www.epicurious.com/recipes/food/views/peppered-pears-blue-cheese-and-fried-sage-14129
Double-Mint Fruit Compote,
Spice-Rubbed Pork Tenderloins in Corn Husks with Cranberry-Avocado Salsa,https://www.epicurious.com/recipes/food/views/spice-rubbed-pork-tenderloins-in-corn-husks-with-cranberry-avocado-salsa-107490
Pecan Spice Layer Cake with Cream Cheese Frosting,
Black Bean Tostadas with Curly Endive Salad,
Apricots Stuffed with Almonds,
Smoked Trout Crostini with Grilled Fennel and Red Onion,https://www.epicurious.com/recipes/food/views/smoked-trout-crostini-with-grilled-fennel-and-red-onion-357531
Rice Noodles with Garlic and Herbs,
"Grilled Salmon with Orzo, Feta, and Red Wine Vinaigrette",
Oatmeal Wheat Bread,
Braised Chicken with Celery Root and Garlic,https://www.epicurious.com/recipes/food/views/braised-chicken-with-celery-root-and-garlic-231183
Vietnamese Pork Chops,
Smoked Chicken and Sugar Snap Pea Salad with Mint,
Spicy Sweet Corn and Poblano Soup,
Italian Spoon Biscuits with Tomato Sauce and Cheese,https://www.epicurious.com/recipes/food/views/italian-spoon-biscuits-with-tomato-sauce-and-cheese-4102
"Lamb Chops and Potatoes with Olives, Tomatoes and Feta Cheese",https://www.epicurious.com/recipes/food/views/lamb-chops-and-potatoes-with-olives-tomatoes-and-feta-cheese-5335
Nutmeg-Coated Creamy French Toast,
Mulled Wine,https://www.epicurious.com/recipes/food/views/mulled-red-wine
Cheesy Baked Penne with Cauliflower and Crème Fraîche,https://www.epicurious.com/recipes/food/views/cheesy-baked-penne-with-cauliflower-and-creme-fraiche-350111
"Mixed Greens with Grapefruit, Fennel, and Parmesan",https://www.epicurious.com/recipes/food/views/mixed-greens-with-grapefruit-fennel-and-parmesan-11742
Hoppin' John Salad with Molasses Dressing,
Chile-Braised Beef Brisket,
"Acorn Squash Stuffed with Wild Rice, Hazelnuts and Dried Cranberries",
Red Berry Frappé,
Turkish Lamb Burgers,
Crab Meat and Beet Purée on Granny Smith Apple,https://www.epicurious.com/recipes/food/views/crab-meat-and-beet-puree-on-granny-smith-apple-101190
Pork Noodle Soup with Cinnamon and Anise,
Charred Tomatillo Salsa Verde,
Surfer's Granola,https://www.epicurious.com/recipes/food/views/surfers-granola-51104620
Accidental Chicken,
Braised Chicken Teriyaki,
Apple Pie with Hazelnuts and Dried Sour Cherries,
Zenith Cooler,
Chicken Sauté Fine Herbes,
Johnnycake Bread,https://www.epicurious.com/recipes/food/views/johnnycake-bread-51198420
Guajillo and Tomatillo Salsa,
Homemade Baking Powder,
Guinness Mustard,
Steamed Artichokes with Garlic Butter,https://www.epicurious.com/recipes/food/views/steamed-artichokes-with-garlic-butter-51264410
Creamed Lemon Spinach,
Cucumber Raita,https://www.epicurious.com/recipes/food/views/cucumber-mint-raita
Corn-Crusted Red Snapper with Achiote Shrimp,
Mac and Two Cheeses with Caramelized Shallots,https://www.epicurious.com/recipes/food/views/mac-and-two-cheeses-with-caramelized-shallots-350762
Mocha Pecan Pie with Coffee Whipped Cream,
Chocolate-Garlic Mojo with Toasted Cuban Bread (Tostadas de Pan Cubano con Mojo de Chocolate),https://www.epicurious.com/recipes/food/views/chocolate-garlic-mojo-with-toasted-cuban-bread-em-tostadas-de-pan-cubano-con-mojo-de-chocolate-em-51203020
Basmati Rice with Summer Vegetable Salad,https://www.epicurious.com/recipes/food/views/basmati-rice-with-summer-vegetable-salad-395910
"Macaroni, Tomato, Corn and Basil Salad",
Carrots with Almond Purée,
Cinnamon Swirl Coffee Cake,
Green Mayonnaise,
Cranberry Coconut Layer Cake,
Portobello-Black Bean Burgers with Corn Salsa,
Molasses-and-Buttermilk Gingerbread Squares,
Warm Cocoa Pudding With Candied Pecans,https://www.epicurious.com/recipes/food/views/warm-cocoa-pudding-with-candied-pecans
"Grilled Corn on the Cob with Garlic Butter, Fresh Lime, and Queso Fresco",
Sweet-Potato Salad with Mustard Viniagrette,
Soy Dipping Sauce,
Beef Tenderloin with Smoked Paprika Mayonnaise,
Blue Cheese and Walnut Toasts,
Thyme Garlic Butter,
Sesame Wonton Crisps,
Seared Salmon with Winter Vegetables and Kombu Broth,https://www.epicurious.com/recipes/food/views/seared-salmon-with-winter-vegetables-and-kombu-broth-51214620
Tangy Chocolate Frosting,
Peppery Pasta Carbonara with Poached Egg,https://www.epicurious.com/recipes/food/views/peppery-pasta-carbonara-with-poached-egg-355422
Greek Lamb Burgers with Spinach and Red Onion Salad,
"Celery Root, Kohlrabi, and Apple Purée",https://www.epicurious.com/recipes/food/views/celery-root-kohlrabi-and-apple-puree-368251
Grilled Ham and Swiss Sandwiches,
Soy-Ginger Beef and Noodle Salad with Peanut Dressing,
Honey-Glazed Baby Carrots,
Lemon Meringue Buttercream,
Spiced Quinoa Timbales,https://www.epicurious.com/recipes/food/views/spiced-quinoa-timbales-15373
Papaya in Cinnamon Syrup,
Baby Peas with Mustard Horseradish Butter,https://www.epicurious.com/recipes/food/views/baby-peas-with-mustard-horseradish-butter-238069
Grapefruit Pie,
Crunchy Winter Slaw with Asian Pear and Manchego,https://www.epicurious.com/recipes/food/views/crunchy-winter-slaw-with-asian-pear-and-manchego
Yellow Rice with Sofrito,
Bibb Lettuce and Celery-Leaf Salad,
Banana Rum Cream Pie,
"Clams with Jalapeño, Lemon, and Basil",
Orange Chicken with Golden Raisins and Figs,https://www.epicurious.com/recipes/food/views/orange-chicken-with-golden-raisins-and-figs-106260
"Arugula, Corn, and Tomato Salad with Shaved Parmesan",
Honeyed Ricotta,https://www.epicurious.com/recipes/food/views/honeyed-ricotta-51195620
Chocolate Wafer and Graham Cracker Brownies,
Scallops with Hazelnuts and Browned Butter Vinaigrette,
White Lion,https://www.epicurious.com/recipes/food/views/white-lion-200415
Khao Plow,
Khao Neeo,
Steamed Sea Bass or Red Snapper,
Seared Scallops with Fresh Fennel Salad and Kumquat-Tarragon Vinaigrette,
Herbed Rice,
Koffie Van Brunt,https://www.epicurious.com/recipes/food/views/koffie-van-brunt-355749
Braised Chicken in Aromatic Tomato Sauce,
Barramundi Fillets With Roasted Sweet Potatoes and Brussels Sprout Chips,
Shrimp and Penne Primavera,
Asian Chicken-Noodle Salad with Snap Peas,
Bacony Roasted Chickpeas,
Chorizo-Filled Dates,https://www.epicurious.com/recipes/food/views/chorizo-filled-dates-235830
"""California Roll"" Salad",https://www.epicurious.com/recipes/food/views/-california-roll-salad-12246
Rainbow Slaw,
Couscous with Apricots,
Chicken Negimaki with Spicy Red Pepper Dipping Sauce,
Rhubarb Roulade,
Gluten-Free Vegan Oatmeal Raisin Cookies,https://www.epicurious.com/recipes/food/views/gluten-free-vegan-oatmeal-raisin-cookies-51262680
Spinach-Pineapple-Mint Juice,https://www.epicurious.com/recipes/food/views/spinach-pineapple-mint-juice-51215820
"Roasted Racks of Lamb with Artichokes, Red Onions, and Garlic Cloves",
Lamb Stew with Black Mustard Seeds,
Roast Veal Brisket with Marsala-Mushroom Sauce,https://www.epicurious.com/recipes/food/views/roast-veal-brisket-with-marsala-mushroom-sauce-2893
Turkey Posole,
Rum Refresher,
Braised Rabbit with Egg Noodles,
Golden Milk Turmeric Tea,
Minute Steak with Roasted Fennel and Arugula and Caper Dressing,
Potato and Seafood Salad with Tarragon,
Quick Pickled Cucumbers,
Braised Veal with Gremolata,
Lebanese-Style Tuna Salad with Tahini Dressing,
"Penne with Fried Sardines, Capers, and Parsley",
Lemon-Oregano Chicken,
Hungarian Blintz Loaf (Palacsinta Felfujt),https://www.epicurious.com/recipes/food/views/hungarian-blintz-loaf-palacsinta-felfujt-103990
Seven-Vegetable Couscous with Chunky Onion Harissa,https://www.epicurious.com/recipes/food/views/seven-vegetable-couscous-with-chunky-onion-harissa-1082
Peach Ice Cream with Vanilla-Scented Peaches,
Slow-Cooker Marrakech Chicken Stew With Preserved Lemon and Olives,https://www.epicurious.com/recipes/food/views/marrakech-chicken-stew-with-preserved-lemon-and-olives
Grilled Lemon and Rosemary Chicken,
Dutch Coffee,
French Apple Tart,
Cantaloupe-Basil Agua Fresca,https://www.epicurious.com/recipes/food/views/cantaloupe-basil-agua-fresca-395892
Instant Borscht with Confit Duck,https://www.epicurious.com/recipes/food/views/instant-borscht-with-confit-duck-236945
"Fig, Apricot, and Raspberry Brûlée",https://www.epicurious.com/recipes/food/views/fig-apricot-and-raspberry-brulee-102031
Sardine Puffs,
Baked Cheddar Olives,https://www.epicurious.com/recipes/food/views/baked-cheddar-olives-11043
Mashed Candied Sweets,
Ham and Munster Buns with Honey Mustard,https://www.epicurious.com/recipes/food/views/ham-and-munster-buns-with-honey-mustard-10545
Bratwurst with Creamy Apple Compote,
Strawberry and Champagne Ice,
Sweet Rosemary Syrup,
"Zuppa di Cavolo Nero, Cannellini, e Salsicce: Kale, White Bean, and Sausage Soup",https://www.epicurious.com/recipes/food/views/zuppa-di-cavolo-nero-cannellini-e-salsicce-kale-white-bean-and-sausage-soup-363386
Ginger-Lime-Infused Simple Syrup,
Chilli Oil,
"Corn Bread, Green Chili and Pine Nut Stuffing",
Lamb with White Poppy Seeds,
Pork with Gorgonzola Sauce,
Steamed Fingerling Potatoes in White Wine,https://www.epicurious.com/recipes/food/views/steamed-fingerling-potatoes-in-white-wine-239290
Crudites and Grilled Sausage with Sweet and Hot Chutneys,
Lemon Spice Oil,
"Pork Loin with Apples, Prunes, and Mustard Cream Sauce",
Persian Rice Salad,
Kalbi,
Eggplant with Bacon Miso,https://www.epicurious.com/recipes/food/views/eggplant-with-bacon-miso-51169460
Rum Swizzle,
Cleansing Ginger-Chicken Soup,https://www.epicurious.com/recipes/food/views/cleansing-ginger-chicken-soup-378347
"Potato, Carrot, and Zucchini Kugel",https://www.epicurious.com/recipes/food/views/potato-carrot-and-zucchini-kugel-241904
Coconut Cream Tartlets,
Spiced Lamb Meatballs With Walnut Romesco,
Warm Lentil Salad with Sausage,https://www.epicurious.com/recipes/food/views/warm-lentil-salad-with-sausage-10670
Pepper Jelly Glazed Chicken with Corn and Zucchini,
Citrus-and-Clove-Marinated Shrimp,
Grilled Ground Lamb Kebabs with Fresh Hot-Pepper Paste,
Pasta-Shell Risotto with Broccoli Rabe,https://www.epicurious.com/recipes/food/views/pasta-shell-risotto-with-broccoli-rabe-240590
Harvey Wallbanger,https://www.epicurious.com/recipes/food/views/harvey-wallbanger-cocktail
Halibut on Mashed Fava Beans with Mint,
"Pizza Bianca with Prosciutto, Arugula, and Parmesan",
Marinated Vegetable Salad,
"Artichokes with Romano, Cracked Pepper and Olive",
Polenta Tamale Pie,
Perfect Fish Tacos,
Vanilla-Scented Pear Strudel with Hazelnuts and Chocolate Sauce,https://www.epicurious.com/recipes/food/views/vanilla-scented-pear-strudel-with-hazelnuts-and-chocolate-sauce-105460
Deviled Drumsticks,
Honeyed Panna Cotta with Dried Figs and Sauternes,
Pigs in Sleeping Bags,
Braised Baby Onions with Orange Juice and Balsamic Vinegar,https://www.epicurious.com/recipes/food/views/braised-baby-onions-with-orange-juice-and-balsamic-vinegar-232100
Linguine with Eggplant,
Coconut Rice Pudding,
Provencal Vegetable and Goat Cheese Terrine,https://www.epicurious.com/recipes/food/views/provencal-vegetable-and-goat-cheese-terrine-1778
Red Lentil Dal,
Yam and Russet Potato Salad with Greens and Bacon,
Watercress and Mango Salad,
Pasta with Kielbasa and Swiss Chard,
Jo's Cheese Wafers,https://www.epicurious.com/recipes/food/views/jos-cheese-wafers-15808
Pear-Cranberry Crisp with Cinnamon Ice Cream,
Strawberry and Peach Sangria,
Cream of Zucchini and Anise Soup,
Tomatillo Salsa with Serranos,https://www.epicurious.com/recipes/food/views/tomatillo-salsa-with-serranos-51235330
White Chocolate Pumpkin Mousse,https://www.epicurious.com/recipes/food/views/white-chocolate-pumpkin-mousse
Plantain Chips,
Gialina's Kale & Farro Salad with Avocado,
Arugula and Radicchio with Feta and Dates,
Frozen Raspberry Mousse,
Spinach and Lentil Soup,
"Butternut Squash, Parmesan, and Sage Pizzas",https://www.epicurious.com/recipes/food/views/butternut-squash-parmesan-and-sage-pizzas-11360
"Linguine with Pecorino, Tomatoes, and Arugula",
Bubby's Granola,https://www.epicurious.com/recipes/food/views/bubbys-granola-395391
"Potato Salad with Olives, Tomatoes, and Capers",
Rotelle with Broccoli and Spicy Peanut Sauce,https://www.epicurious.com/recipes/food/views/rotelle-with-broccoli-and-spicy-peanut-sauce-11875
The Three Amigos,
Whipped Parsnips,
Chocolate-Hazelnut Mousse,
"Mango, Blueberry, and Ginger Fruit Salad",
Chocolate-Tequila Sundaes,
Fresh Corn Soup,
Sweet Chutney,
Hot Chutney,
Paprika Veal Shanks,
Lamb Broth with Cucumber & Mint Yogurt,
Cranberry Sauce with Mustard Seeds and Orange,
Pound Cake with Fresh Strawberries and Balsamic Sabayon,
Kirsch and Tart Cherry Souffles,https://www.epicurious.com/recipes/food/views/kirsch-and-tart-cherry-souffles-2524
"Spaghetti with Olive Oil, Garlic and Anchovies",
Meena's Cinnamon and Currant Rolls,https://www.epicurious.com/recipes/food/views/meenas-cinnamon-and-currant-rolls-14105
Miso Soup with Sweet Potato Dumplings,
"Hazelnut, Chocolate and Strawberry Torte",
Frozen Yogurt Sundaes with Kahlua Caramel Sauce,https://www.epicurious.com/recipes/food/views/frozen-yogurt-sundaes-with-kahlua-caramel-sauce-70
Smoked Salmon Pasta Verde,
Pasta with Grilled Tomato and Scallion Sauce,https://www.epicurious.com/recipes/food/views/pasta-with-grilled-tomato-and-scallion-sauce-51241220
Tarragon Lime Bay Scallops Over Angel-Hair Pasta,
Pumpkin Custard Profiteroles with Maple Caramel,
Marmalade-Stuffed French Toast with Orange Syrup,
Jerusalem Artichoke Soup with Pumpernickel Croutons,https://www.epicurious.com/recipes/food/views/jerusalem-artichoke-soup-with-pumpernickel-croutons-107401
Mojito II,
Scrambled Eggs with Cream Cheese and Scallions,
Cinnamon Cauliflower,
Turkey Bone Broth,https://www.epicurious.com/recipes/food/views/turkey-bone-broth
Duck Confit with Potato Leek Ragout,https://www.epicurious.com/recipes/food/views/duck-confit-with-potato-leek-ragout-243566
Lemon Almond Spongecake,
"Potato Gratin with Goat Cheese, Tomatoes, and Olives",
Couscous-Stuffed Tomatoes with Currants and Herbs,https://www.epicurious.com/recipes/food/views/couscous-stuffed-tomatoes-with-currants-and-herbs-12756
Southern-Style Fried Chicken,https://www.epicurious.com/recipes/food/views/southern-style-fried-chicken-51142800
Tarragon-Spiked Lady Grey Iced Tea,
Cornmeal and Currant Griddlecakes with Apple-Cinnamon Syrup,
"Carrots with Shallots, Sage, and Thyme",https://www.epicurious.com/recipes/food/views/carrots-with-shallots-sage-and-thyme-356039
Applejack Toddy,
Fish Fillets Dijon,https://www.epicurious.com/recipes/food/views/fish-fillets-dijon-1739
Yellow Squash Casserole,
Berry Walnut Cereal,https://www.epicurious.com/recipes/food/views/berry-walnut-cereal-366811
Raspberry Buttermilk Cake,
Calcutta Lobster in Spinach and Yogurt Sauce,
Grilled Yellow Squash with Oregano,
Pappardelle in Lemon Cream Sauce with Asparagus and Smoked Salmon,https://www.epicurious.com/recipes/food/views/pappardelle-in-lemon-cream-sauce-with-asparagus-and-smoked-salmon-101769
Papaya Lime Fool,https://www.epicurious.com/recipes/food/views/papaya-lime-fool-233282
Marmalade-Glazed Ham with Sweet Orange-Tea Sauce,
Sweet Potato Rolls,
Salade Niçoise Sandwich,
Asian Pork Crepes,
Hotel Benson Eggs,https://www.epicurious.com/recipes/food/views/hotel-benson-eggs-2355
Salmon and Spinach Strudel,
Espresso and Amaretti Bavarois with Mascarpone Cream Sauce,https://www.epicurious.com/recipes/food/views/espresso-and-amaretti-bavarois-with-mascarpone-cream-sauce-1282
Papaya-Mint Sauce,https://www.epicurious.com/recipes/food/views/papaya-mint-sauce-5244
Eggnog Jarecky,
"Chicken, Rice and Bean Salad",
Escarole and Bacon Crostini with Mostarda,https://www.epicurious.com/recipes/food/views/escarole-and-bacon-crostini-with-mostarda-234119
Grilled Lamb Skewers with White-Bean Salad,https://www.epicurious.com/recipes/food/views/grilled-lamb-skewers-with-white-bean-salad-235467
Lamb Tikka with Crispy Onions,https://www.epicurious.com/recipes/food/views/lamb-tikka-with-crispy-onions-4110
Spicy Brown Rice and Vegetable Stir-Fry with Oyster Sauce,
Maple-Cinnamon Toast With Citrus and Crème Fraîche,https://www.epicurious.com/recipes/food/views/ba-syn-maple-cinnamon-toast-with-citrus-and-creme-fraiche
Yam Soup with Coriander,https://www.epicurious.com/recipes/food/views/yam-soup-with-coriander-3167
Sichuan-Style Chicken With Rice Noodles,
Red Pork and Bean Chili,
Chocolate-Cinnamon Coffee Cake,
Roast Fillet of Beef with Chipotle Red Pepper Sauce and Mustard Chive Sauce,https://www.epicurious.com/recipes/food/views/roast-fillet-of-beef-with-chipotle-red-pepper-sauce-and-mustard-chive-sauce-10415
Green Beans with Balsamic-Shallot Butter,
Moroccan-Style Potato and Egg Sandwiches,
Halibut Ceviche With Tomato and Cucumber,
Frozen Lemon Mousse with Blueberry Sauce,
Minted Couscous with Currants and Pine Nuts,
"Zucchini, Tomato, and Corn Salad",
Cranberry Fennel Stuffing,https://www.epicurious.com/recipes/food/views/cranberry-fennel-stuffing-240884
Grilled Chicken Breasts with North African Spice Paste,
Green Bean Salad with Basil Vinaigrette,
"Farfalle with Chicken, Tomatoes, Caramelized Onions, and Goat Cheese",https://www.epicurious.com/recipes/food/views/farfalle-with-chicken-tomatoes-caramelized-onions-and-goat-cheese-242501
"Spinach Salad with Shrimp, Fennel and Bacon-Balsamic Vinaigrette",
Vegetarian Brown Rice Salad With Parsnips and Whipped Ricotta,
Coconut Buttercream,
Avocado and Grapefruit Salad,
Gochujang-Date Sauce,
Sweet Potato and Sausage Soup,
Goat Cheese Salad,
Cilantro-Lime Tartar Sauce,
Vanilla Flan,
Honey Custard in Phyllo Pastry,
Barbecue Brisket With Pickled Fennel,
Sage Stuffing,
Crispy Crepes with Dulce de Leche Sauce,
Asian Turkey Lettuce Wraps,
"Sweet, Salty, and Sour Marinade",
To Clarify Butter,
Chocolate-Filled Delights,
Lemon Blueberry Ice-Cream Cake,
Sauteed Pork Tenderloin and Pears in Mustard-Port Sauce,
"Oatmeal Cookies with Raisins, Dates, and Walnuts",
"Individual Zucchini, Lemon, and Ricotta Galettes",
"Quinoa Salad with Beets, Blue Cheese, and Nutty Herb Vinaigrette",https://www.epicurious.com/recipes/food/views/quinoa-salad-with-beets-blue-cheese-and-nutty-herb-vinaigrette-56389908
Prosciutto-Wrapped Asparagus with Mint Dressing,
"Lobster, Soy Chicken and Mango Salad",
Raisin and Almond Tartlets,
Korean-Style Tuna Tartare,
Coconut Shortbread Cookies,
Easy Tart Crust,
Brioche Crusted fish with Jerusalem Artichoke Puree and Jerusalem Artichoke Pickles,https://www.epicurious.com/recipes/food/views/brioche-crusted-fish-with-jerusalem-artichoke-puree-and-jerusalem-artichoke-pickles-351044
Tea Bavaroise,
Blueberry Banana Shake,
The Celtic Buck,https://www.epicurious.com/recipes/food/views/the-celtic-buck-350849
Cornmeal-Crusted Flounder with Tartar Sauce,
Toasted Coconut and Dark Chocolate Meringues,
Black-Olive Grissini,https://www.epicurious.com/recipes/food/views/black-olive-grissini-235790
Lemon Dill Baked Orzo with Gruyère,
Steak Salad with Pickled Vegetables,
Gin and Mint Tea Cocktail,
Roasted Bosc Pears,
Roast Chicken with Tarragon,
Oyster Stuffing with Shiitake Mushrooms and Leeks,
Chock-Full-of-Veggies Chicken,https://www.epicurious.com/recipes/food/views/chock-full-of-veggies-chicken-230299
"Hot Smoked Salmon with Apples, Dried Cherries, Hazelnuts and Greens",https://www.epicurious.com/recipes/food/views/hot-smoked-salmon-with-apples-dried-cherries-hazelnuts-and-greens-51167010
Avocado and Tomatillo Salsa,
Rump of Beef to Stew,
Rosemary-Pepper Focaccia,
Roasted Vegetable Lasagna,
"Roasted Garlic, Onion and Red Bell Pepper Dip",
Butternut Squash Soup with Pancetta and Tomatoes,
Duck a l'Orange,
Green Pipiân Mole with Chicken,https://www.epicurious.com/recipes/food/views/green-pipian-mole-with-chicken-51110600
Passion-Fruit and Blackberry Jellies with Lemon Verbena Cream,https://www.epicurious.com/recipes/food/views/passion-fruit-and-blackberry-jellies-with-lemon-verbena-cream-109660
Trio of Salads,
Classic Escargots à la Bourguignonne,https://www.epicurious.com/recipes/food/views/classic-escargots-a-la-bourguignonne-104750
Salmon Steaks with Red-Wine Butter,
Black Bean and Bell Pepper Salad,
"Plum-Glazed Roast Turkey with Spinach, Bacon, and Cashew Stuffing and Plum Gravy",
"Roast Beef, Red Pepper, Spinach, and Feta Sandwiches with Tahini Dressing",https://www.epicurious.com/recipes/food/views/roast-beef-red-pepper-spinach-and-feta-sandwiches-with-tahini-dressing-108453
Savory Applesauce,
Flourless Chocolate Cake with Coffee Liqueur,
Artichokes Braised with Garlic and Thyme,
"Nectarines, Plums, and Blueberries in Lemony Ginger Anise Syrup",https://www.epicurious.com/recipes/food/views/nectarines-plums-and-blueberries-in-lemony-ginger-anise-syrup-100735
French Toast BLT with Roasted Garlic Vinaigrette,
Poached Pineapple in Cinnamon Syrup with Yogurt Cheese,https://www.epicurious.com/recipes/food/views/poached-pineapple-in-cinnamon-syrup-with-yogurt-cheese-10405
Herbed Chicken Breast,
Fresh Corn Tortillas,
"Bulgur Salad with Chickpeas, Roasted Peppers, and Spiced Cumin Dressing",
The Tomboy Cake,https://www.epicurious.com/recipes/food/views/the-tomboy-cake-51118060
Spaghettini with Spicy Tomato Sauce,
Tijuana Tippler,https://www.epicurious.com/recipes/food/views/tijuana-tippler-200939
Bolognese Sauce,
Bloody Beers,https://www.epicurious.com/recipes/food/views/bloody-beers-51193490
"Pasta with Roasted Eggplant, Ricotta, and Basil",
Maple-Pecan Sundaes with Candied Bacon,https://www.epicurious.com/recipes/food/views/maple-pecan-sundaes-with-candied-bacon-361274
Red Bell Pepper Soup with Orange and Basil,
"Lime Noodles with Vegetables, Basil, and Sesame",
Tomato and Bacon Clam Chowder,
Root Beer Baked Beans,
Caramel-Apple Tartlets with Cinnamon-Rum Ice Cream,https://www.epicurious.com/recipes/food/views/caramel-apple-tartlets-with-cinnamon-rum-ice-cream-352651
Spicy Confit Chiles,https://www.epicurious.com/recipes/food/views/spicy-confit-chiles
Couscous with Garbanzo Beans and Golden Raisins,
Sauteed Turkey Cutlets with Cranberry Orange Glaze,
Double-Decker Rhubarb Ice Cream Sandwiches,https://www.epicurious.com/recipes/food/views/double-decker-rhubarb-ice-cream-sandwiches-100973
Insalata Mista,
Gilroy,
"Mussels with Sausage, Coconut Milk and Lime",
Creamy Scrambled Eggs with Crispy Potatoes,
Crab Toasts with Spicy Yogurt,https://www.epicurious.com/recipes/food/views/crab-toasts-with-spicy-yogurt-51246810
Fresh Ricotta Cheese,
Coriander Rice,
Cardamom-Scented Grass-Fed Rib Steak with Herb Vinaigrette,https://www.epicurious.com/recipes/food/views/cardamom-scented-grass-fed-rib-steak-with-herb-vinaigrette-235237
Arugula- and Parmesan-Topped Polenta Canapes,
White Beans and Charred Broccoli with Parmesan,https://www.epicurious.com/recipes/food/views/white-beans-and-charred-broccoli-with-parmesan-51252720
Holishkes (Stuffed Cabbage),
"Smoked Salmon ""Tartare"" on New Potato Slices",
Chipotle Rub,
Indian Cheese and Red Peppers in Fragrant Spinach Sauce,
Basic Tehina Sauce,https://www.epicurious.com/recipes/food/views/basic-tehina-sauce
"Sea Bass with Leeks, Potatoes and Balsamic Vinaigrette",
Apricot Spread,
Marzipan Cheesecake,
Chocolate Zucchini Mini-Muffins,
Avocado and White Bean Salsa,
Chocolate-Orange Biscotti,
Arctic Char with Cucumber-Feta Relish and Jalapeño-Goat Cheese Hush Puppies,https://www.epicurious.com/recipes/food/views/arctic-char-with-cucumber-feta-relish-and-jalapeno-goat-cheese-hush-puppies-360750
Caramel-Pecan Bûche de Noël,
Watercress Salad with Port-Braised Figs and Pickled Onions,https://www.epicurious.com/recipes/food/views/watercress-salad-with-port-braised-figs-and-pickled-onions-351244
Cauliflower with Horseradish Sauce,
Hushpuppies,https://www.epicurious.com/recipes/food/views/hushpuppies
Coffee-Brandy Crème Brûlée,
Bergen Fish Soup,https://www.epicurious.com/recipes/food/views/bergen-fish-soup-234996
Colombian Guacamole,
Sesame-Lime Vinaigrette,
Frozen Pumpkin Mousse with Walnut-Toffee Crunch,https://www.epicurious.com/recipes/food/views/frozen-pumpkin-mousse-with-walnut-toffee-crunch-231123
Smoked Salmon and Cucumber Squares,
"Orzo Pilaf with Mushrooms, Leeks and Sun-Dried Tomatoes",
Marshmallow Frosting,
Buttered Beets with Spring Herbs,
"Peach, Strawberry, and Banana Bruschetta",
Sweet-and-Sour Brussels Sprouts with Fresh Dill,
Ripe Olive and Avocado Quesadillas,https://www.epicurious.com/recipes/food/views/ripe-olive-and-avocado-quesadillas-15799
Pumpkin Roll Cake with Toffee Cream Filling and Caramel Sauce,
Vegetable Chili,
"Linguine with Chicken, Leeks and Tomatoes",
"Black Beans with Garlic, Cumin, and Cilantro",
Sweet-and-Sour Onion Topping,
Salt and Pepper Crusted Rib Roast,
Seared Halibut with Portobello Mushroom Vinaigrette,
"Orecchiette with Garbanzos, Tomatoes, Feta, and Mint",
Cheddar Cheese-Stuffed Burgers,
Chilled Pea and Tarragon Soup,
"Wild Arugula Salad with Garlic Croutons, Shaved Parmesan, and Lemon",
Pastrami and Potato Hash with Fried Eggs,https://www.epicurious.com/recipes/food/views/pastrami-and-potato-hash-with-fried-eggs
Spiced Pecans,https://www.epicurious.com/recipes/food/views/ba-syn-spiced-pecans
Rustic Pear-Cranberry Tart,
Lobster Rolls with Rosemary-Ginger Vinaigrette,
Pancakes with Warm Maple Syrup & Coffee Butter,https://www.epicurious.com/recipes/food/views/pancakes-with-warm-maple-syrup-coffee-butter-51190420
German Potato Salad,
Individual Cheese and Pepperoni Pizzas,
Beef Picadillo Puffy Tacos,https://www.epicurious.com/recipes/food/views/beef-picadillo-puffy-tacos
Mojo Verde,https://www.epicurious.com/recipes/food/views/mojo-verde-51154850
Three-Onion Sauté,
Brother David's Grilled Chicken & Ribs,https://www.epicurious.com/recipes/food/views/brother-davids-grilled-chicken-ribs-353009
Mole Poblano,
Brown Sugar-Cinnamon Baked Pears and Prunes,https://www.epicurious.com/recipes/food/views/brown-sugar-cinnamon-baked-pears-and-prunes-1078
Peanut Butter Chocolate-Chip Cupcakes with Chocolate Icing,
Cold Poached Chicken with Ginger Scallion Oil,https://www.epicurious.com/recipes/food/views/cold-poached-chicken-with-ginger-scallion-oil-12409
Grilled Pork Tenderloin with Cherry Salsa,
Shanghai,
Apricot Pistachio Fruitcakes,
Red and Yellow Pepper Relish,
Blended Citrus Gin Fizz,
Coffee Custard Sauce,
Curried Fried Zucchini Blossoms,
Celery Root Purée,
Pork Fried Rice,
"Fried Eggs, Prosciutto, and Arugula with Cheese Sauce",
Baked Whole Fish with Potatoes and Lemon,
Apple Crumb Tarts,
Yellow Parrot,https://www.epicurious.com/recipes/food/views/yellow-parrot-200355
Eggplant and Spinach Lasagne Spirals,
Butternut Squash and Radicchio Pappardelle,
Teriyaki Tofu Triangles,https://www.epicurious.com/recipes/food/views/teriyaki-tofu-triangles-355926
Chunky Two-Cheese Potatoes with Garlic and Pesto,
Strawberry and Cream Cake with Cardamom Syrup,
Tuna in Tomato Sauce,
Asian Chicken Salad,
"Tiny Potato Dumplings with Tomato, Onion, and Guanciale Sauce",https://www.epicurious.com/recipes/food/views/tiny-potato-dumplings-with-tomato-onion-and-guanciale-sauce-107797
Warm Arugula Salad with Garlic Croutons,
Smoky Ricotta Fritters,
Magnolia,https://www.epicurious.com/recipes/food/views/magnolia-200984
Steak and Jalapeño Tacos,
Strip Steak with Japanese Dipping Sauce,
"Orecchiette, Broccoli",
Merry Sparkler,
Beet and Carrot Salad With Curry Dressing and Pistachios,https://www.epicurious.com/recipes/food/views/beet-and-carrot-salad-with-curry-dressing-and-pistachios
Cappuccino Brownies,
Shrimp in Sherry Butter Sauce,
"Coconut Tapioca With Pineapple, Mango, And Lime",
Crab Cakes and Baby Greens with Lemon Vinaigrette,https://www.epicurious.com/recipes/food/views/crab-cakes-and-baby-greens-with-lemon-vinaigrette-5762
Pork Satay with Fresh Vegetable Pickles,
Mango Chutney,https://www.epicurious.com/recipes/food/views/mango-chutney
Lemon-Rosemary-Marinated Ripe Olives,
Raspberry Orange Shake,
"Cranberry, Ginger and Peach Preserves",
Cauliflower and Leek Risotto,
Pistachio Brittle Cheesecake,
Fig-Olive Tapenade,https://www.epicurious.com/recipes/food/views/fig-olive-tapenade-355923
Crispy Baby Yukon Gold Potatoes,
"Vegetable Platter with Cannellini ""Hummus""",
Spicy French Fries,
Sweet Bavarian Mustard,https://www.epicurious.com/recipes/food/views/sweet-bavarian-mustard-51194010
Sour Orange Mojo,
Branzino and Roasted Baby Vegetables with Tarragon-Chive Oil,https://www.epicurious.com/recipes/food/views/branzino-and-roasted-baby-vegetables-with-tarragon-chive-oil-358193
Creamed Spinach with Golden Breadcrumb Topping,https://www.epicurious.com/recipes/food/views/creamed-spinach-with-golden-breadcrumb-topping-105813
Frozen Butter Pastry Dough,
Asparagus and Salmon Roe with Egg Sauce,
Dominican Chimichurri Burgers,https://www.epicurious.com/recipes/food/views/dominican-chimichurri-burgers-240003
Grilled Mahi-Mahi Tacos,https://www.epicurious.com/recipes/food/views/grilled-mahi-mahi-tacos-366731
English Chili Sauce,https://www.epicurious.com/recipes/food/views/english-chili-sauce
Cucumber Horseradish Sauce,
Yogurt-Braised Chicken with Cashews and Raisins,
Strawberry Cream Puffs with Strawberry Sauce,
White Bean and Escarole Soup with Spicy Polenta,
Sauteed Curried Beef and Broccoli,
"Artichoke Stew with Mussels, Potatoes and Saffron",https://www.epicurious.com/recipes/food/views/artichoke-stew-with-mussels-potatoes-and-saffron-103003
Jalapeño Lime Vinaigrette,
Curried Pumpkin Soup,
Garlic-Aioli Roasted Turkey with Lemon-Parsley Au Jus,
Two-Potato Salad with Mustard Dressing,
Chicken with Balsamic Vinegar,
Garlic and Saffron Soup,
Spinach Lasagna,
Jalapeño Cheese Grits,
Maple Baked Beans,
Brandied Plum Clafoutis,
"Orange, Jícama, Radish, and Pork Rind Salad",
Red-Wine Pot Roast with Porcini,
Grilled Flatiron Steak with Toasted Spice Vinaigrette,
Epi's 50-Ingredient Super Bowl Nachos,https://www.epicurious.com/recipes/food/views/epis-50-ingredient-super-bowl-nachos
Lemon-Tarragon Chicken Salad Sandwiches,
Love,
Sunset Sorbet Sundaes,
Porcini Mushroom Sauce,
Chicken with Tarragon Vinegar Sauce,
Pork Spice Rub,
Risotto Primavera,
"Oatmeal, Fig, and Walnut Bars",https://www.epicurious.com/recipes/food/views/oatmeal-fig-and-walnut-bars-356871
Green Bean and Cherry Tomato Salad with Herb Dressing,
Rough-Mashed Parsnips and Potatoes,
Spicy Oven-Roasted Potatoes,https://www.epicurious.com/recipes/food/views/spicy-oven-roasted-potatoes-51149220
"Pureed Celery Root, Parsnips and Potatoes",
Escarole with Italian Sausage and White Beans,https://www.epicurious.com/recipes/food/views/escarole-with-italian-sausage-and-white-beans-15600
Almond-Oat Strawberry Shortcakes,
Pan Bagnat with Fennel,
Cornmeal Hoecakes,
New Orleans-Style Red Beans and Rice with Sausage Fulcher,
Tortillas in Black-Bean Purée,
Slow Roasted Lamb Shanks with Braised Lentils,
Braised Lamb Shanks With Fish Sauce,https://www.epicurious.com/recipes/food/views/braised-lamb-shanks-with-fish-sauce
"Strawberry-Rhubarb ""Courting"" Cake",
Golden Beet Carpaccio,
"Butter Lettuce, Persimmon, Feta, and Hazelnut Salad",https://www.epicurious.com/recipes/food/views/butter-lettuce-persimmon-feta-and-hazelnut-salad-231077
Bachelor's Bait,https://www.epicurious.com/recipes/food/views/bachelors-bait-200470
Loin of Veal with Shiitake Stuffing,https://www.epicurious.com/recipes/food/views/loin-of-veal-with-shiitake-stuffing-13573
"Pink Grapefruit, Strawberry, and Champagne Granita with Sugared Strawberries",
Pear-Caramel Ice Cream Sundaes,
Poached Halibut with Black Truffles and Purple-Potato and Crab Gratin,https://www.epicurious.com/recipes/food/views/poached-halibut-with-black-truffles-and-purple-potato-and-crab-gratin-15628
Sauteed Halibut with Lemon-Vegetable Relish,
Smoked Duck Toasts with Gingered Rhubarb,
Cheesy Zucchini and Red Onion Flatbread,
"Goat Cheese Marinated in Rosemary, Fennel, and Hot Red Pepper",https://www.epicurious.com/recipes/food/views/goat-cheese-marinated-in-rosemary-fennel-and-hot-red-pepper-13537
Swiss Cheese and Porcini Fondue,
Cold Sesame Egg Noodles,
Semolina Cake With Oranges,https://www.epicurious.com/recipes/food/views/semolina-cake-with-oranges
Grilled Turkey with Cranberry Gravy,
Duchess Baked Potatoes,https://www.epicurious.com/recipes/food/views/duchess-baked-potatoes
Chicken and Fennel Pie with Bacon-Biscuit Crust,
Arugula and Goat Cheese Ravioli,
"Calzones with Cheese, Sausage and Roasted Red Pepper",
Seaweed Salad,
Caponatina Toasts,
Griddled Tomato-Chipotle Salsa,https://www.epicurious.com/recipes/food/views/griddled-tomato-chipotle-salsa-104139
Strawberry Cheesecake Milkshake,
Goat Cheese Chocolate Truffles,
Horseradish Sauce,
Mushroom-Miso-Mustard Gravy,
Glazed Onions,
Shredded Beef Tostadas with Chiles and Lime,https://www.epicurious.com/recipes/food/views/shredded-beef-tostadas-with-chiles-and-lime-56389831
Raspberry Swirl Parfaits,
"Pasta with Pesto, Broccoli, and Potatoes",
"Salmon Cakes
                With Arugula Salad",
Open-Face Lamb Burgers with Mint Yogurt Sauce,https://www.epicurious.com/recipes/food/views/open-face-lamb-burgers-with-mint-yogurt-sauce-108342
Hazelnut Praline,
Chocolate Hazelnut Praline Torte with Frangelico Whipped Cream,https://www.epicurious.com/recipes/food/views/chocolate-hazelnut-praline-torte-with-frangelico-whipped-cream-14285
Caramelized Apple and Pear Pie,
Norma Naranjo's Tamales,https://www.epicurious.com/recipes/food/views/norma-naranjos-tamales-367329
Canyon Ranch Grilled Portobello Sandwich with Roasted Peppers,https://www.epicurious.com/recipes/food/views/canyon-ranch-grilled-portobello-sandwich-with-roasted-peppers-230315
Pork Chops with Apple Balsamic Sauce and Blue Cheese Tomato Gratin,
Apricot Stars,
Coconut Cream Pie with Macaroon Press-In Crust,
Marinated Vegetables with Mustard Dill Dressing,
Modern Waldorf Salad,
Confetti Rice with Baked Tofu and Green Onion Omelet Strips,
Toasted Blue Cheese and Caramelized Onion Sandwiches,
Grilled Steak with Parsley-Parmesan Salad,https://www.epicurious.com/recipes/food/views/grilled-steak-with-parsley-parmesan-salad-51234660
Roasted Potatoes with Sour Cream and Bacon,
"White Bean, Sun-dried Tomato, and Feta Bites",https://www.epicurious.com/recipes/food/views/white-bean-sun-dried-tomato-and-feta-bites-350622
Pot Roast with Caramelized Onions and Roasted Carrots,
Potato Chowder,
Broccoli Rabe with Bulgur and Walnuts,
Scallop and Vegetable Stir-Fry,
"Roasted Chicken, Bell Pepper and Onion Salad",https://www.epicurious.com/recipes/food/views/roasted-chicken-bell-pepper-and-onion-salad-2091
Frozen Nougat Terrine with Bittersweet Chocolate Sauce and Raspberry-Fig Sauce,https://www.epicurious.com/recipes/food/views/frozen-nougat-terrine-with-bittersweet-chocolate-sauce-and-raspberry-fig-sauce-3001
Tomatillo Salsa,
Pork Scaloppine with Herbed Noodles,
Kale with Garlic and Bacon,
Coconut Milk Whipped Cream,
Rosemary and Cranberry Soda Bread,https://www.epicurious.com/recipes/food/views/rosemary-and-cranberry-soda-bread-51229620
Pasta with Creamy Wild Mushroom Sauce,
Pesto Goat Cheese Spread,
To Render Beef Suet,
Suet Pastry Dough,
Candied Orange Zest,
Belize-Style Sweet Potato Pudding,
Fennel-Saffron Compote,
Spotted Dick,https://www.epicurious.com/recipes/food/views/spotted-dick-350956
Brown Chicken Stock,
Baked Spiced Butternut Squash with Apples and Maple Syrup,
Turkey Gravy,
No-Bake Chocolate Biscuit Cake with Dried Cherries,
Garden Greens and Goat Cheese Pasta,https://www.epicurious.com/recipes/food/views/garden-greens-and-goat-cheese-pasta-51207410
Watermelon-Honeydew Kebabs with Lime-Poppy Seed Dressing,https://www.epicurious.com/recipes/food/views/watermelon-honeydew-kebabs-with-lime-poppy-seed-dressing-103480
"Tacos of Carnitas Roasted with Orange, Milk, and Pepper",
Shrimp with Snow Peas,
Classic Sour Cherry Pie with Lattice Crust,
Seafood Canapes with Lemon-Chive Butter,https://www.epicurious.com/recipes/food/views/seafood-canapes-with-lemon-chive-butter-11732
Sake-Marinated Sea Bass with Coconut-Curry Sauce,
Squash and Sweet-Potato Soup with Chipotle Sauce,
Chocolate-Caramel Tartlets with Roasted Bananas and Ginger-Citrus Caramel,https://www.epicurious.com/recipes/food/views/chocolate-caramel-tartlets-with-roasted-bananas-and-ginger-citrus-caramel-108534
Plum Almond Tartlets,
Green Juice with Baobab Powder,https://www.epicurious.com/recipes/food/views/green-juice-with-baobab-powder-56389536
Brisket Braised in Porter,
Buckwheat Crêpe Noodles with Chive Butter,
Philadelphia Fish House Punch,https://www.epicurious.com/recipes/food/views/philadelphia-fish-house-punch-51117230
Bourbon Sauce,
Spinach Linguine with Goat Cheese,
Cognac-Glazed Dried Apricots with Cinnamon-Spiced Yogurt,https://www.epicurious.com/recipes/food/views/cognac-glazed-dried-apricots-with-cinnamon-spiced-yogurt-238271
Baby Squash Sauté Szwarc,
Roasted-Tomatillo and Lime Salsa,
Aunt Tom's Italian Cream Cake,https://www.epicurious.com/recipes/food/views/aunt-toms-italian-cream-cake-11985
Roast Fresh Ham,
Jalapeño-Goat-Cheese Hush Puppies,https://www.epicurious.com/recipes/food/views/jalapeno-goat-cheese-hush-puppies-360769
Strawberry Italian Ice,
Orange-Scented Bittersweet Chocolate Cake with Candied Blood Orange Compote,https://www.epicurious.com/recipes/food/views/orange-scented-bittersweet-chocolate-cake-with-candied-blood-orange-compote-356338
Bacon Cheddar Quick Bread with Dried Pears,https://www.epicurious.com/recipes/food/views/bacon-cheddar-quick-bread-with-dried-pears-350100
Chocolate Almond Sherry Cake with Caramelized Pears,
Sausage and Egg Casserole with Sun-Dried Tomatoes and Mozzarella,
Chocolate Pecan Dollars,
Nectarine-Raspberry Crisp with Spiced-Oatmeal Crumb Topping,https://www.epicurious.com/recipes/food/views/nectarine-raspberry-crisp-with-spiced-oatmeal-crumb-topping-242724
Croissant Steak Sandwiches with Caramelized Onions and Horseradish Mayonnaise,https://www.epicurious.com/recipes/food/views/croissant-steak-sandwiches-with-caramelized-onions-and-horseradish-mayonnaise-109257
Garlic-Herb Mashed Potatoes,
Vegetable Broth,
Potato and Porcini Gratin,
Sweet Potato Gnocchi with Fried Sage and Shaved Chestnuts,
Roasted Poblano-Cream Soup,
"Chicken Skin With Peanuts, Chiles, and Lime",https://www.epicurious.com/recipes/food/views/chicken-skin-with-peanuts-chiles-and-lime-56390109
"Toasted Orzo with Peas, Onion and Bacon",https://www.epicurious.com/recipes/food/views/toasted-orzo-with-peas-onion-and-bacon-103140
"Tunisian Bell Pepper, Tomato, Tuna and Egg Salad",https://www.epicurious.com/recipes/food/views/tunisian-bell-pepper-tomato-tuna-and-egg-salad-329
"Veal Shanks, Artichoke Hearts, and Chick-Peas with Preserved Lemon",https://www.epicurious.com/recipes/food/views/veal-shanks-artichoke-hearts-and-chick-peas-with-preserved-lemon-11392
Celery and Parsnip Soup with Green Onion-Dill Matzo Balls,
Concord Grape Sorbet With Rosemary And Black Pepper,
Poached Pears with Sweet Wine and Fruit Confetti,
Spicy Soba Noodles with Shiitakes and Cabbage,
Hungarian Chocolate Mousse Cake Bars,https://www.epicurious.com/recipes/food/views/hungarian-chocolate-mousse-cake-bars-103080
Goat Cheese Souffles and Mixed Greens with Raspberry Vinaigrette,https://www.epicurious.com/recipes/food/views/goat-cheese-souffles-and-mixed-greens-with-raspberry-vinaigrette-5809
Linguine with White Clam Sauce,
"Herb-Basted Chicken with Pearl Barley, Bacon, and Root Vegetable Pilaf",https://www.epicurious.com/recipes/food/views/herb-basted-chicken-with-pearl-barley-bacon-and-root-vegetable-pilaf-233712
Ham Braised with Maple Raisin Sauce,
Dirty Rice Stuffing,
Crimson Royale,https://www.epicurious.com/recipes/food/views/crimson-royale-200525
Black-Eyed Pea and Pumpkin Salad,
Roast Duck Breast with Balsamic and Apricot Sauce,
Yucatecan-Style Pork,https://www.epicurious.com/recipes/food/views/yucatecan-style-pork-238432
Thyme Pesto,
Shrimp Stuffed Avocado,
"Arugula and Mint Salad with Oil-Cured Black Olives, Oranges, and Ricotta Salata",
Crab Cakes with Tomato Cream Sauce,
Sweet Potato Pudding with Pecan and Gingersnap Topping,
Creamed Kale with Crispy Shallots,
"Watercress, Celery, and Red Onion Salad",
Pork Tenderloin with Mango Chutney,
"Baked Halibut with Paprika,olives and Mushrooms",
"Steamed Snapper with Ginger, Lime, and Cilantro",https://www.epicurious.com/recipes/food/views/steamed-snapper-with-ginger-lime-and-cilantro-231729
Onion and Bacon Tart,
Cooked Rice,
Bourbon Balls,https://www.epicurious.com/recipes/food/views/bourbon-balls-56390149
Red-Wine-Braised Duck Legs with Roasted Pears and Onions,
"Chicken, Sausage, and Okra Gumbo",
Chicken with Cranberry-Mustard Sauce,
Asparagus and Prosciutto Bundles,
Cantaloupe Basil Salsa,
Rice and Lentil Salad with Orange and Dried Cherries,
Endive with Smoked Trout and Herbed Cream Cheese,https://www.epicurious.com/recipes/food/views/endive-with-smoked-trout-and-herbed-cream-cheese-108795
Spiced Cranberry-Pear Tart,
Tangerine-Date Tartlets with Buttermilk Whipped Cream and Tangerine Granita,https://www.epicurious.com/recipes/food/views/tangerine-date-tartlets-with-buttermilk-whipped-cream-and-tangerine-granita-236544
Chocolate-Banana Tarts,
Spanakopita,
Miso-Glazed Tuna Kebabs,
"Slow-Cooked Salmon, Chickpeas, and Greens",
Bittersweet Chocolate Sauce,
Pickled Pears,
Watermelon-Lime Sorbet,
Apricot-Riesling Jam,https://www.epicurious.com/recipes/food/views/apricot-riesling-jam-56389922
Shrimp Creole,
"Pepper-Crusted Beef, Bacon, and Arugula Sandwiches with Spicy Mustard",https://www.epicurious.com/recipes/food/views/pepper-crusted-beef-bacon-and-arugula-sandwiches-with-spicy-mustard-233708
Chilled Coconut Corn Soup,
Passion-Fruit Nieve,
Bruschetta with Roasted Red Bell Peppers,https://www.epicurious.com/recipes/food/views/bruschetta-with-roasted-red-bell-peppers-1222
"Figs with Balsamic Vinegar, Mascarpone, and Walnuts",https://www.epicurious.com/recipes/food/views/figs-with-balsamic-vinegar-mascarpone-and-walnuts-236949
Grilled Hoisin-Soy Steaks with Shiitake and Bok Choy,https://www.epicurious.com/recipes/food/views/grilled-hoisin-soy-steaks-with-shiitake-and-bok-choy-232556
"Modern Chop Suey with Shallots, Ginger, and Garlic Essence",
Nectarine-Red Wine Sauce,
"Farfalle with Four Cheeses, Carrots, Peas and Prosciutto",https://www.epicurious.com/recipes/food/views/farfalle-with-four-cheeses-carrots-peas-and-prosciutto-5699
Crown Roast of Pork with Sausage Stuffing,
Meyer Lemon Marmalade,
Pineapple Pork Chops,
"Rigatoni with Brie, Grape Tomatoes, Olives, and Basil",
Shrimp with Zucchini Fritters and Grape-Leaf Spread,https://www.epicurious.com/recipes/food/views/shrimp-with-zucchini-fritters-and-grape-leaf-spread-235145
Homemade Sweet-and-Sour Mix for Margaritas,
Honey Mustard Dressing,
Veal Cutlets with Sauteed Baby Artichokes,
Whipped Chipotle Sweet Potatoes,
Lemon Curd Mousse with Toasted Coconut and Blueberries,
Baked Risotto with Roasted Vegetables,
Mashed Potatoes with Leeks and Garlic,
Spicy Tortilla Strips,
Crackling Corn Bread Dressing,
Brown Rice and Beans with Ginger Chile Salsa,https://www.epicurious.com/recipes/food/views/brown-rice-and-beans-with-ginger-chile-salsa-51155420
Leek and Celery Pie,
"Artichoke, Potato, and Portobello Mushroom Casserole",
Black Grape Compote,https://www.epicurious.com/recipes/food/views/black-grape-compote-56389973
Linguine with Tomatoes and Artichoke Hearts,
Pasta Primavera,https://www.epicurious.com/recipes/food/views/pasta-primavera
Cole Slaw,
Beef Empañadas,
Fiesta Tortilla Salad,https://www.epicurious.com/recipes/food/views/fiesta-tortilla-salad-5720
Creamy Baked Polenta with Herbs and Green Onions,
"Linguine with Red, Yellow, and Orange Tomatoes",
"Crispy Skate with Cauliflower, Bacon, Capers, and Croutons",https://www.epicurious.com/recipes/food/views/crispy-skate-with-cauliflower-bacon-capers-and-croutons-233702
Orange-Roasted Baby Carrots with Honey,
Thanksgiving Skillet Pizza,https://www.epicurious.com/recipes/food/views/thanksgiving-skillet-pizza
Lemon Blueberry Cobbler,
Walnut Spice Cake with Lemon Glaze,
Sauteed Duck Breast with Figs and Port,
Pineapple-Citrus Juice,
Fruit Kebabs with Vanilla Mint Yogurt Sauce,
Dukkah-Crusted Lamb Chops with Pomegranate Molasses,
Fresh Lime Tart with Meringue Lattice and Glazed Berries,
Tropical Glazed Ham with Curried Pineapple Chutney,
Chicken and Spelt Soup with Greens,
Peachy Grilled Chicken Salad,
Chilled Crab Cakes with a Tropical Fruit Coulis,
"Mixed Citrus ""Marmalade""",
Pistachio Cardamom Butter Cookies,
Dark Chocolate Orange Soufflé with White Chocolate Chunk Whipped Cream,
Wakame,
Pork Tenderloin with Pomegranate Sauce,
Microwave Brown Roux,https://www.epicurious.com/recipes/food/views/microwave-brown-roux-14274
Fish Fillets in Mole Verde,
Chicken-Pine Nut Dumplings with Chili-Chili Dipping Sauce,https://www.epicurious.com/recipes/food/views/chicken-pine-nut-dumplings-with-chili-chili-dipping-sauce-102612
Oatmeal Praline Ice Cream with Warm Berry Sauce,https://www.epicurious.com/recipes/food/views/oatmeal-praline-ice-cream-with-warm-berry-sauce-109493
Shortcut Turkey Stock,
Italian Sausage and Tortellini Soup,
Cheddar Cheese Biscuits,
Wasabi Lime Crab Salad in Cucumber Cups,
Pea and Parmesan Wonton Ravioli,https://www.epicurious.com/recipes/food/views/pea-and-parmesan-wonton-ravioli-352850
Ricotta-Pumpkin Gnocchi With Brown Butter,
Rhubarb Charlotte,
Roasted Chicken with Dijon Sauce,https://www.epicurious.com/recipes/food/views/roasted-chicken-with-dijon-sauce-241742
Grilled Teriyaki Pork Chops with Pineapple Papaya Relish,https://www.epicurious.com/recipes/food/views/grilled-teriyaki-pork-chops-with-pineapple-papaya-relish-11847
Eggplant Parmesan,https://www.epicurious.com/recipes/food/views/eggplant-parmesan
Ziti with Kielbasa and Sauerkraut,
"Trout with Red Cabbage, Jicama, and Chipotle Slaw",https://www.epicurious.com/recipes/food/views/trout-with-red-cabbage-jicama-and-chipotle-slaw-362310
Oysters with Spicy Jícama Salad,
Spiced Rum No. 5,
Fresh Corn Spoon Bread,
Ras-El-Hanout,
Beef Rolls with Ham and Vegetables Stuffing,
Green-Peppercorn Cornmeal Crackers,https://www.epicurious.com/recipes/food/views/green-peppercorn-cornmeal-crackers-357979
Veal Marsala,
Deviled Crab Tart,
Lime-Saffron Syrup,https://www.epicurious.com/recipes/food/views/lime-saffron-syrup-366173
Cilantro-Chipotle Tilapia,https://www.epicurious.com/recipes/food/views/cilantro-chipotle-tilapia-351295
Creamy Scrambled Eggs with Spinach,
Honey Barbequed Salmon with Mâche,https://www.epicurious.com/recipes/food/views/honey-barbequed-salmon-with-mache-12667
Curried Egg Salad,
"Soba with Pea Shoots, Shiitake Mushrooms, and Leeks",https://www.epicurious.com/recipes/food/views/soba-with-pea-shoots-shiitake-mushrooms-and-leeks-12060
Shrimp with Mango Sauce,
Lemon Olive-Oil Cake,
Roasted Peperonata,
Fettuccine With Artichokes,
Chicken With Olive Tapenade,
Red-Wine-Braised Duck Legs,
Lemon Pudding,
Figs in Red-Wine Syrup,https://www.epicurious.com/recipes/food/views/figs-in-red-wine-syrup-108897
Scallops with Apple-Curry Sauce,
Green Salad with Olives,
Broccolini with Italian Herb Oil,
Fennel and Celery Salad with Pumpkin Seeds,
Napa Valley Cabernet Burgers,https://www.epicurious.com/recipes/food/views/napa-valley-cabernet-burgers-108303
Jerk Chicken,
"Baked Apples with Toffee, Bourbon and Molasses",https://www.epicurious.com/recipes/food/views/baked-apples-with-toffee-bourbon-and-molasses-104152
"Pear, Blue Cheese, and Fig Napoleons",https://www.epicurious.com/recipes/food/views/pear-blue-cheese-and-fig-napoleons-108656
Grilled Lamb Loin With Tomato and Cucumber Raita and Israeli Couscous,https://www.epicurious.com/recipes/food/views/grilled-lamb-loin-with-tomato-and-cucumber-raita-and-israeli-couscous-360369
Roasted Sweet Potatoes with Mushrooms and Shallots,
Barbary Coast,
"Spinach, Basil Ricotta Purée",
Basic Oven-Baked Marinated Tempeh,https://www.epicurious.com/recipes/food/views/basic-oven-baked-marinated-tempeh-231049
Sliced Baked Ham with Camembert Sauce,
Parmesan Onion Puffs,
Beef Tenderloin with Goat Cheese Sauce,
"Pasta with Shrimp, Tomatoes and Arugula",
Imperial Peach Sundaes,
Zucchini Cones Filled with Lemon Mint Pea Purée,
Jamaican Coffee Brownies with Pecans,https://www.epicurious.com/recipes/food/views/jamaican-coffee-brownies-with-pecans-234819
Scallops with Asian Noodle Salad,
Pear and Apple Crostata with Five-Spice Whipped Cream,
Portuguese Corn Bread,https://www.epicurious.com/recipes/food/views/portuguese-corn-bread-2488
"Watermelon, Strawberry, and Mint Smoothie",
Streusel-Roasted Plums with Vanilla Ice Cream,https://www.epicurious.com/recipes/food/views/streusel-roasted-plums-with-vanilla-ice-cream-235562
Apple Ginger Upside-Down Cake,
"Green Bean, Orange, and Green Olive Salad",
Braised Lamb Shanks with White Beans,
Greek Honey and Anise Twists,https://www.epicurious.com/recipes/food/views/greek-honey-and-anise-twists-3051
Grilled Whole Turkey,
Mustard Dill Sauce,
Tropical Margarita,
Pearl Oyster Bar Tartar Sauce,
Mango Curry Truffles,
Sweet Pastry Dough,
Tuscan Kale with Sesame Oil,https://www.epicurious.com/recipes/food/views/tuscan-kale-with-sesame-oil-51210210
Ginger Cakes with Molten Chocolate Centers and Ginger Crème Anglaise,
Pumpkin Mustard Relish,
Crab Cakes with Herb Salad,
Smoked Whiskey Wings,
Anise Cookie Baskets with Riesling Ice Cream and Fresh Fruit,https://www.epicurious.com/recipes/food/views/anise-cookie-baskets-with-riesling-ice-cream-and-fresh-fruit-1150
Rosemary-and-Pepper Standing Rib Roast with Two-Mushroom Pan Sauce,https://www.epicurious.com/recipes/food/views/rosemary-and-pepper-standing-rib-roast-with-two-mushroom-pan-sauce-236584
Sweet Potato Salad with Chili-Lime Dressing,
Quick Apple Tart,
Grilled Chicken with with Tamarind-Orange Glaze,
Golden Colcannon Pie,
Red Currant-Glazed Turkey with Sage and Red Currant Gravy,https://www.epicurious.com/recipes/food/views/red-currant-glazed-turkey-with-sage-and-red-currant-gravy-15695
Crunchy Wasabi-Crusted Fish with Red-Cabbage Slaw,https://www.epicurious.com/recipes/food/views/crunchy-wasabi-crusted-fish-with-red-cabbage-slaw-235465
Maple Syrup Candies,https://www.epicurious.com/recipes/food/views/maple-syrup-candies
Garlic Anchovy Artichoke Hearts,https://www.epicurious.com/recipes/food/views/garlic-anchovy-artichoke-hearts-51233430
Roasted Chicken with Garbanzo Ragoût and Gremolata,
Pesto From the Sea,
Seafood and Fennel Soup,
"New England Blackberry ""Torte""",
Slow-Roasted Chicken With All the Garlic,https://www.epicurious.com/recipes/food/views/slow-roasted-chicken-with-all-the-garlic
"Tagliatelle with Spotted Sardines, Eggplant, and House-Baked Ricotta Salata",https://www.epicurious.com/recipes/food/views/tagliatelle-with-spotted-sardines-eggplant-and-house-baked-ricotta-salata-232419
Pasta with Spring Vegetables and Prosciutto,
Spicy-Sweet Tangerine Shrimp with Baby Bok Choy,
Austrian Sweet Cheese Crepes Baked in Custard,https://www.epicurious.com/recipes/food/views/austrian-sweet-cheese-crepes-baked-in-custard-13508
Vegetable and Tofu Red Curry,
"Tagliatelle with Shredded Beets, Sour Cream, and Parsley",https://www.epicurious.com/recipes/food/views/tagliatelle-with-shredded-beets-sour-cream-and-parsley-109365
Moroccan Lamb Kebabs with Golden Couscous,https://www.epicurious.com/recipes/food/views/moroccan-lamb-kebabs-with-golden-couscous-108302
Julia's and Jacques's Deglazing Sauce for Roast Chicken,https://www.epicurious.com/recipes/food/views/julias-and-jacquess-deglazing-sauce-for-roast-chicken-102266
"Spinach, Feta, and Pine-Nut Phyllo Tart",
Anise-Scented Fig and Date Swirls,https://www.epicurious.com/recipes/food/views/anise-scented-fig-and-date-swirls-13262
Mutabal,
Coleslaw with Bay Shrimp and Tarragon,
Veal Scaloppine with Mushroom Cream Sauce,
Mint-Chocolate Ice Cream Sandwich Cake,https://www.epicurious.com/recipes/food/views/mint-chocolate-ice-cream-sandwich-cake
Cioppino,
"Butter Lettuce Salad with Bacon, Dried Cherries, and Roquefort Vinaigrette",
Turkey Enchiladas with Red Chili Sauce,
Hanger Steak with Shallots,
Olive-Oil-Poached Salmon and Braised Artichokes with Sauvignon Blanc,https://www.epicurious.com/recipes/food/views/olive-oil-poached-salmon-and-braised-artichokes-with-sauvignon-blanc-232832
Lamb and Broccoli Stew,https://www.epicurious.com/recipes/food/views/lamb-and-broccoli-stew-51144020
Manhattan-Style Seafood Stew,
Salmon Wrapped Poached Eggs,
Hazelnut-Cinnamon Biscotti,
Pasta with Butternut Squash and Sage,
Berry Compote with Crispy Won Ton Strips and Vanilla Ice Cream,https://www.epicurious.com/recipes/food/views/berry-compote-with-crispy-won-ton-strips-and-vanilla-ice-cream-103735
Grilled Butterflied Leg Of Lamb With Fresh Mint-Pepper Jelly,
"Fried Squid, Papaya, and Frisée Salad with Spicy-Sour Dressing",
Scandinavian Yellow Pea Soup,
Caraway Cabbage Chips with Dill Yogurt,https://www.epicurious.com/recipes/food/views/caraway-cabbage-chips-with-dill-yogurt-51223650
Sautéed Green Beans and Brussels Sprouts with Chile and Mint,
Roast Chicken with Maple-Soy Glaze,
Toast with Tomato-Butter and Marjoram,https://www.epicurious.com/recipes/food/views/toast-with-tomato-butter-and-marjoram-56389812
Rib Eye Roast,
Mussels with Shallots and Tarragon,
Lemon Crème Brûlée Tart,
Wine-Braised Ham with Shallots and Carrots,https://www.epicurious.com/recipes/food/views/wine-braised-ham-with-shallots-and-carrots-109392
Meyer Lemon Budino,
Agave Margarita,
Mexican Sandwiches,
"Celery Root, Radish, and Watercress Salad with Mustard Seed Dressing",https://www.epicurious.com/recipes/food/views/celery-root-radish-and-watercress-salad-with-mustard-seed-dressing-240107
Blood Orange Roast Pork Loin,https://www.epicurious.com/recipes/food/views/blood-orange-roast-pork-loin-240673
Rice with Soy-Glazed Bonito Flakes and Sesame Seeds,
Pickled Napa Cabbage,
Quick-Pickled Carrots,https://www.epicurious.com/recipes/food/views/quick-pickled-carrots-56389447
Tagliatelle with Zucchini and Shrimp,
"Salmon Salad with Fennel, Orange, and Mint",
Lemon Pasta with Chicken and Pine Nuts,
Cornmeal Biscuits with Chorizo Gravy and Scallions,
"Roasted Sausages, Apples, and Cabbage with Caraway",
Apple Galette,
Poulet aux Citrons Confits et Olives,https://www.epicurious.com/recipes/food/views/poulet-aux-citrons-confits-et-olives-15176
Pistachio Meringues,
Pasta with Fresh Tomato-Herb Sauce,
"Sauteed Chicken with Parsnip, Apple, and Sherry Pan Sauce",https://www.epicurious.com/recipes/food/views/sauteed-chicken-with-parsnip-apple-and-sherry-pan-sauce-234145
Linguine with Pears and Gorgonzola Cheese,
Fresh Blackberry Napoleons with Cream Cheese Mousse,https://www.epicurious.com/recipes/food/views/fresh-blackberry-napoleons-with-cream-cheese-mousse-231900
Thyme-Toasted Almonds,
Fried Mozzarella Skewers,
Sauteed Mushrooms with Lemon Cream,
Strawberry-Cucumber Salad with Lemon Cream,
Garlic and Sage Marinated Antipasto,
Pineapple and Banana Couscous Pudding,
Cardamom Chai,
Banana Gratins,
Turkish Grilled Turkey or Chicken with Tangy Herbed Yogurt,https://www.epicurious.com/recipes/food/views/turkish-grilled-turkey-or-chicken-with-tangy-herbed-yogurt-51237070
Cornish Game Hen with Stuffing and Sherried Gravy,https://www.epicurious.com/recipes/food/views/cornish-game-hen-with-stuffing-and-sherried-gravy-1558
Merveilles,
Berry Napoleons,
Grilled Korean-Style Short Ribs,
Parmesan Bread Pudding with Broccoli Rabe and Pancetta,
Frittata with Mustard Greens and Fontina,
"Potato, Caramelized Onion, and Goat Cheese Gratin",
Whole-Wheat Scones,https://www.epicurious.com/recipes/food/views/whole-wheat-scones-395232
Chicken Giblet Stock,
Citrus-Brined Pork Loin with Peach Mustard,https://www.epicurious.com/recipes/food/views/citrus-brined-pork-loin-with-peach-mustard-51239860
Vodka and Watermelon Cooler,
Berry-Vodka Cooler,
Salmon Burgers with Spinach and Ginger,
Crazy Cantina Chili,
Classic Mayonnaise,https://www.epicurious.com/recipes/food/views/mayonnaise-recipe
Crispy Fried Shallots,https://www.epicurious.com/recipes/food/views/crispy-fried-shallots
Blue Plate Special Meat Loaf,
Coconut Rum Cake,
Twice-Baked Almond Cookies,
Grilled Chicken with Roasted Tomato and Oregano Salsa,
Apple Chips,
Nachos,
Feta and Mint Rice,
Vegetable Ragoût,
Frozen Raspberry Zabaglione on Meringues with Chocolate Sauce,https://www.epicurious.com/recipes/food/views/frozen-raspberry-zabaglione-on-meringues-with-chocolate-sauce-559
Creamy Grits with Rosemary Bacon,https://www.epicurious.com/recipes/food/views/creamy-grits-with-rosemary-bacon-352275
Candied Walnuts,
Rib-Eye Steaks with Bell Peppers and Gorgonzola Butter,
Deviled Potato Salad,
Fresh Homemade Ricotta,
Three-Berry Pie with Vanilla Cream,
Spinach Salad with Tamarind Dressing and Pappadam Croutons,https://www.epicurious.com/recipes/food/views/spinach-salad-with-tamarind-dressing-and-pappadam-croutons-109301
Wee Gazpacho,
Roasted Tomato and Herb Tart,
Apple-Cranberry Crisp,
Bacon-Wrapped Trout,https://www.epicurious.com/recipes/food/views/bacon-wrapped-trout-51238030
Grilled Chicken Breast Stuffed with Prosciutto and Basil,
Piña Colada Pie,
Cream Cheese Crostata with Orange Marmalade,
"Banana, Raspberry, and Granola Yogurt",
Cajeta Flan,https://www.epicurious.com/recipes/food/views/cajeta-flan-243272
Tossed Fresh Fruit Salad with Orange Mayonnaise Dressing,
"Grilled Scallop ""Ceviche""",
Five-Spice Roasted Guinea Hens,https://www.epicurious.com/recipes/food/views/five-spice-roasted-guinea-hens-13172
Overnight Pizza Dough,
Cabbage and Corn Slaw with Cilantro and Orange Dressing,
Turkey Mole,
Tortellini with Chicken and Pesto,
Thai Tea Pudding with Lime Caramel and Candied Cashews,https://www.epicurious.com/recipes/food/views/thai-tea-pudding-with-lime-caramel-and-candied-cashews-51112740
Pork Tenderloin Cubano,
Farmhouse Herbed Stuffing,
"Spaghetti with Cauliflower, Green Olives, and Almonds",https://www.epicurious.com/recipes/food/views/spaghetti-with-cauliflower-green-olives-and-almonds-236936
Macadamia Nut and Bittersweet Chocolate Ice-Cream Bombe with Macadamia Nut Praline,
Baked Minty Rice with Feta and Pomegranate Relish,https://www.epicurious.com/recipes/food/views/baked-minty-rice-with-feta-and-pomegranate-relish
Brisket With Pomegranate-Walnut Sauce and Pistachio Gremolata,
Apple Fennel Granita,
Fish and Chips with Malt Vinegar Mayonnaise,
Pasta with Chickpeas and Charred Tomatoes,
Grilled Halloumi With Watermelon and Basil-Mint Oil,
Poached Chicken Breast Stuffed with Goat Cheese and Spinach,https://www.epicurious.com/recipes/food/views/poached-chicken-breast-stuffed-with-goat-cheese-and-spinach-105864
Garlic Rosemary Jelly,
Broccoli and Cheddar Skillet Flan,
Smoked Turkey and Blue Cheese Salad,
Tuna and Vegetable Fettuccine with Lemon Breadcrumbs,
Basil-Arugula Pesto,
Penne with Basil-Seafood Sauce,
Tomato-Chipotle Soup with Fresh Peach Salsa,
Madeira Cream Gravy,
Swiss Chard Gratin,
Lemon Garlic Mayonnaise,
Traditional Fish Stock,
Apple and Dried-Cherry Lattice Pie,
Cantaloupe Sherbet,
Radish and Cucumber Salad with Yogurt Dressing,
"Veal and Tomato Ragoût with Potatoes, Cinnamon, and Cream",https://www.epicurious.com/recipes/food/views/veal-and-tomato-ragout-with-potatoes-cinnamon-and-cream-104718
Apple Pancakes with Cinnamon Butter,
Cherry Tomato Pizza Margherita,
Pearl Couscous with Olives and Roasted Tomatoes,https://www.epicurious.com/recipes/food/views/pearl-couscous-with-olives-and-roasted-tomatoes-107025
Pineapple Sangria,
Chick-Pea Tomato Stew with Moroccan Flavors,
"Potato, Celery and Ham Salad with Tarragon",
Spicy Kale and Chick-Pea Stew,
Butternut Squash Gnocchi with Duck Confit and Swiss Chard,
Spiced Persimmon Chutney,https://www.epicurious.com/recipes/food/views/spiced-persimmon-chutney-100344
Summer Crudités with Bagna Cauda,
Coffee Ice Cream Sundaes with Pine Nut-Caramel Sauce,
Orecchiette with Sausage and Red Pepper Sauce,
Veal Chops with Sherry Gastrique and Roasted Peperonata,https://www.epicurious.com/recipes/food/views/veal-chops-with-sherry-gastrique-and-roasted-peperonata-362589
Avocado Mayonnaise,https://www.epicurious.com/recipes/food/views/avocado-mayonnaise-2147
Vacherins with Raspberry Sorbet and Mixed Berry-Cardamom Sauce,https://www.epicurious.com/recipes/food/views/vacherins-with-raspberry-sorbet-and-mixed-berry-cardamom-sauce-102908
Lentil and Rice Salad,
Smoked Salmon Chowder,
Tandoori-Spiced Chicken Breasts,
"Blue Cheese, Port, and Walnut Spread",
Paella Valenciana,
Steak with Chimichurri Sauce,
Lemon Macaroon Ice Cream with Blueberry Compote,
Fruitcake with Ginger Cream Cheese,
Beef Shank and Sausage Ragù with Whole Grain Spaghetti,https://www.epicurious.com/recipes/food/views/beef-shank-and-sausage-ragu-with-whole-grain-spaghetti-352589
Fruity Iced Tea,
Cucumber Avocado Soup,https://www.epicurious.com/recipes/food/views/cucumber-avocado-soup-238943
Linguine with Baby Heirloom Tomatoes and Anchovy Breadcrumbs,https://www.epicurious.com/recipes/food/views/linguine-with-baby-heirloom-tomatoes-and-anchovy-breadcrumbs-359250
Kabocha Squash and Pork Stir-Fry,
Summer Chicken Sauté with Tomato-Basil Sauce,
Lemon-Buttermilk Ice Pops,
"Wild Rice, Apple, and Dried-Cranberry Stuffing",https://www.epicurious.com/recipes/food/views/wild-rice-apple-and-dried-cranberry-stuffing-108759
Pommes Anna,
Pasta Paella with Clams and Spicy Sausage,
Grilled Rosemary Chicken,https://www.epicurious.com/recipes/food/views/grilled-rosemary-chicken-366696
Collard Greens Slaw,
"Asparagus Salad with Celery Leaves, Quail Eggs, and Tarragon Vinaigrette",
Cream of Cope's Corn Soup with Shrimp and Wild Mushrooms,https://www.epicurious.com/recipes/food/views/cream-of-copes-corn-soup-with-shrimp-and-wild-mushrooms-241191
Sour Cream Raisin Pie,
Steaks with Herb-Spice Blend,
Spice-Rubbed Lamb Chops with Roasted Tomatoes,
Duck with Walnut Sherry Vinaigrette,https://www.epicurious.com/recipes/food/views/duck-with-walnut-sherry-vinaigrette-233794
Asparagus Ravioli in Parmesan Sauce,
Juana's Chicken-Stuffed Poblanos,
"Celery, Radish, and Olive Salad",
Cornmeal-Crusted Chicken Salad,
Barley and Roasted-Vegetable Soup,
Candied Kumquats,https://www.epicurious.com/recipes/food/views/candied-kumquats-claudia-fleming
Fresh Vegetable Broth,
Spicy Roasted Red Pepper and Cheese Corn Breads,
Roasted Salmon with Cranberry-Mustard Sauce,
Curried Beef Stew,
Melange of Winter Vegetables,
Baked Oysters in Jackets with Bacon Cognac Butter,
Ultra-Buttery Irish Scones,https://www.epicurious.com/recipes/food/views/ultra-buttery-irish-scones-56389333
Elvis-Inspired Peanut Butter Banana Waffles,https://www.epicurious.com/recipes/food/views/elvis-peanut-butter-banana-waffles
Rotelle with Mushroom Sauce,
Butternut Squash and Rutabaga Purée,
3-Ingredient Red Snapper With Green Sauce and Scallions,https://www.epicurious.com/recipes/food/views/3-ingredient-red-snapper-with-green-sauce-and-scallions
Fennel-Crusted Roast Pork,
Buffalo Grilled Shrimp with Blue Cheese Dip and Celery,
Spicy Roasted Vegetable Soup with Toasted Tortillas,
Tennessee Williams's Lemon Icebox Pie,
Alexander Young,https://www.epicurious.com/recipes/food/views/alexander-young-200078
Caramelized-Onion Dip with Cilantro-Garlic Pita Crisps,https://www.epicurious.com/recipes/food/views/caramelized-onion-dip-with-cilantro-garlic-pita-crisps-236164
Honey-Hazelnut Financiers,
Shrimp and Spinach with Tomato Curry Over Naan,https://www.epicurious.com/recipes/food/views/shrimp-and-spinach-with-tomato-curry-over-naan-232976
Glögg,
Four-Cheese Manicotti,https://www.epicurious.com/recipes/food/views/four-cheese-manicotti
"Steamed Clams and Lobster with Shallot Butter, Corn, Sausages and Potatoes",https://www.epicurious.com/recipes/food/views/steamed-clams-and-lobster-with-shallot-butter-corn-sausages-and-potatoes-101948
Old-Fashioned Meat Loaf,
Honey-Peach Tart with Vanilla Ice Cream,
"Do-Ahead Sheboygan ""Brats""",https://www.epicurious.com/recipes/food/views/do-ahead-sheboygan-brats-12644
Fresh Pumpkin Purée,
Pork Chops with Sour Cream-Dill Sauce,
Feta Walnut Date Cigars,https://www.epicurious.com/recipes/food/views/feta-walnut-date-cigars-365214
Warm Wild Mushroom Salad,
Ham with Tart Berry Sauce,
Tongue with Mustard-Horseradish Sauce,
Miso-Turmeric Dressing,https://www.epicurious.com/recipes/food/views/miso-turmeric-dressing
Spiced Salad Dressing,
South American Fried Chicken,
Spicy Black Bean Cakes,
Roast Chicken with Lemon and Tarragon Butter,
Chicken and White Bean Soup with Herb Swirl,
Roast Turkey with Port Wine Gravy,
"Sliced Filet Mignon with Fava Beans, Radishes, and Mustard Dressing",https://www.epicurious.com/recipes/food/views/sliced-filet-mignon-with-fava-beans-radishes-and-mustard-dressing-234424
Applejack Rabbit,https://www.epicurious.com/recipes/food/views/applejack-rabbit-200897
Grilled Lamb with Lima Bean Skordalia,
Carrot and Bell Pepper Slaw,
Sliced Baked Apples,
"Pea, Radish, and Cabbage Slaw",https://www.epicurious.com/recipes/food/views/pea-radish-and-cabbage-slaw-51238450
Salted Roast Turkey with Chipotle Glaze and Caramelized-Onion Gravy,
Lemon Ice Cream Sandwiches with Blueberry Swirl,
White Chocolate Mousse and Berry Tart,
Spiced Cranberry Sauce,
Whole Wheat-Apple Crisp,
Honey-Brandy Oranges,
Rosemary-Concord Shrub,https://www.epicurious.com/recipes/food/views/rosemary-concord-shrub-56389972
Green Bean and Radicchio Salad with Roasted Beets and Balsamic Red Onions,
Smoked Chicken Chowder,
Roast Turkey with Sage Butter,
Mojo Marinade,
Spicy Lamb and Chorizo Chili,
Chocolate Hazelnut Torte,
Scallop Tea Rice,
Lemon Thyme Madeleines with Lemon Vodka Syrup,
Buckwheat Crepes with Pears and Crème Fraîche,https://www.epicurious.com/recipes/food/views/buckwheat-crepes-with-pears-and-creme-fraiche-357272
Blueberry-Buttermilk Bundt Cake,
Sweet-Potato Fritters,
"Shrimp with Fennel, Dill, and Feta",
Cheesy Shrimp Enchilada Bake,
Rutabaga and Carrot Purée,https://www.epicurious.com/recipes/food/views/rutabaga-and-carrot-puree-104253
Crab Stock,
Lemon Souffles with Boysenberries,https://www.epicurious.com/recipes/food/views/lemon-souffles-with-boysenberries-241606
Cold Beet and Celery Soup,
Cilantro Mint Chutney,
Mahi-Mahi with Fresh Cilantro Chutney,
Ginger Syrup,
Toasted Sweet Corn Pudding,
"Chicken, Potato, and Carrot Enchiladas with Ancho-Guajillo Chile Sauce",
Chicken with Honey-Mustard Sauce,
Lemon Chicken Cutlets,
Smothered Grilled Pork Chops,
Cheddar Cheese Biscuits with Dill and Chives,
Roast Rack of Lamb with Hoisin-Orange Glaze and Red Onions,
Roast Loin of Pork with Apple-Onion Chutney,
"Zucchini, Cheese and Herb Fritters",
"Peanut Butter, Scallion, and Bacon Canapes",
Egg Ribbon and Parmesan Soup,
Creamy Pappardelle with Leeks and Bacon,https://www.epicurious.com/recipes/food/views/creamy-pappardelle-with-leeks-and-bacon-51143620
Sizzling Halloumi Cheese with Fava Beans and Mint,
Scallop Brochettes with Mango-Tarragon Salsa,
Waikaloa Breeze,
Leek Tart,
Fideos with Mussels,
Gingered Apple Slaw,
"Pizza with Sausage, Tomatoes and Basil",
Brined Roast Turkey Breast with Confit Legs,https://www.epicurious.com/recipes/food/views/brined-roast-turkey-breast-with-confit-legs-51123110
Bacon Smashed Potatoes,
Arugula and Green Bean Salad with Walnut Oil Dressing,
White Chocolate Truffle and Chocolate Fudge Layer Cake,
Spicy Ham Hash,
Grilled Sardine Tartines with Onion and Arugula,
"Pasta with Chicken, Sun-Dried Tomatoes, Gorgonzola and Pine Nuts",
Grilled Spicy-Citrus Chicken Thighs with Corn and Green Onions,
Three-Mustard Mayonnaise,
"Herbed Bread, Cracker and Leek Dressing",https://www.epicurious.com/recipes/food/views/herbed-bread-cracker-and-leek-dressing-2754
Peppered Tuna with Mango-Corn Salsa,
Green Beans with Mushroom-Madeira Sauce,
Flounder in Jalapeño Cream,
Lemon Tart with Frozen Lime Cream,
Rum Currant Ice Cream,
Sauteed Salmon with Dill Lemon Pesto,
"Butternut Squash, Bacon, and Rosemary Phyllo Pizza",
Chicory-Apple Salad with Brown Butter Dressing,https://www.epicurious.com/recipes/food/views/chicory-apple-salad-with-brown-butter-dressing-56390055
Lamb and Sweet Potato Stew,
Whole Wheat Porcini Soda Bread,
Vegetable Kebabs with Mustard Basting Sauce,
Sugar Snap Peas with Toasted Sesame Seeds,
Yellow Tomato Gazpacho with Cilantro Oil and Avocado,
Nectarine-Pecan Cookie Tarts,
Peach Lattice Pie,
Lazy Texas Brisket,
Chicken Potpie with Chive Mash Potatoes,https://www.epicurious.com/recipes/food/views/chicken-potpie-with-chive-mash-potatoes-11397
Cherry-Fudge Brownies with Chocolate Sauce and Chocolate-Dipped Cherries,
Soy Vinegar Dipping Sauce,https://www.epicurious.com/recipes/food/views/soy-vinegar-dipping-sauce-350208
Du Barry,https://www.epicurious.com/recipes/food/views/du-barry-200243
Shark Kebabs with Orange-Avocado Salsa,https://www.epicurious.com/recipes/food/views/shark-kebabs-with-orange-avocado-salsa-3037
Steak and Soba Stir-Fry,https://www.epicurious.com/recipes/food/views/steak-and-soba-stir-fry-51155240
"Roasted Carrot, Parsnip, and Potato Coins",
Ice Block,
Turkey Pinwheels,
Chicken and Couscous with a Punchy Relish,https://www.epicurious.com/recipes/food/views/chicken-and-couscous-with-a-punchy-relish-56389470
Oven Fried Chicken,
Vegetable-Stuffed Loin of Veal with Sweetbreads,https://www.epicurious.com/recipes/food/views/vegetable-stuffed-loin-of-veal-with-sweetbreads-109214
Pan-Roasted Salmon with Ginger and Curry,
Hazelnut-Crusted Racks of Lamb with Tomato-Olive Ragoût,
Lamb and Red Pepper Kebabs,
Sour Milk Corn Bread,
New York Sour,https://www.epicurious.com/recipes/food/views/new-york-sour-cocktail
Red Wine-Braised Short Ribs with Vegetables,
Parmesan Muffins,
Caramel Sauce,https://www.epicurious.com/recipes/food/views/caramel-sauce-ken-haedrich
"Eggplant, Tomato, and Pesto Stack",
"Roasted Beet, Red Onion and Cranberry Relish",
Old-Fashioned Meatloaf for Two,
Mixed Grilled Vegetables,
Vietnamese-Style Grilled Steak with Noodles,https://www.epicurious.com/recipes/food/views/vietnamese-style-grilled-steak-with-noodles-12166
Turkey Breast Braciola,https://www.epicurious.com/recipes/food/views/turkey-breast-braciola-14417
Sauteed Shrimp with Mustard-Chive Sauce,
Sage Vinaigrette,
Peaches with Shortcake Topping,
"Shrimp Ceviche with Carrot, Orange, and Fennel",https://www.epicurious.com/recipes/food/views/shrimp-ceviche-with-carrot-orange-and-fennel-109509
Red Potato Skewers with Garlic and Mustard,
Thai-Style Fusilli with Eggplant and Shiitake,
Bow Thai Pasta with Shrimp,
"Fettuccine with Zucchini, Arugula, Basil, and Lemon",
Thai Curry Penne with Ginger-Tomato Chutney,
Jerk Pork Tenderloin,
Peppered Beef Slices with Green Onions and Radishes,
"""Brown on Blonde"" Blondies",https://www.epicurious.com/recipes/food/views/blondies
Goat Cheese Quesadillas with Tomato and Corn Salsa,https://www.epicurious.com/recipes/food/views/goat-cheese-quesadillas-with-tomato-and-corn-salsa-235221
"Salmon, Scallop, and Pea Terrine",
Spiced Pork with Celery Root Purée and Lentils,https://www.epicurious.com/recipes/food/views/spiced-pork-with-celery-root-puree-and-lentils-108575
Lamb Medallions with White-Bean Potato Purée and Red-Wine Sauce,https://www.epicurious.com/recipes/food/views/lamb-medallions-with-white-bean-potato-puree-and-red-wine-sauce-10674
Scallion Slaw,
"Beef, Black Bean, and Corn Nachos",
Classic Turkey Stock,
Passion-Fruit Fool,
Chocolate Chunk and Apricot Cannoli,
Spicy Black Beans with Bell Peppers and Rice,
Cassis-Spiked Cranberry Sauce,
"Grilled Shrimp with Feta, Cilantro and Lime",
Dates with Goat Cheese Wrapped in Prosciutto,
White Barbecue Sauce,
Sauteed Striped Bass with Mint Pesto and Spiced Carrots,https://www.epicurious.com/recipes/food/views/sauteed-striped-bass-with-mint-pesto-and-spiced-carrots-237901
Perfect Mashed Potatoes,
Nantucket Scallop Chowder,
Parsley Pepita Pesto,
Chocolate and Zucchini Cake,
Banana-Cinnamon French Toast,
Peanut Butter and Grape Smoothie,https://www.epicurious.com/recipes/food/views/peanut-butter-and-grape-smoothie-51257370
Garden Tuna Salad,
Allies,
Strawberry Banana Margarita,
Scandinavian Open-Face Bay Shrimp Sandwich,
Coconut Cheesecake with Passion Fruit Glaze,https://www.epicurious.com/recipes/food/views/coconut-cheesecake-with-passion-fruit-glaze-362595
Spiced Milk Tea (Masala Chai),
"Spicy Tomato, Pepper, Cucumber, Mint, and Parsley Salad",
"Fillet of Beef on Garlic Croutons with Roasted Onion, Caper, and Tarragon Sauce",https://www.epicurious.com/recipes/food/views/fillet-of-beef-on-garlic-croutons-with-roasted-onion-caper-and-tarragon-sauce-13577
Corn and Tomato Salad with Cilantro Dressing,
"Rigatoni with Eggplant, Tomato, and Ricotta",
Pork Chops with Sauteed Apples and Applejack Cream,
Roast New York Strip Loin with Adobo Rub,
Nellie & Joe's Key Lime Pie,https://www.epicurious.com/recipes/food/views/nellie-and-joes-key-lime-pie
Cheddar Cheese Scones,
Homemade Chocolate Liqueur,https://www.epicurious.com/recipes/food/views/homemade-chocolate-liqueur-351266
Three-Nut Pie with Cranberries,
Cranberry-Chipotle Fruit Conserve,
Turkey Meat Loaf with Tomato Sauce,
Seafood Spaghetti,
Broiled Apples and Pears with Rosemary,https://www.epicurious.com/recipes/food/views/broiled-apples-and-pears-with-rosemary-105687
Roasted Asparagus Salad with Tangerine Dressing,
Steak Skewers with Scallion Dipping Sauce,https://www.epicurious.com/recipes/food/views/steak-skewers-with-scallion-dipping-sauce-51104370
Chicken Wings with Curry-Yogurt Glaze,
Bean Thread Noodles with Beef and Asian Pear,
Broiled Tofu with Miso (Tofu Dengaku),
Sausage and Cheese Strata with Sun-Dried Tomatoes,
Sea Bass with Gingered Vegetable Stir-Fry,
Warm Herbed Coriander Rice Salad,
Fresh Herb Platter (Sabzi Khordan),
Berry Rum Punch,
Berbere-Crusted Rack of Lamb,
"Lentils with Cucumbers, Chard, and Poached Egg",https://www.epicurious.com/recipes/food/views/-lentils-with-cucumbers-chard-and-poached-egg-51260640
Floradora,https://www.epicurious.com/recipes/food/views/floradora-200367
Spiced Apple-Cider Granita with Ginger Whipped Cream,
Chocolate-Dipped Orange Peel,
Pickled Beet and Cucumber Salads,
Cinnamon-Clove Ice Cream,
Stir-Fried Bok Choy and Cabbage,
Brown Sugar-Ginger Ice Cream,
Walnut-Streusel Sauce,
"Linguine with Gorgonzola, Prosciutto, and Spinach",
Frozen Strawberry Lemon Meringue Torte,
"Fettucine with Peas, Asparagus, and Pancetta",https://www.epicurious.com/recipes/food/views/fettucine-with-peas-asparagus-and-pancetta-358490
"Polenta, Goat Cheese, and Mushroom Tart",https://www.epicurious.com/recipes/food/views/polenta-goat-cheese-and-mushroom-tart-13082
Caviar and Blinis,
Crustless Quiche,
Smoked Salmon Tartare with Ginger and Sesame,
German Lebkuchen Cake with White Chocolate Frosting,
Egg-Topped Soba Noodles with Asparagus and Prosciutto,
Rava Dosas with Potato Chickpea Masala,
Cheddar & Jalapeño Corn Sticks,
Green Potage,
Chopped Honey-Mustard Slaw,
Prosciutto and Goat Cheese Timbales with Mixed Greens,https://www.epicurious.com/recipes/food/views/prosciutto-and-goat-cheese-timbales-with-mixed-greens-402
Artichoke Olive Dip with Fennel Crudites,https://www.epicurious.com/recipes/food/views/artichoke-olive-dip-with-fennel-crudites-11811
"Crab, Mango, and Avocado Salad with Citrus Dressing",
Polenta with Spinach,
Coconut Cream Tart with Macadamia Nut Crust,
"Chicken with Carrots, Prunes and Rice",
Holiday Punch,
"Pasta with Peas, Ricotta Salata, and Lemon",
Red Beet Risotto with Mustard Greens and Goat Cheese,
Monte Cristo Chicken,
Raspberry-Marzipan Tarts,
Spinach with Olive Oil and Lemon,
Olives Baked in Red Wine,
Almond-Crusted Salmon with Leek and Lemon Cream,
Mango Yogurt Mousses,
Pine Nut-Almond Macaroons,
Pasta Salad with Tomatoes and Corn,
Pecan Praline,
Red Pepper-Walnut Relish,https://www.epicurious.com/recipes/food/views/red-pepper-walnut-relish-51210230
Manhattan,https://www.epicurious.com/recipes/food/views/classic-manhattan-cocktail
Steamed Jasmine Rice,https://www.epicurious.com/recipes/food/views/steamed-jasmine-rice-350215
Homemade French Fries with Five Dipping Sauces,https://www.epicurious.com/recipes/food/views/homemade-french-fries-with-five-dipping-sauces-51112790
Sweetened Strawberries,
Simple Vegetable Couscous,
Zucchini with Raisins and Pine Nuts,
Brandied Whipped Cream,
Black Pepper Cornmeal Crisps,
Grilled Tuna with Provençal Vegetables and Easy Aioli,
Smoked Turkey with Hot Pepper Jelly Glaze,https://www.epicurious.com/recipes/food/views/smoked-turkey-with-hot-pepper-jelly-glaze-51258630
Million Dollar,
Blood-Orange and Grapefruit Juice,
Thai Chicken Curry,
Broiled Chicken Wings with Spicy Apricot Sauce,
Mignonette Dipping Sauce,
Rustic French Meatloaf,
Peach Cobbler,
Chocolate Linzertorte,
Two-Layer Cake,
"Butterscotch, Walnut and Coffee Bread Pudding",
The Cure,
Broccoli with Cheddar Vinaigrette,
"Slow-Braised Lamb Shanks with Guajillo-Pineapple Sauce, Roasted Vegetables, and Coconut Tamales",
"Cod en Cocotte with Tomatoes, Olives & Chorizo",
Golden Beet Salad,https://www.epicurious.com/recipes/food/views/golden-beet-salad-363343
Grilled Striped Bass,
Spiced Mango-Mojito Sauce,
Frozen Cherry and Chocolate Chip Soufflé,
F is for Fruit Purees,https://www.epicurious.com/recipes/food/views/f-is-for-fruit-purees-355689
Babas au Calvado with Glazed Apple Rings,https://www.epicurious.com/recipes/food/views/babas-au-calvado-with-glazed-apple-rings-13170
Tofu and Leek Stir-Fry with Ground Beef,
Tropical Shake,
Cilantro Slaw,
Cajun Chicken with Capers and Lemon,
Saltimbocca,
Spice-Rubbed Cornish Hens with Haroseth Stuffing and Sherry Jus,https://www.epicurious.com/recipes/food/views/spice-rubbed-cornish-hens-with-haroseth-stuffing-and-sherry-jus-352282
"Penne with Tomatoes, Olives and Capers",
Pita Toasts,
"Marinated Olives, Red Bell Pepper, Artichoke Hearts and Mushrooms",
Carrot Soup with Spinach Chiffonade,
Portuguese-Style Salt Cod Fritters with Lemon and Olives,
Cranberry Caramel Sauce,
Venison with Mushroom-Wine Sauce,https://www.epicurious.com/recipes/food/views/venison-with-mushroom-wine-sauce-51181010
Grilled Rib-Eye Steaks with Cucumber Relish,
"Lobster ""Potpies""",
"Grilled Sea Bass, Mango, Grapefruit and Avocado Salad",https://www.epicurious.com/recipes/food/views/grilled-sea-bass-mango-grapefruit-and-avocado-salad-5658
Grilled Pineapple Salsa,
Mule's Hind Leg,https://www.epicurious.com/recipes/food/views/mules-hind-leg-201000
Grilled Scallops with Coriander Butter Sauce,
Steamed White Rice,
Kasha with Zucchini and Red Bell Pepper,
Italian-Style Cabbage Salad,
Green Salad with Radishes and Creamy Mustard Dressing,
Rosemary Shortbread,
Winter Squash with Spiced Butter,
Southwestern Sweet Potato Sauté,
Avocado-Lime Soup with Chipotle Chile,
"Spinach, Bacon, and Goat Cheese Salad with Pecans",
Shrimp with Zucchini and Tomatoes,
Golden Cake with Chocolate Sour Cream Frosting,
Italian Vegetable Salad with Creamy Garlic Dressing,
Creamed Spinach with Chère,
Peanut Butter and Jelly Tart,
"Vidalia Onion Tart with Bacon, Local Honey, and Fresh Thyme",
Apple and Dried Cherry Custard Bread Pudding,
Smoky Tangy Greens And Beans,https://www.epicurious.com/recipes/food/views/smoky-tangy-greens-and-beans
Butternut Squash Puree,
Champagne Orange Sorbet,
Carrot Avocado Salad,
Lamb Chops with Dried Cherries and Port,
Green Chile Cheesecake with Papaya Salsa Wilson,https://www.epicurious.com/recipes/food/views/green-chile-cheesecake-with-papaya-salsa-wilson-101111
Double Rack of Pork with Burnt Orange-Caramel Pan Sauce,
Wasabi and Green Onion Mashed Potatoes,
Lime-Scented Rice,
Crispy Noodle Cake,
Spiced Labneh,
Milkie Way Malt,
Life's A Peach Cocktail,https://www.epicurious.com/recipes/food/views/lifes-a-peach-cocktail-56389937
Chilled Avocado and Mint Soup,
Chamomile Crème Anglaise,
Galician Pork and Vegetable Stew,https://www.epicurious.com/recipes/food/views/galician-pork-and-vegetable-stew-358550
Roasted Onions With Vinegar,https://www.epicurious.com/recipes/food/views/roasted-onions-with-vinegar
Radishes with Chive Butter,
Sesame-Miso Vinaigrette,https://www.epicurious.com/recipes/food/views/sesame-miso-vinaigrette-51210220
Pickled Nectarine Salad with Burrata,https://www.epicurious.com/recipes/food/views/pickled-nectarine-salad-with-burrata-51178630
Mustard and Garlic Roast Goose,
Texas Barbecue Sauce,
Vegetable-Sausage Soup,
Panfried Pork Chops with Pomegranate and Fennel Salsa,https://www.epicurious.com/recipes/food/views/panfried-pork-chops-with-pomegranate-and-fennel-salsa-106055
Pork Braised in Dark Soy Sauce,
Lemon-Pepper Dill Sauce,
Dauphine Potatoes,
Parsnip and Rosemary Risotto,
Hermit Bars,
Eggplant Hummus,
Court-Bouillon,https://www.epicurious.com/recipes/food/views/court-bouillon-231564
Brandy Alexander White Hot Chocolate,https://www.epicurious.com/recipes/food/views/brandy-alexander-white-hot-chocolate-200616
"Orange, Jícama, and Watercress Salad",
Chicken with Sweet and Spicy Barbecue Sauce,
Bacon Twists,https://www.epicurious.com/recipes/food/views/bacon-twists-51226010
Asparagus Gratin,
"Spinach Salad with Grilled Chicken, Mango, and Raspberries Szwarc",
Buttery Roast Chicken,
Baked Lemon Shrimp with Garlic,
Canyon Ranch Lox and Cream Cheese Frittata,https://www.epicurious.com/recipes/food/views/canyon-ranch-lox-and-cream-cheese-frittata-230313
Ricotta-and-Herb-Stuffed Chicken,https://www.epicurious.com/recipes/food/views/ricotta-and-herb-stuffed-chicken-238929
Easy Provençal Lamb,https://www.epicurious.com/recipes/food/views/easy-provencal-lamb-360869
"Quinoa with Corn, Scallions, and Mint",
Ginger-Chili Dipping Sauce,
Bratwurst in Beer,
Majorcan-Style Vegetable and Bread Stew,
Apricot-Raspberry Pavlovas with Sliced Almonds,
"Soba Noodles with Vegetables, Crispy Tofu, and Toasted Sesame Seeds",
Warm Crepes with Hazelnut Brown Butter,
Green Tea Panna Cotta with Strawberries,
Pan-Roasted Chicken with Carrots and Almonds,https://www.epicurious.com/recipes/food/views/pan-roasted-chicken-with-carrots-and-almonds-51160650
Beef Tenderloin Steaks with Smoky Bacon-Bourbon Sauce,https://www.epicurious.com/recipes/food/views/beef-tenderloin-steaks-with-smoky-bacon-bourbon-sauce-103261
Shallot Butter,
"Butter Lettuce with Apples, Walnuts, and Pomegranate Seeds",https://www.epicurious.com/recipes/food/views/butter-lettuce-with-apples-walnuts-and-pomegranate-seeds-380584
Beef Paprikas,
Braised Beef Brisket,
"Crostini with Mushrooms, Prosciutto, and Blue Cheese",
Spring Rolls with Orange and Red Bell Pepper Salsa,https://www.epicurious.com/recipes/food/views/spring-rolls-with-orange-and-red-bell-pepper-salsa-101250
Mashed Potatoes with Celery Root and Mascarpone,
"Warm Potato Salad with Celery, Tomatoes, and Chives",
Crème Anglaise,
Spicy Bell Pepper Salad,
"Creamy Rice with Lemon, Herbs, and Parmesan",
Cranberry Relish with Grapefruit and Mint,
Chocolate Leaves,
Eggplant and Tomato Pizza,
"Brandied Pear, Prune and Fig Pie",
Saffron Couscous with Fresh Peas and Chives,https://www.epicurious.com/recipes/food/views/saffron-couscous-with-fresh-peas-and-chives-103275
Chilled Raspberry Sabayon,
"Kale, Pecorino, and Walnut Salad",
"Frozen Mango, Blackberry Cassis, and Vanilla Mosaic",
Old South Ambrosia,
Chicken Sausages Roasted with Potatoes and Brussels Sprouts,
Apple-Cranberry Crisp With Oatmeal-Cookie Crumble,
Simplest Chocolate Honey Mousse,
Feta-Stuffed Eggplant Rolls with Salsa Verde,https://www.epicurious.com/recipes/food/views/feta-stuffed-eggplant-rolls-with-salsa-verde-12652
Pralines,
Fettuccine With Sausage and Kale,
Steamed Cod with Cauliflower and Saffron,
Cinnamon Sugar Crisps,
Giblet Stock,
Lorrie's Mother's Fruitcake,
Peaches in Peach Schnapps with Slivered Basil,
Long Bean Salad,
Moroccan Lemon Chicken,
"Grilled Chicken with Lemon, Garlic, and Oregano",
Chayote Soup with Lemongrass and Ginger,
Caramel-Swirl Hot Chocolate,
Chinese Egg Rolls,
Scallops with Spicy Garlic Sauce,
Bulgarian Potatoes,
Grilled Salmon Cakes with Lemon Mayonnaise,
Celery and Fennel with Bacon,
Vegetable and Cheese Strata,
Harissa-Crusted Swordfish,https://www.epicurious.com/recipes/food/views/ba-syn-harissa-crusted-swordfish
Lime Soup with Tortilla Strips and Chicken,
Sauteed Chicken Breasts with Herbed Mustard Butter and Duo of Spring Peas,
Tom Collins Bar,
"Orecchiette with Fresh Mozzarella, Grape Tomatoes, and Garlic Chives",https://www.epicurious.com/recipes/food/views/orecchiette-with-fresh-mozzarella-grape-tomatoes-and-garlic-chives-354335
Classic Gazpacho,
Avocado Jícama Salsa with Yuca Chips,
Almond Apricot Biscotti,
Beet and Carrot Salad with Coriander and Sesame Salt,https://www.epicurious.com/recipes/food/views/beet-and-carrot-salad-with-coriander-and-sesame-salt-361290
Cider Sauce,
"Grilled Pizza with Pears, Fresh Pecorino, and Walnuts",https://www.epicurious.com/recipes/food/views/grilled-pizza-with-pears-fresh-pecorino-and-walnuts-243004
Apricot Financier,
Rib Eye Steaks with Mixed Mushroom Sauté,
"Smoked Turkey, Apple and Cheese Quesadillas",https://www.epicurious.com/recipes/food/views/smoked-turkey-apple-and-cheese-quesadillas-360930
Zucchini-Pecan Cake with Cream Cheese Frosting,https://www.epicurious.com/recipes/food/views/zucchini-pecan-cake-with-cream-cheese-frosting-360270
Creamy Chestnut-Mushroom Soup with Sauteed Root Vegetables,
Dashi (Japanese Sea Stock),
Mushroom Spinach Salad with Tarragon Egg Dressing,https://www.epicurious.com/recipes/food/views/mushroom-spinach-salad-with-tarragon-egg-dressing-12012
"Smoked Sausage, Kale and Potato Soup",https://www.epicurious.com/recipes/food/views/smoked-sausage-kale-and-potato-soup-3114
Passover Powdered Sugar,
"""Adult"" Pimiento Cheese",
Mexican Chocolate Tart with Cinnamon-Spiced Pecans,https://www.epicurious.com/recipes/food/views/mexican-chocolate-tart-with-cinnamon-spiced-pecans-237114
Indonesian Spice Cake,
Homemade Red Wine Vinegar,
Beef Brisket with Merlot and Prunes,
All-Purpose Pie Dough,
Smoked-Salmon Pizza with Red Onion and Dill,
Hazelnut Panna Cotta with Berry Compote,
Curried Butternut Squash Bisque,
Tamarind Mango Sangria,
Milk Chocolate Soufflés with Nougat Whip,https://www.epicurious.com/recipes/food/views/milk-chocolate-souffles-with-nougat-whip-357238
Pork Chops Saltimbocca with Sautéed Spinach,
Lighter Than Mom's Tuna-Noodle Casserole,
Scallops with Beurre Rouge,
"Panfried Potato, Onion, and Cheese Dumplings",
Coconut Green Curry Sauce,
Ricotta Cheese,
"Chick-Pea, Chard, and Lima Bean Soup",
Leek-Tomato Quinoa,
Silver King,https://www.epicurious.com/recipes/food/views/silver-king-201034
Stone Fruit Slaw,
Apricot Souffles with Vanilla Rum Crème Anglaise,https://www.epicurious.com/recipes/food/views/apricot-souffles-with-vanilla-rum-creme-anglaise-11814
"Zucchini ""Tagliatelle"" with Mint, Cucumber, and Lemon",https://www.epicurious.com/recipes/food/views/zucchini-tagliatelle-with-mint-cucumber-and-lemon-242986
Hot White Russian,https://www.epicurious.com/recipes/food/views/hot-white-russian-200621
Profiteroles with Honey Lavender Ice Cream,https://www.epicurious.com/recipes/food/views/profiteroles-with-honey-lavender-ice-cream-103082
Israeli-Style Hummus,
Tofu-and-Meat Loaf,
Stuffed Sliders Your Way,https://www.epicurious.com/recipes/food/views/stuffed-sliders-your-way-369150
Google's Braised Chicken and Kale,https://www.epicurious.com/recipes/food/views/googles-braised-chicken-and-kale-51148800
Waldorf Coleslaw,https://www.epicurious.com/recipes/food/views/waldorf-coleslaw-12121
Strawberry Shortcakes with Mint and Whipped Cream,
Sausage Stuffing,
Cucumber Gin Cocktail,
Spaghetti with Lobster and Mussels,
Greek Orzo and Shrimp Salad,
Baked Wild Rice Amandine,
Lemon-Lime Gelato,https://www.epicurious.com/recipes/food/views/lemon-lime-gelato-352169
Golden Pan-Fried Fish,
Broiled Mackerel with Ginger and Garlic,
Pear-Almond Tartlets,
"Salmon with Breadcrumb, Olive and Sun-Dried Tomato Crust",
Asian Meatballs with Sesame Lime Dipping Sauce,
Red-Cabbage Confit,
Sidewalker,
Basmati Rice with Mustard Seeds and Golden Raisins,
Frozen Yogurt Melon Shake,
Farro Soup with Kale and Cannellini,
Braised Beef Short Ribs with Root Vegetable Ragoût,
Cornbread with Caramelized Apples and Onions,
Curried Greens with Golden Onions and Cashews,
Grilled Beef Tenderloin with Potato Hobo Packs,
Butternut Squash Vegducken,
"Avocado, Grapefruit, and Watercress Salad with Roquefort and Paprika Dressing",https://www.epicurious.com/recipes/food/views/avocado-grapefruit-and-watercress-salad-with-roquefort-and-paprika-dressing-11984
Lemon Pistachio Biscotti,
"Braised Brussels Sprouts, Pearl Onions and Chestnuts",
Tom and Jerry II,
Raspberry Syllabub,https://www.epicurious.com/recipes/food/views/raspberry-syllabub-104345
"Baked Crab, Brie, and Artichoke Dip",
Creamy Chicken-Noodle Casserole with Spinach and Mushrooms,
Kibbee,
Maple Syrup-Soaked Doughnut Holes,
White Chocolate and Summer Berry Napoleons,
Roasted Monkfish with Saffron Tomato Sauce and Celeriac Mash,https://www.epicurious.com/recipes/food/views/roasted-monkfish-with-saffron-tomato-sauce-and-celeriac-mash-231592
Chocolate Syrup,https://www.epicurious.com/recipes/food/views/chocolate-syrup
"Pasta with Sausage, Eggplant and Basil",
Corn Biscuits with Bacon and Sage,
Pasta with Kalamata Olives and Roasted Cherry Tomato Sauce,
Easy Vegetable Stock,
Turkey Tetrazzini,https://www.epicurious.com/recipes/food/views/turkey-tetrazzini-13377
Chicken with Cranberry and Mustard Sauce,
Pasta with Smoked Turkey and Wild Mushrooms,
"""Seethed"" Mussels with Parsley and Vinegar",
"Grilled Chicken, Red Onion, and Mint Kebabs with Greek Salad",
Potato and Goat Cheese Gratin,
Sweet Potato Tart with Pecans and Marshmallows,
Ginger-Tamarind Chutney (Inji Puli),https://www.epicurious.com/recipes/food/views/ginger-tamarind-chutney-em-inji-puli-em-394657
Grilled Brown-Sugar Peaches with White Chocolate,https://www.epicurious.com/recipes/food/views/grilled-brown-sugar-peaches-with-white-chocolate-235168
Sautéed Chicken Breasts With Country Ham and Sage Sauce,https://www.epicurious.com/recipes/food/views/sauteed-chicken-breasts-with-country-ham-and-sage-sauce
"Shrimp, Chicken, and Andouille Gumbo",https://www.epicurious.com/recipes/food/views/shrimp-chicken-and-andouille-gumbo-236774
Sweet Potato and Roasted Mushroom Stuffing,
Lemon Cheesecake Squares with Fresh Berries,
Apricot Sorbet Float,https://www.epicurious.com/recipes/food/views/apricot-sorbet-float-51160690
Tuscan Vegetable Soup with White Beans and Parmesan,
Shrimp Smorrebrod,
"Chicken, Walnut, and Red Grape Salad with Curry Dressing",
Grilled Citrus Salmon,
Perfect Steamed Rice,
Grilled Swordfish with Coriander Lime Butter,
Baked Polenta with Shiitake Ragoût,
Pomegranate Cocktail,
Black Bean Tart with Chili Crust,https://www.epicurious.com/recipes/food/views/black-bean-tart-with-chili-crust-11432
"Parsnip, Potato, and Turnip Puree",
"Garlicky Linguine with Crab, Red Bell Pepper and Pine Nuts",
Currant Pecan Stuffing,
Pan-Seared Rib-Eye Steak with Béarnaise (Entrecôte Béarnaise),https://www.epicurious.com/recipes/food/views/pan-seared-rib-eye-steak-with-bearnaise-em-entrecote-bearnaise-em-241756
Mango and Melon Dessert,
Pear and Caramel Trifles,
Sicilian Grill-Roasted Chicken,https://www.epicurious.com/recipes/food/views/sicilian-grill-roasted-chicken-242702
Scallop Chowder with Bacon,
Raspberry-Crème Fraîche Tart,
Veal Chops with Caramelized Onion and Stilton Sauce,https://www.epicurious.com/recipes/food/views/veal-chops-with-caramelized-onion-and-stilton-sauce-1820
Herbed Steamed Rice,
Roast Chicken Provençale,
Mediterranean Salad,
Penne with Broiled Vegetables and Feta Cheese,
Noodle Kugel,https://www.epicurious.com/recipes/food/views/noodle-kugel
Pineapple-Banana Smoothie,
Scallops with Capers and Sun-Dried Tomatoes,
Spiced Sweet Potato and Parsnip Tian,
Chicken and Cucumber Salad with Yogurt Dressing,https://www.epicurious.com/recipes/food/views/chicken-and-cucumber-salad-with-yogurt-dressing-56389782
Orange Bloom,
Black-Eyed Peas With Chard and Green Herb Smash,
Burnt Orange Panna Cotta,
Peach and Pistachio Praline Semifreddo,https://www.epicurious.com/recipes/food/views/peach-and-pistachio-praline-semifreddo-354341
Light Tiramisu,
Sliced Baked Potatoes with Parsley Butter,
Cherry Newtons and Vanilla Milkshakes,
Corn and Chicken Poblano Braised Chicken,https://www.epicurious.com/recipes/food/views/corn-and-chicken-poblano-braised-chicken-358031
Portobello Buffalo Burgers with Celery Apple Slaw,https://www.epicurious.com/recipes/food/views/portobello-buffalo-burgers-with-celery-apple-slaw-355416
Rosemary Mint Wine Jelly,
Black and Orange Halloween Pasta,https://www.epicurious.com/recipes/food/views/black-and-orange-halloween-pasta-356169
Pumpkin Seed-Crusted Trout with Cabbage-Cilantro Salad,
Fresh Fruit Compote with Hazelnut-Cinnamon Biscotti,
"Pecan, Apple and Raisin Tartlets with Rum Cream",
"Bacon, Apple and Fennel Stuffing",https://www.epicurious.com/recipes/food/views/bacon-apple-and-fennel-stuffing-350422
Slow Cooker Calico Beans,
Roasted Root Vegetables with Rosemary,
Bruschetta with White Beans and Cheese,
Strawberry Jam,
Pissaladiere,
Steamed Beets with Tarragon,
Caramel-Dipped Popovers with Chocolate Mousse,https://www.epicurious.com/recipes/food/views/caramel-dipped-popovers-with-chocolate-mousse-51214730
Pan-Seared Chicken with Goat Cheese Mashed Potatoes,https://www.epicurious.com/recipes/food/views/pan-seared-chicken-with-goat-cheese-mashed-potatoes-102668
"Salmon with Potato ""Scales""",
"Egg, Onion, and Apple Croquettes",
Maricel's Mojo,https://www.epicurious.com/recipes/food/views/maricels-em-mojo-em-51203410
Raisin-Nut Spice Cookies,
"Red Bell Pepper, Raisin and Olive Stuffing",
Dried Fruit and Fresh Grapefruit Compote,
Chioggia Beet Borani with Feta and Toasted Sesame Seeds,
"To Trim Artichokes into Bottoms, Italian-Style",
Gin Basil Smash,https://www.epicurious.com/recipes/food/views/gin-basil-smash
Date Shake with Toasted Nuts (Majoon),
Baked Polenta with Onions and Bacon,
Tropical Smoothie,
Pork Loin Roast with Fennel-Garlic Rub,
Sesame Spinach with Ginger and Garlic,https://www.epicurious.com/recipes/food/views/sesame-spinach-with-ginger-and-garlic-100753
Radicchio Risotto,
Thai Chicken Pasta,
Grilled Chicken with Shredded Mesclun Salad,
Croustades of Red Peppers with Goat Cheese,https://www.epicurious.com/recipes/food/views/croustades-of-red-peppers-with-goat-cheese-105399
Eggplant Rollatini,
"Grilled Tomato, Basil, and Goat Cheese Sandwiches",
"Roast Chicken with Broccoli Rabe, Fingerling Potatoes, and Garlic-Parsley Jus",https://www.epicurious.com/recipes/food/views/roast-chicken-with-broccoli-rabe-fingerling-potatoes-and-garlic-parsley-jus-355199
Roast Chicken and Mango Salad with Yogurt,https://www.epicurious.com/recipes/food/views/roast-chicken-and-mango-salad-with-yogurt-354290
French Onion Soup with Comté,https://www.epicurious.com/recipes/food/views/french-onion-soup-with-comte-51193890
Fried Sage Leaves,https://www.epicurious.com/recipes/food/views/fried-sage-leaves-14130
All-Day Breakfast Sandwich,
Spanish-Style Tomato Toast with Garlic and Olive Oil,https://www.epicurious.com/recipes/food/views/spanish-style-tomato-toast-with-garlic-and-olive-oil-56389821
Alexander,
Raspberry Coulis,
Caramelized Banana with Rum Sauce,
Creamy Black Bean Spread,https://www.epicurious.com/recipes/food/views/creamy-black-bean-spread-56389830
Grilled Shrimp Greek Salad,
Pork Tenderloin with Calvados Sauce and Dried Fruit Compote,
"Orecchiette Pasta with Peas, Ham, and Cream",
Hawaiian Rib-Eye Steak,https://www.epicurious.com/recipes/food/views/hawaiian-rib-eye-steak
Thai-Style Beef with Noodles,
Stir-Fried Brussels Sprouts with Garlic and Chile,
Huckleberry Muffins,https://www.epicurious.com/recipes/food/views/huckleberry-muffins
Butterflied Leg of Lamb with Rosemary,
Sea Bass with Sun-Dried Tomato and Black Olive Tapenade,
Turkey Galantine,
Dan Roman's Buttery Roasted Chestnuts in Foil,https://www.epicurious.com/recipes/food/views/dan-romans-buttery-roasted-chestnuts-in-foil-51135080
Cabbage and White Bean Soup,
Herbed Spaetzle,
Super Green Smoothie Bowl With Matcha and Ginger,
Ginger-Cilantro Rice,https://www.epicurious.com/recipes/food/views/ginger-cilantro-rice-359312
Dark Chocolate and Pine Nut Crostata,https://www.epicurious.com/recipes/food/views/dark-chocolate-and-pine-nut-crostata-242130
Glorious Greens,
Apple and Poppy Seed Slaw,
Crisp Curry Chicken Wings with Coriander Cucumber Sauce,
"Quick Fresh Fruit Sauces for Yogurt, Pancakes, and Waffles",https://www.epicurious.com/recipes/food/views/quick-fresh-fruit-sauces-for-yogurt-pancakes-and-waffles-358284
Queen's Peg,
"Chinese Black Rice, Orange, and Avocado Salad",https://www.epicurious.com/recipes/food/views/chinese-black-rice-orange-and-avocado-salad-51195410
Sesame Tempura Green Beans with Soy Dipping Sauce,https://www.epicurious.com/recipes/food/views/sesame-tempura-green-beans-with-soy-dipping-sauce-104240
Raspberry and Coffee Tiramisu,
Strawberry-Rhubarb Salad with Mint and Hazelnuts,
Ginger Custard,
Oat and Nut Granola with Sunflower Seeds,
Wild Rice with Roasted Peppers and Toasted Almonds,
Roasted Stuffed Onions,
Savory Summer Tarts,
Grits with Goat Cheese and Chives,
Pine Nut Tart with Rosemary Cream,https://www.epicurious.com/recipes/food/views/pine-nut-tart-with-rosemary-cream-356412
Chocolate-Ginger Angel Food Cake,
The Easiest Peach-Raspberry Pie with Press-In Crust,
Pineapple-Mint Vodka,https://www.epicurious.com/recipes/food/views/pineapple-mint-vodka-51143220
Parmesan-Crusted Polenta with Sausage-Mushroom Ragoût,https://www.epicurious.com/recipes/food/views/parmesan-crusted-polenta-with-sausage-mushroom-ragout-240956
Chili Cheddar Popovers,
Yukon Gold Potato and Jerusalem Artichoke Latkes with Apple-Horseradish Mayonnaise and Taramasalata,https://www.epicurious.com/recipes/food/views/yukon-gold-potato-and-jerusalem-artichoke-latkes-with-apple-horseradish-mayonnaise-and-taramasalata-368729
Wine-Braised Leg of Lamb With Garlic,
Parsley Fried Onion Rings,
Cranberry Pistachio Biscotti,
Mushroom and Oyster Soup,
Grilled Romesco Style Pork,
Bite-Size Chipotle Chicken Soft Tacos (tinga de pollo),https://www.epicurious.com/recipes/food/views/bite-size-chipotle-chicken-soft-tacos-em-tinga-de-pollo-em-51142270
Bresaola with Shaved Brussels Sprouts and Horseradish,
Cider-Brined Pork Chops with Creamed Leeks and Apples,
Classic Daiquiri,https://www.epicurious.com/recipes/food/views/classic-daiquiri-235570
Yemeni Spice Rub,https://www.epicurious.com/recipes/food/views/yemeni-spice-rub-240754
Celery Apple Gazpacho,
"Penne with Tomatoes, Olives and Two Cheeses",
Luxe French Potatoes,https://www.epicurious.com/recipes/food/views/luxe-french-potatoes
Potato and Green Bean Salad with Citrus Miso Dressing,
Spicy Beef Burritos,
Ladies' Mile Applesauce Raisin Cake Diamond,https://www.epicurious.com/recipes/food/views/ladies-mile-applesauce-raisin-cake-diamond-10172
Mushroom and Tomato Soup,
Noodles with Eggplant Sauce,
Gluten-Free Orange Almond Coconut Muffins,https://www.epicurious.com/recipes/food/views/gluten-free-orange-almond-coconut-muffins-56389508
Chicken Parmesan,
Grilled Tomatoes,
Warm Shrimp and Endive Salad,
Chicken Frico with Gremolata,
Dutch Farmer's Cheese Soup,
French 75 Cocktail,
Baked Pears in Maple Syrup and Apple Brandy,
Mozzarella-Stuffed Grilled Portobellos with Balsamic Marinade,https://www.epicurious.com/recipes/food/views/mozzarella-stuffed-grilled-portobellos-with-balsamic-marinade-235325
"Sausage, Cheese and Basil Lasagna",
Guava-Lime Glaze,
Bourbon Barbecue Sauce,
Turkey Wraps with Chipotle Mayonnaise,
Pasta Bolognese,
Spring Vegetable and Goat Cheese Dip,https://www.epicurious.com/recipes/food/views/spring-vegetable-and-goat-cheese-dip-395040
Frijoles de la Olla,
Snack Cake Crème,
"Chilled Beet, Orange and Dill Soup",
Jellied Cranberry and Port Sauce,
"Arugula, Mushroom, and Radish Salad",
Chicken with Tarragon-Caper Sauce with Mixed Greens,
Creamed Spinach with Croutons,
"Raspberry, White Chocolate, and Almond Trifle",
Quinoa Risotto with Mushrooms and Thyme,
Vegetable Latkes,
Fruit and Nut Strudel Cookies,
Frozen Passion Fruit Souffles,
Braised Cube Steaks with Orange,
Lemongrass Tofu with Mushrooms,
Simple Roast Turkey with Rich Turkey Gravy,
Stir-Fried Vegetables,
Deep-Dish Wild Blueberry Pie,
"Broiled Salmon with Onion, Tomato and Lemon",
Curried Red Lentil and Swiss Chard Stew with Garbanzo Beans,
Roasted Corn with Manchego & Lime,
Chilled Tomato-Tarragon Soup with Croutons,https://www.epicurious.com/recipes/food/views/chilled-tomato-tarragon-soup-with-croutons-242465
Grilled Skirt Steak and Pepper Sandwiches with Corn Mayonnaise,https://www.epicurious.com/recipes/food/views/grilled-skirt-steak-and-pepper-sandwiches-with-corn-mayonnaise-354829
Anise Seed Flatbreads,
To Crack and Shave Fresh Coconut,
Sticky Rice with Chinese Sausage and Dried Scallops,
Pastry Crust Dough,
Prunes in Crispy Bacon,https://www.epicurious.com/recipes/food/views/prunes-in-crispy-bacon-51202220
Red Cabbage with Bacon and Caraway,
Chocolate Ginger Cake,
Blue Cheese Toasts,
"Fettuccine with Prosciutto, Tomatoes, and Cream",
Blood Orange French 75,
Cheese Blintzes with Blueberry Sauce,
London Broil with Soy Citrus Mayonnaise,https://www.epicurious.com/recipes/food/views/london-broil-with-soy-citrus-mayonnaise-232308
"Potato, Beet and Cucumber Salad",
Spring-Onion Cocktail,https://www.epicurious.com/recipes/food/views/spring-onion-cocktail-239789
Spicy Cilantro Sauce,
Rhubarb Marmalade,
Quinoa and Sweet Potato Bakes,
Black-Eyed Pea Chile Verde,
Saffron Rice with Peas and Garbanzo Beans,
Walnut Tartlets,
Garlic and Rosemary Focaccia,
Grilled Baby Artichokes with Olive Oil and Lemon,
Butternut Squash Gratin with Rosemary Breadcrumbs,
Muscovy Duck Breasts with Pomegranate-Wine Sauce,
Pickled Cucumbers,
Boulevardier,https://www.epicurious.com/recipes/food/views/boulevardier
Crab Fat-Caramel Wings,https://www.epicurious.com/recipes/food/views/crab-fat-caramel-wings-51248610
Ham Steak with Bourbon-Cream Sauce,
Fresh Ricotta,
Napoleon of Peeky Toe Crab and Apple,
Smoky Mountain Wilted Lettuce,
Shrimp Sandwiches with Tarragon-Caper Mayonnaise,https://www.epicurious.com/recipes/food/views/shrimp-sandwiches-with-tarragon-caper-mayonnaise-239068
Yams with Crispy Skins and Brown-Butter Vinaigrette,https://www.epicurious.com/recipes/food/views/yams-with-crispy-skins-and-brown-butter-vinaigrette-356314
Sangria,https://www.epicurious.com/recipes/food/views/sangria
Pomegranate Manhattan,
Eggplant-Polenta Stacks with Tomato Sauce,
Pork Chops with Mango Pineapple Sauce,
Tomato and Cheddar Pie,
Vegetable Soup with Basil and Garlic Sauce,
Cornmeal-Crusted Oven-Fried Chicken,
Sour-Cherry Streusel Pie,
Dame Sybil's Pickled Peaches,
Okra Beignets with Cilantro Sour Cream Sauce,
Spiced Sugarplum and Caramelized Apple Tartlets with Calvados Cream,https://www.epicurious.com/recipes/food/views/spiced-sugarplum-and-caramelized-apple-tartlets-with-calvados-cream-231328
Burgers with Mozzarella and Spinach-Arugula Pesto,https://www.epicurious.com/recipes/food/views/burgers-with-mozzarella-and-spinach-arugula-pesto-235619
Pears with Almond Cream,
Kashmiri Chai with Gin,https://www.epicurious.com/recipes/food/views/kashmiri-chai-with-gin-233819
Golden Pear Chutney,
Jerusalem Artichoke Chips with Lemon Thyme Dip,
Cucumber Dill Salad,
Roasted Shrimp with Champagne-Shallot Sauce,https://www.epicurious.com/recipes/food/views/roasted-shrimp-with-champagne-shallot-sauce-238526
Coach Farm Marinated Goat-Cheese Hors D'oeuvres,
Baked Crottins with Sauteed Mushrooms,
Roasted Pepper Salad,
Eggplant with Tomato-Mint Sauce and Goat Cheese,
"Broiled Chicken, Romaine, and Tomato Bruschetta",https://www.epicurious.com/recipes/food/views/broiled-chicken-romaine-and-tomato-bruschetta-356052
Minted Cucumber and Bell Pepper Buttermilk Soup,
Artichoke Bruschetta,https://www.epicurious.com/recipes/food/views/artichoke-bruschetta-5864
Zucchini Melon Salad,
Ginger-Marinated Hanger Steak,
Edible Stones,
Herb Roasted Turkey,
Radishes with Herbed Salt and Olive Oil,
"Asparagus, Bacon, and Frisée Salad",
"Wild Rice, Farro, and Tangerine Salad",
Broiled Peaches with Crème Fraîche,https://www.epicurious.com/recipes/food/views/broiled-peaches-with-creme-fraiche-103740
"Shrimp Skewers with Tzatziki, Spinach, and Feta",https://www.epicurious.com/recipes/food/views/shrimp-skewers-with-tzatziki-spinach-and-feta-242967
"Tuna, Pickle, and Chopped-Vegetable Pita Sandwiches",https://www.epicurious.com/recipes/food/views/tuna-pickle-and-chopped-vegetable-pita-sandwiches-106952
Mango-Sesame Dressing,
Watermelon-Mint Ice Cubes,https://www.epicurious.com/recipes/food/views/watermelon-mint-ice-cubes-235177
Grilled Shrimp with Fiery Lemongrass-Chile Sambal,https://www.epicurious.com/recipes/food/views/grilled-shrimp-with-fiery-lemongrass-chile-sambal-353811
Feta Spread with Rosemary and Lemon,https://www.epicurious.com/recipes/food/views/feta-spread-with-rosemary-and-lemon-5675
Chocolate-Praline Cake in a Jar,
Grape and Walnut Sweet Focaccia,https://www.epicurious.com/recipes/food/views/grape-and-walnut-sweet-focaccia-13550
Ginger Whipped Cream,
Avocado and Crab-Meat Sushi,https://www.epicurious.com/recipes/food/views/avocado-and-crab-meat-sushi-12779
Cawl,
"Arugula, Apple, and Parsnip with Buttermilk Dressing",
Green Apple and Celery Salad with Walnuts and Mustard Vinaigrette,
Cranberry-Orange Preserves,
Prime Rib Roast with Red-Wine Sauce,
Ditalini with Chickpeas and Garlic-Rosemary Oil,https://www.epicurious.com/recipes/food/views/ditalini-with-chickpeas-and-garlic-rosemary-oil-51143800
Beef Ribs with Orange and Smoked Paprika Sauce,
"White Bean, Butternut Squash, Kale and Olive Stew",
Kung Pao Brussels Sprouts,https://www.epicurious.com/recipes/food/views/kung-pao-brussels-sprouts-51263810
Carrot Cupcakes with Orange Icing,
Savory Bread Pudding with Mushrooms and Parmesan Cheese,
Shrimp Toasts With Sesame Seeds and Scallions,https://www.epicurious.com/recipes/food/views/shrimp-toasts-with-sesame-seeds-and-scallions
Black Beans and Rice With Chicken and Apple Salsa,
Twice-Baked Almond Croissants,
Spiced Coconut Pancakes with Tropical Fruit,
Crab-Stuffed Deviled Eggs,https://www.epicurious.com/recipes/food/views/crab-stuffed-deviled-eggs-106396
Strawberry-Rhubarb Crisps with Cardamom and Nutmeg,
"Chunky Date, Coconut and Almond Granola",
Cornmeal-Crusted Trout with Warm Tomato and Tarragon Salsa,
"Chocolate, Almond, and Dried Cranberry Biscotti",
Lemon Zucchini Vichyssoise,
Ginger-Orange Stars,
Chocolate Almond Bars,
Celery Root Risotto and Pesto,
Couscous and Chicken Salad with Orange-Balsamic Dressing,
Goan Red Spice Paste,https://www.epicurious.com/recipes/food/views/goan-red-spice-paste-362349
Fried Squid With Aioli,
Salmon Cakes with Lemon Yogurt Sauce,
Tomatoes in Chile-Fennel Oil,https://www.epicurious.com/recipes/food/views/tomatoes-in-chile-fennel-oil-56389727
"Lebanese Tomato ""Salsa""",https://www.epicurious.com/recipes/food/views/lebanese-tomato-salsa-51239830
Grilled Asian-Style Salmon with Cabbage and Mint Slaw,
Baja-Style Tempura Fish,https://www.epicurious.com/recipes/food/views/baja-style-tempura-fish-363453
Smoke in Da Eye Grilled Coffee-Coriander-Rubbed New York Strip Steak,https://www.epicurious.com/recipes/food/views/smoke-in-da-eye-grilled-coffee-coriander-rubbed-new-york-strip-steak-51166600
Parmesan-Crusted Chicken Breasts,
Grilled Butterflied Leg of Lamb and Vegetables with Lemon-Herb Dressing,
Dutchess County Broccoli and Cheese Casserole,
Carrot Cake with Marmalade Cream Cheese Frosting,
"Frijoles de la Olla (""Clay Pot"" Beans)",
"Sea Bass with Artichokes, Zucchini and Tomatoes",
Mini Chicken Pot Pies with Bacon and Marjoram,
Bouillabaisse Linder,
Grilled Lobster with Orange Chipotle Vinaigrette,
S'mores Cheesecake with Summer Berries,
"Asian Noodle, Mushroom, and Cabbage Salad",
Grape and Rosemary Flatbread,https://www.epicurious.com/recipes/food/views/grape-and-rosemary-flatbread
Siesta,https://www.epicurious.com/recipes/food/views/ba-syn-siesta
"Red, White, and Blue Potato and Beet Chips",https://www.epicurious.com/recipes/food/views/red-white-and-blue-potato-and-beet-chips-51170000
Roast Five-Spice Duck with Honeyed-Mango Chutney Sauce,
Broccoli Rabe Crostini,https://www.epicurious.com/recipes/food/views/broccoli-rabe-crostini-51250240
Coconut Cake with Lime Curd,
"Pasta with Tomatoes, Pine Nuts and Basil",
Celery-Root and Potato Latkes,
Mulled Cider with Winter Spices,
Three-Mushroom Dressing,
Mustard Cheddar Crackers,
Red-Wine Braised Cabbage and Onions,
Cranberry-Orange Marmalade,
Rosemary and Thyme Walnuts,
Rosemary and Thyme Breadsticks,https://www.epicurious.com/recipes/food/views/rosemary-and-thyme-breadsticks-5204
Red Wine–Braised Short Ribs,
"White Bean, Garlic, and Tomato Salsa",
Peach Blackberry Pie,
"Farfalle Pasta with Pan-Seared Tuna, Lemon, and Garlic",https://www.epicurious.com/recipes/food/views/farfalle-pasta-with-pan-seared-tuna-lemon-and-garlic-104636
Peches Melba,https://www.epicurious.com/recipes/food/views/peches-melba-232640
Herbed Yellow Pepper Scrambled Eggs with Chive Sour Cream on Brioche,https://www.epicurious.com/recipes/food/views/herbed-yellow-pepper-scrambled-eggs-with-chive-sour-cream-on-brioche-12405
Semisweet Chocolate Layer Cake with Vanilla Cream Filling,
Shrimp Risotto with Baby Spinach and Basil,
"Spaghetti with Sweet 100 Tomatoes, Garlic Chives, and Lemon Basil",
Spiced Cranberry Sauce with Zinfandel,
Fried Chicken Bites,
Fried Potatoes with Tomato-Chipotle Sauce and Aïoli,
"Stir-Fried Beef, Broccoli, and Yams",
Mesclun Salad with Shallot Vinaigrette,
"Crème Fraîche Potato Salad With Salmon Roe, Green Cabbage Slaw, and Smoked Salmon",https://www.epicurious.com/recipes/food/views/creme-fraiche-potato-salad-with-salmon-roe-green-cabbage-slaw-and-smoked-salmon
Plum Crisp,
Brussels Sprouts and Chestnuts with Blue Cheese,
Garlic Bread,
White Chocolate Rice Pudding with Dried Cranberry Compote,
Mom's Meat Loaf,
Panfried Trout with Spinach and Pine Nuts,
Pink Rosé,
Crispy Shrimp with Citrus Glaze,
"Orzo with Shrimp, Feta Cheese, and White Wine",
Spicy Lemongrass Tofu,
Potato-Crusted Quiche with Smoked Cheddar and Canadian Bacon,
Cherry Tomato Relish,
Roasted Tomato and Arugula Salad,
Broccoli Rabe,
"Bacon, Oatmeal, and Raisin Cookies",
"Nectarine, Blackberry, and Pecan Sundaes",
Asian Pears with Ginger-Maple Syrup,
Stuffed Chicken Breasts with Cider Vinegar Sauce,
"Zucchini, Bacon, and Gruyère Quiche",
Broiled Lamb Chops with Rosemary-Mint Sauce,
Broiled Figs with Oranges and Sherry Cream,https://www.epicurious.com/recipes/food/views/broiled-figs-with-oranges-and-sherry-cream-2208
Roasted Garlic Chili Sauce,
Bacon and Swiss Chard Pasta,
Salmon with Caper-Anchovy Butter,
Braised Veal Shanks with Green Olives and Capers,
Heirloom Tomato Salad with Mozzarella and Basil,
Sausage and Leek Soup,
Crispy Salt-and-Vinegar Potatoes,
Pretty Easter Pasta Pie (Crostata di tagliolini ),https://www.epicurious.com/recipes/food/views/pretty-easter-pasta-pie-crostata-di-tagliolini-51234010
Veal Scallops with Bacon and Potatoes,
Cranberry and Horseradish Relish,
Easy Pie Crust,
Lentil Soup with Lamb and Mint,
Stacked Veggie Quesadilla,https://www.epicurious.com/recipes/food/views/stacked-veggie-quesadilla-363653
Steak au Poivre,
Shoyu Ramen,
"Fish Marinated with Vinegar, Sweet Wine, Tomato, and Rosemary",
Chocolate Souffles,
Hot Gin Toddy,
French Bean Salad,
Lemon Poppy Seed Noodles,
Baked Salmon with Mustard-Crumb Crust,
Berry-Berry Streusel Bars,
Salmon Burgers with Ginger Mustard Mayonnaise,
Pine Nut Cardamom Scones,
Strawberry Compote with Tequila and Lime,
Spicy Glass Noodle Salad,
Venetian-Style Bean and Pasta Soup,
Southwest Turkey Burgers,
Mexican Chicken Sauté,
Herbed Bulgur,
Grilled Asparagus,
Simone's Shallot Vinaigrette,https://www.epicurious.com/recipes/food/views/simones-shallot-vinaigrette-51169400
Spicy Bacon and Egg,
Vodka Gimlet Spritzer,
Peppery Pasta with Feta Cheese,
Coconut Flan,
Moroccan Slow-Cooked Lamb,
Basil Vodka Gimlets,
"Roasted Sweet Potatoes with Miso, Orange, and Sesame",
Hearty Veal Stew with Red Wine and Sweet Peppers,https://www.epicurious.com/recipes/food/views/hearty-veal-stew-with-red-wine-and-sweet-peppers-104086
Banana Split Pie,
"Pizza with Sauteed Endive, Bacon and Fontina",
Millet-Scallion Pancakes,
Pork Tenderloin with Caramelized Pears and Pear-Brandy Cream Sauce,
Milk-Braised Pork With Lemon and Sage,https://www.epicurious.com/recipes/food/views/milk-braised-pork-with-lemon-and-sage-recipe
Vodka Rosemary Lemonade Fizz,
Spinach and Carrot Stuffed Flank Steak,
Sea Bass with Red Pepper and Olive Tapenade,
Cold Cucumber and Yellow Pepper Soup with Crab Meat and Chives,https://www.epicurious.com/recipes/food/views/cold-cucumber-and-yellow-pepper-soup-with-crab-meat-and-chives-12419
Lamb Chops with Coarse-Grain Mustard,
Master Stock Chicken,
Herbed Tomato Soup with Pasta,
3-Ingredient Maple-Pecan Fudge,
Wild Boar Ragù,
Curried-Squash and Red-Lentil Soup,
Warm Apple Tart with Date Ice Cream and Red Wine-Caramel Sauce,https://www.epicurious.com/recipes/food/views/warm-apple-tart-with-date-ice-cream-and-red-wine-caramel-sauce-104121
Endive Leaves with Roasted Red Bell Pepper Salsa,https://www.epicurious.com/recipes/food/views/endive-leaves-with-roasted-red-bell-pepper-salsa-4521
Scallops with Snail-Garlic Butter and Leeks,
Five-Spice Pecan,
Coconut and Pistachio Baklava,
Lamb Stir-Fry with Pomegranate and Yogurt,https://www.epicurious.com/recipes/food/views/lamb-stir-fry-with-pomegranate-and-yogurt-51223820
Bo Ssäm,
Sweet Potato–Miso Pie With Chocolate-Sesame Crust,
Pierogies with Stewed Sauerkraut and Mushrooms,
Five-Spice Pork and Green Bean Stir-Fry,
Kale with Garlic and Cranberries,https://www.epicurious.com/recipes/food/views/kale-with-garlic-and-cranberries-240604
Porcini Chicken with Wild Rice and Wheat Berries,https://www.epicurious.com/recipes/food/views/porcini-chicken-with-wild-rice-and-wheat-berries-108881
Kielbasa with Golden Onions and Apple,
Arugula and Mixed Green Salad with Sausage and Fennel,
Grilled Clams With Herb Butter,
Tomato Papaya Salsa,https://www.epicurious.com/recipes/food/views/tomato-papaya-salsa-240805
Turkey Samosas,https://www.epicurious.com/recipes/food/views/turkey-samosas-51197210
Steamed Egg Custard with Blue Crab and Flowering Chives,
Herby Black Rice Salad with Radishes and Ricotta Salata,https://www.epicurious.com/recipes/food/views/herby-black-rice-salad-with-radishes-and-ricotta-salata-56389760
Tomato-Rubbed Bruschetta,
Braised Orange-Ginger Short Ribs with Dried Apricots,
Mexican Chicken Sliders,https://www.epicurious.com/recipes/food/views/mexican-chicken-sliders-56389885
Pumpkin Bread,https://www.epicurious.com/recipes/food/views/pumpkin-bread
"Lentil, Kale, and Sausage Soup",
Pumpkin Bread Pudding with Spicy Caramel Apple Sauce,https://www.epicurious.com/recipes/food/views/pumpkin-bread-pudding-with-spicy-caramel-apple-sauce-367511
Orange Belgian Coffee,
Leek and Cannellini Bean Soup,https://www.epicurious.com/recipes/food/views/leek-and-cannellini-bean-soup
"Blackberry, Honey and Yogurt Pops",
Spiked Blackberry Coulis,
Pear Butter with Cardamom and Cinnamon,
Orange-Poppy Seed Scones,
Herbed Shrimp Salad with Watercress on Toasted Brioche,
Hummus and Crudités,
"Arugula, Fennel, Apple, Mandarin Orange, and Pomegranate Salad",
Citrus-Marinated Olives,
Cinnamon-Rum Ice Cream,
Vegetable Enchiladas,
Butternut Squash and Fried Sage Pasta,
Chicken Vedova,
Chicken and Corn Stew with Corn Wafers,https://www.epicurious.com/recipes/food/views/chicken-and-corn-stew-with-corn-wafers-12315
Sesame-Scallop Salad with Ginger Vinaigrette,
Crab-Meat-Stuffed Sole,https://www.epicurious.com/recipes/food/views/crab-meat-stuffed-sole-103563
Carrot and Cranberry Salad with Fresh Ginger Dressing,
Cuban III,https://www.epicurious.com/recipes/food/views/cuban-iii-200384
Poached Scrod with Herbed Vinaigrette,
Santa Fe Potato Salad,
Banana Cream Pie with Whole Grain Chocolate Crust,
Cashew Nut Fudge,
Crisp Okra in Yogurt Sauce,
Parmesan-Crusted Lemon Chicken,
Ratatouille Dip,
Harvest Stuffing,
Winter Squash Soup with Gruyère Croutons,
"Spaghettini with Gorgonzola, Leeks and Shallots",
Cilantro Coconut Rice,
Salmon with Horseradish Green Goddess Sauce,
Pumpkin Bread Puddings Brûlée,
Grilled Swordfish Verde,
"Potato, Carrot and Parsnip Soup",
Mexican Pasta Salad,
Summer Vegetable Stew,
Beet Carpaccio with Goat Cheese and Mint Vinaigrette,
Orange Chiffon Cake,
Grilled Skirt Steak with Herb Salsa Verde,https://www.epicurious.com/recipes/food/views/grilled-skirt-steak-with-herb-salsa-verde-395477
Champagne Parfaits with Pears and Raspberries,
Deconstructed Caprese,https://www.epicurious.com/recipes/food/views/deconstructed-caprese-51188630
Pea Shoot and Spinach Salad with Bacon and Shiitakes,
Swedish Cardamom Rolls,https://www.epicurious.com/recipes/food/views/swedish-cardamom-rolls-14327
Swordfish Stemperata,
"Baked Apple, Raisin, and Brown Sugar Dumplings",
Spicy Sweet Potatoes,
Potato and Green Olive Stew,
Sauteed Apples,
Citrus Arancine with Pecorino Cheese,https://www.epicurious.com/recipes/food/views/citrus-arancine-with-pecorino-cheese-354832
Chicken Fricassée with Figs and Port Sauce,https://www.epicurious.com/recipes/food/views/chicken-fricassee-with-figs-and-port-sauce-239795
Dai Due's Master Brined Chicken,https://www.epicurious.com/recipes/food/views/dai-dues-master-brined-chicken-56389987
Macadamia Nut Pie,
Kale-Stuffed Onions,https://www.epicurious.com/recipes/food/views/kale-stuffed-onions-13350
Glazed Baby Turnips and Carrots,
Roasted Eggplant and Garlic Dip with Parsley,
Meatballs in Red Sauce,
Salad with Canadian Bacon and Poached Eggs,
Beef Fajitas,
"Hummus-Crusted Alaskan Wild King Salmon Over a Bed of French Beans, Red Onion, and Cucumber Salad with Lemon Oil",https://www.epicurious.com/recipes/food/views/hummus-crusted-alaskan-wild-king-salmon-over-a-bed-of-french-beans-red-onion-and-cucumber-salad-with-lemon-oil-51201240
Lady Peas with Salt Pork and Rice,
Peppery Fig and Cider Compote,https://www.epicurious.com/recipes/food/views/peppery-fig-and-cider-compote-350240
Bacon and Cabbage Soup,
Lamb with Peas and Tomatoes,
Cranberry Crunch Salad,
Chicken with Figs in Ras-el-Hanout and Couscous,https://www.epicurious.com/recipes/food/views/chicken-with-figs-in-ras-el-hanout-and-couscous-354852
Nectarine Cake Squares,
Black-and-White Baked Alaska,
Roasted Sweet Potatoes & Fresh Figs,
Green Beans,
Pancetta-Studded Beef Tenderloin,
Cinnamon-Roasted Chicken with Harissa Sauce,
"Chicken, Scallion, and Red Pepper Cylinders",
Thick Focaccia,
Blood Orange Syrup,
Smoked-Sable Tartare with Beets and Watercress,https://www.epicurious.com/recipes/food/views/smoked-sable-tartare-with-beets-and-watercress-350564
Nutty Brown Rice,https://www.epicurious.com/recipes/food/views/nutty-brown-rice-350560
Chocolate Bread Pudding with Bourbon-Pecan Caramel Sauce,
Curried Couscous,
Goat Cheese-Stuffed Peppadews,
Ravioli Salad with Vegetables and Ham,
Spicy-Sour Dressing,
Love Passion,
Clams in Spicy Coconut-Lime Broth,
"Rosemary and Mustard Pork Loin with Baby Artichokes, Shallots, and Vermouth Jus",https://www.epicurious.com/recipes/food/views/rosemary-and-mustard-pork-loin-with-baby-artichokes-shallots-and-vermouth-jus-358213
Rabbit Punch,
Grilled-Vegetable Pasta Salad with Parsley Vinaigrette,
Chicken Muffuletta Salad,
Orange Roughy with Indian-Spiced Tomato Sauce,
"Lamb-Stuffed Tomatoes, Middle Eastern Style",
Broiled Sea Trout with Basil Sauce,
Smoked Fish Chowder,
Meringue Roulade with Anise Cream,https://www.epicurious.com/recipes/food/views/meringue-roulade-with-anise-cream-231016
Classic Roast Turkey With Herbed Stuffing and Old-Fashioned Gravy,
Grilled Citrus Chicken,
Weeknight Mapo Tofu With Ground Pork,
Chicken Fricassée with Creamy Sweet-and-Sour Dill Sauce,
"Cauliflower ""Bistecche"" with Pancetta and Caper Berries",
Chicken Breasts with Horseradish-Scallion Crust,
Salmon and Scallop Terrine with Frisée Salad,
Tiramisu Wedding Cake with Mixed Berries,
Champagne Punch,
Tea-Flavored Tarte Tatin (Tarte Tatin au Thé),https://www.epicurious.com/recipes/food/views/tea-flavored-tarte-tatin-em-tarte-tatin-au-the-em-355925
Grilled Vegetables with Mint Raita,
Spaghetti with Parsley Pesto,https://www.epicurious.com/recipes/food/views/spaghetti-with-parsley-pesto-51170240
Roasted Vegetable Succotash,
Crispy Noodle Cake with Shrimp and Snow Peas,
Wild Mushroom and Spinach Stuffing,
Raspberry Brownie Thins à la Mode,
Amaretto-Almond Streusel Pumpkin Pie,
Chicken Paprikas,
Irish Stew With Pearl Barley,
Seared Shrimp Tostadas with Avocado Salsa,
Bitter Greens and Grapes with Blue Cheese Dressing,
Beef Carbonnade,
Octopus Salad,
Pinto-Bean Mole Chili,https://www.epicurious.com/recipes/food/views/pinto-bean-mole-chili-240595
"Bucatini with Tomato, Guanciale, and Chile",https://www.epicurious.com/recipes/food/views/bucatini-with-tomato-guanciale-and-chile-51248450
Blue Hawaiian,https://www.epicurious.com/recipes/food/views/blue-hawaiian-cocktail
Cream of Potato Soup,
Apple Crisp With Apple Skins,
Lemon Crystal Forty-Three,https://www.epicurious.com/recipes/food/views/lemon-crystal-forty-three-200715
Chestnut Cake with Maple Icing,
Berrymisu,
"Arugula, Endive, and Fennel Salad with Chunky Olive Vinaigrette",https://www.epicurious.com/recipes/food/views/arugula-endive-and-fennel-salad-with-chunky-olive-vinaigrette-51233240
Lemon Curd-Blackberry Swirl Ice Cream with Blackberry Sauce,
Grilled Flank Steak with Rosemary and Garlic,
Hot Rice Cereal with Dried Mango and Toasted Coconut,
Four-Cheese Baked Bow Ties,https://www.epicurious.com/recipes/food/views/four-cheese-baked-bow-ties-11629
Beet and Feta Salad,
"Israeli Couscous Risotto with Squash, Radicchio, and Parsley Butter",https://www.epicurious.com/recipes/food/views/israeli-couscous-risotto-with-squash-radicchio-and-parsley-butter-238285
Salmon Club Sandwich,
Mexican Coffee Pudding with Kahlúa Whipped Cream,https://www.epicurious.com/recipes/food/views/mexican-coffee-pudding-with-kahlua-whipped-cream-351251
Clams Steamed with Ginger and Scallions,
Creamy Cilantro and Almond Soup,
"Chicken with Bell Peppers, Onions and Capers",
Southwestern Christmas Salad,https://www.epicurious.com/recipes/food/views/southwestern-christmas-salad-2818
"Stilton, Bacon, and Scallion Puffs",https://www.epicurious.com/recipes/food/views/stilton-bacon-and-scallion-puffs-13525
"Onions with Currant, Port and Balsamic Glaze",
Chocolate-Hazelnut Panforte,
Spiced Beef and Onion Pitas with Parsley Sauce,https://www.epicurious.com/recipes/food/views/spiced-beef-and-onion-pitas-with-parsley-sauce-231362
Cold Curried Pea and Buttermilk Soup,https://www.epicurious.com/recipes/food/views/cold-curried-pea-and-buttermilk-soup-239287
Turkish-Spiced Chicken Kebabs with Pomegranate Relish and Tahini Yogurt,https://www.epicurious.com/recipes/food/views/turkish-spiced-chicken-kebabs-with-pomegranate-relish-and-tahini-yogurt-362935
"Veal Loin Stuffed with Bell Peppers, Goat Cheese and Basil",https://www.epicurious.com/recipes/food/views/veal-loin-stuffed-with-bell-peppers-goat-cheese-and-basil-1052
Maru,https://www.epicurious.com/recipes/food/views/maru-51103810
Lamb Spice Rub,
Spinach-Basil Pesto,
Coffee-Toffee Crunch Torte,
"Layered White Beans, Tuna, and Vegetable Dip",https://www.epicurious.com/recipes/food/views/layered-white-beans-tuna-and-vegetable-dip-11493
Trail Mix Porridge,
Red Bell Pepper and Eggplant Tian with Anchovies,
Pink Passion,
Pecan-Crusted Pork Tenderloin Pinwheels with Carolina Mustard Sauce,https://www.epicurious.com/recipes/food/views/pecan-crusted-pork-tenderloin-pinwheels-with-carolina-mustard-sauce-352954
Veal with Prosciutto and Sage,
Couscous with Olives and Lemon,
"Sea Bass, Languedoc Style",
Lamb Stew Ciuba,
Roasted Kabocha Squash with Cumin Salt,https://www.epicurious.com/recipes/food/views/roasted-kabocha-squash-with-cumin-salt-243591
Almond-Crusted Shrimp Cakes with Lemon Soy Mayonnaise,
Grilled Shrimp with Ponzu Sauce,
Old-Fashioned Raspberry Jam,https://www.epicurious.com/recipes/food/views/old-fashioned-raspberry-jam-230700
Veal Scallops with Lemon and Capers,
"Pasta with Eggplant, Artichokes and Bell Pepper (Pasta con Melanzane, Carciofi e Peperoni)",
Potato-and-Cheese Purée,
Pork Sausage with Braised Purple Cabbage and Apple Chutney,https://www.epicurious.com/recipes/food/views/pork-sausage-with-braised-purple-cabbage-and-apple-chutney-51181600
Filets Mignons with Creamy Paprika Sauce,
Rabbit étouffée with Baked Cheese Grits,
Jalapeño Mint Jelly,
Carrot and Beet Salad with Ginger Vinaigrette,
Honeydew Coconut Frappes,https://www.epicurious.com/recipes/food/views/honeydew-coconut-frappes-232515
Strawberry and Banana Tartlets in Coconut Pastry Shells,
3-Ingredient Sausage Dinner With Lentils and Fennel,https://www.epicurious.com/recipes/food/views/3-ingredient-sausage-dinner-with-lentils-and-fennel
Lemon Margarita,
Double-Crust Nectarine Raspberry Pies,
To Tender-Roast Bell Peppers,
"Cucumber, Tomato and Feta Salad",
"Green Bean, Corn, and Coconut Stir-Fry (Thoren)",
White Chocolate and Fresh Raspberry Terrine,
Hot-and-Sour Coleslaw,
Rhubarb Compote,
Parmesan Chicken,
Mango Cucumber Salsa,
"Braised Lamb Shanks with Coriander, Fennel, and Star Anise",
Three-Pepper Slaw with Chipotle Dressing,
"Wild Mushrooms, Shallot and Gruyère Omelets",
Peanut Butter Chocolate Eggs,
Crisp-Fried Onions,
Moroccan Skirt Steak Salad With Chermoula,https://www.epicurious.com/recipes/food/views/moroccan-skirt-steak-salad-with-chermoula
Potato and Celery Root Gratin with Fontina Chee]se,https://www.epicurious.com/recipes/food/views/potato-and-celery-root-gratin-with-fontina-chee-se-2604
Challah,
"Penne with Spinach, Shrimp, Tomatoes and Basil",
Panfried Black Bean Coriander Cakes,
Pan-Seared Filet Mignon with Roasted Potatoes and Merlot Sauce,https://www.epicurious.com/recipes/food/views/pan-seared-filet-mignon-with-roasted-potatoes-and-merlot-sauce-13608
Steamed Mussels with Curry and Lemongrass,
Roasted Parmesan Asparagus with Poached Eggs and Prosciutto,
Duck Prosciutto Breadsticks with Ricotta and Dried Figs,https://www.epicurious.com/recipes/food/views/duck-prosciutto-breadsticks-with-ricotta-and-dried-figs-105533
Saffron Quinoa with Dried Cherries and Almonds,https://www.epicurious.com/recipes/food/views/saffron-quinoa-with-dried-cherries-and-almonds
Sauteed Turnips and Parsnips with Rosemary,https://www.epicurious.com/recipes/food/views/sauteed-turnips-and-parsnips-with-rosemary-105738
"Dilled Lobster, Avocado, and Potato Salad with Horseradish Dressing Lieber",https://www.epicurious.com/recipes/food/views/dilled-lobster-avocado-and-potato-salad-with-horseradish-dressing-lieber-15271
Quick Seafood Cocktail Sauce,
"Sun-Dried Tomato, Coriander, and Roasted Red Pepper Dip",
Red Beans and Rice,
Pear Croustade with Hazelnut-Brown Sugar Topping,https://www.epicurious.com/recipes/food/views/pear-croustade-with-hazelnut-brown-sugar-topping-102376
Buttery Cornbread,
Mustard-Maple Ham Steaks with Cider-Madeira Sauce,https://www.epicurious.com/recipes/food/views/mustard-maple-ham-steaks-with-cider-madeira-sauce-102465
Individual Blueberry-Coconut Pound Cakes,
Lemon-Thyme Cranberry Sauce,
"Spinach Salad with Pecorino, Pine Nuts, and Currants",
Brandied Date and Walnut Pie,
Butternut Squash and Corn Chowder,
Three-Cheese Phyllo Triangles with Onions and Yogurt,https://www.epicurious.com/recipes/food/views/three-cheese-phyllo-triangles-with-onions-and-yogurt-230524
Berry Berry Sundaes,
Cauliflower Purée and Caviar on Cloverleaf Potato Chips,
"Steamed Red Snapper with Ginger, Chiles, and Sesame Oil",https://www.epicurious.com/recipes/food/views/steamed-red-snapper-with-ginger-chiles-and-sesame-oil-108175
Marbled Pumpkin Cheesecake,
Lemon Ice Cream with Candied Lemon Peel,
Roasted Chicken Breast and Vegetables with Prunes,
The West Coast,
Worcestershire and Orange-Glazed Baby Back Ribs,
Fuzzy Navel,https://www.epicurious.com/recipes/food/views/fuzzy-navel-200284
Cornmeal Pancakes with Honey-Pecan Butter,
Celery Rice Pilaf with Caraway,
Fruity Lemonade Ice Pops,
Szechwan-Style Eggplant with Pita Wedges,
Potato and Parmesan Gratin,
Beef Bourguignon,https://www.epicurious.com/recipes/food/views/beef-bourguignon-56389455
Poached Eggs with Tomato Cilantro Sauce,
Ginger-Sesame Sauce,
Greens and Grains Scramble,
Portobello Mushroom Salad à la Grecque,
Wild Rice with Smoked Fish and Snap Peas,
"Spinach, Corn and Roasted Pepper Salad with Chipotle Dressing",
"Steak with Parmesan Butter, Balsamic Glaze, and Arugula",
Shrimp and Scallop Ceviche,
"Halibut with Capers, Olives, and Tomatoes",
Chocolate-Almond Pie,
Catfish Tacos with Tomato and Avocado Salsa,
Tortillas in Black Bean Sauce,
Chocolate Layer Cake with Chocolate Glaze,
"Grilled Shellfish and Potato Salad with Avocado Salsa, Scallion Oil, and Plum Coulis",https://www.epicurious.com/recipes/food/views/grilled-shellfish-and-potato-salad-with-avocado-salsa-scallion-oil-and-plum-coulis-14220
Spicy Coleslaw with Cumin-Lime Dressing,
Strong Fish Stock,
Salmon Tartare,
Chocolate-Caramel Macadamia Nut Tart,
Hazelnut Linzer Cookies with Blackberry Jam,
Corn and Zucchini Salad with Feta,https://www.epicurious.com/recipes/food/views/corn-and-zucchini-salad-with-feta-51242120
"Savory Grits with Shallots, Corn and Green Onions",https://www.epicurious.com/recipes/food/views/savory-grits-with-shallots-corn-and-green-onions-104178
Marinated Vegetables with Garlic and Thyme,
Restorative Beef Broth,https://www.epicurious.com/recipes/food/views/restorative-beef-broth-380595
Glazed Ham,
Preserved Lemons,
Vietnamese Pork Chops with Pickled Watermelon,https://www.epicurious.com/recipes/food/views/vietnamese-pork-chops-with-pickled-watermelon-51241940
Goat Cheese-Arugula Ravioli with Tomato-Pancetta Butter,https://www.epicurious.com/recipes/food/views/goat-cheese-arugula-ravioli-with-tomato-pancetta-butter-104784
Ziti with Grilled-Gazpacho Sauce and Sausage,https://www.epicurious.com/recipes/food/views/ziti-with-grilled-gazpacho-sauce-and-sausage-238921
Almond Dacquoise with Strawberry Ice Cream,
"Spicy Fried Chicken Wing ""Drumsticks""",
Blueberry Ice Cream Pie,
Caramelized Potatoes,
Catfish with Green Olives,
Grilled Red Onions with Balsamic Vinegar and Rosemary,https://www.epicurious.com/recipes/food/views/grilled-red-onions-with-balsamic-vinegar-and-rosemary-12188
"Fresh Goat Cheese, Roasted Beet, and Walnut Tart",
Broiled Salmon with Citrus Yogurt Sauce,
Steaks with Blue Cheese and Toasted Walnut Butter,
Sweet Potatoes with Orange Bitters,
"Jícama, Cucumber, and Chile Slaw",
Brussels Sprout and Apple Salad with Blue Cheese and Walnuts,
Cornish Hens with Sweet Vermouth Garlic Glaze,
T-Bone Steak with Thyme and Garlic Butter,https://www.epicurious.com/recipes/food/views/t-bone-steak-with-thyme-and-garlic-butter-56390091
Ginger Yogurt with Berries and Crunchy Caramel,
Buttermilk Panna Cotta with Tropical Fruit,
Hollywood Thai Beef Salad,
Sicilian-Style Pasta with Sardines,
Coffee Fruitcake,
Chicken Tortilla Soup,
Herbed Summer Squash and Potato Torte with Parmesan,
Sloppy Joes,https://www.epicurious.com/recipes/food/views/ba-syn-sloppy-joe-recipe
Grilled Lamb Skewers with Spiced Mint Marinade,
Butternut Squash with Shallots and Sage,
Chineasy Cucumber Salad,
Boudin Blanc-Stuffed Turkey Breasts with Chestnuts,
Brandy Blazer No.2,
Nectarine and Blackberry Cobbler,
Spicy Sausage Linguine,
"Herb-Crusted Beef Rib Roast with Potatoes, Carrots, and Pinot Noir Jus",https://www.epicurious.com/recipes/food/views/herb-crusted-beef-rib-roast-with-potatoes-carrots-and-pinot-noir-jus-51142000
3-Ingredient Peanut Butter Cookies,https://www.epicurious.com/recipes/food/views/3-ingredient-peanut-butter-cookies
Braised Kashmiri Greens,https://www.epicurious.com/recipes/food/views/braised-kashmiri-greens-236820
Grilled Swordfish with Fresh Tomato-Herb Salsa,
Butternut Squash Soup with Spiced Crème Fraîche,
Pasta with Pesto My Way,
Braised Lamb with Spinach,
Carrots and Rutabagas with Lemon and Honey,
"Blackberry ""Cobbler"" Maguire",
Gazpacho,https://www.epicurious.com/recipes/food/views/ba-syn-summer-gazpacho
"Chestnut, Bacon, Dried Apple, and Corn Bread Stuffing",
Seared Steak Lettuce Cups,https://www.epicurious.com/recipes/food/views/seared-steak-lettuce-cups-51117320
Apple-Cherry Tartlets,
Molasses-Brined Turkey with Gingersnap Gravy,
Grandma Knowlton's Pimiento Cheese,https://www.epicurious.com/recipes/food/views/grandma-knowltons-pimiento-cheese-356327
Rum Sour,
Fruit and Cookie-Crust Pizza,
Sauteed Scallops with Vegetables,
"Burgers with Artichokes, Gorgonzola, and Tomatoes",https://www.epicurious.com/recipes/food/views/burgers-with-artichokes-gorgonzola-and-tomatoes-104491
Scallion Cilantro Pancakes,
Soft Fish Tacos,
Steamed Uku Laulau with Ginger-Scallion Sauce,https://www.epicurious.com/recipes/food/views/steamed-uku-laulau-with-ginger-scallion-sauce-352952
Vanilla Chai Cupcakes,
Maverick Grits,
Penne with Meat Sauce,
Quick & Spicy Asian Pickles,
Fresh Apricot Upside-Down Cake,
Spiced Lamb Hand Pies,https://www.epicurious.com/recipes/food/views/spiced-lamb-hand-pies-51263680
Jícama-Melon Salad,
Vegetable Tian,
Braised Spring Legumes,
Spanish-Style Fried Chicken With Grilled Avocado,
Cauliflower and Brussels Sprout Gratin with Pine Nut-Breadcrumb Topping,https://www.epicurious.com/recipes/food/views/cauliflower-and-brussels-sprout-gratin-with-pine-nut-breadcrumb-topping-350452
Marinated Skirt Steak,
"Pasta with Tomatoes, Artichokes, and Feta Cheese",
Yogurt Pie with Grape and Black-Pepper Compote,https://www.epicurious.com/recipes/food/views/yogurt-pie-with-grape-and-black-pepper-compote-51198530
"Potato, Green Cabbage, and Leek Soup with Lemon Crème Fraîche",https://www.epicurious.com/recipes/food/views/potato-green-cabbage-and-leek-soup-with-lemon-creme-fraiche-364109
Ribollita with Italian Sausage,https://www.epicurious.com/recipes/food/views/ribollita-with-italian-sausage-51263630
"Watercress, Jícama, and Orange Salad",
"Roasted Red Pepper, Almond, and Garlic Dip",
Spaghetti with Turkey Meatballs and Quick Tomato Sauce,
Hasselback Potatoes,https://www.epicurious.com/recipes/food/views/hasselback-potatoes
Tuna Souvlaki Gyro with Beet Tahini and Parsley Salad,
Grilled Asparagus and Spring Onions With Lemon Dressing,https://www.epicurious.com/recipes/food/views/grilled-asparagus-and-spring-onions-with-lemon-dressing
Honey-Roasted Ham or Turkey with Dried Cherry Relish,
Roast Heritage Turkey with Bacon-Herb and Cider Gravy,
Vegetable Slaw,
Pears Conde,
Soft Polenta with Bay Leaves,
Green Bean Salad with Tuna Sauce and Olives,
Raspberry and Fig Gratin,
"Spinach, Red Pepper, and Feta Quiche",
Grilled Steaks with Blue Cheese and Chiles,https://www.epicurious.com/recipes/food/views/grilled-steaks-with-blue-cheese-and-chiles-231876
Warm Green Bean and Walnut Salad,
Russian Iced Tea,
Almond-Raisin Granola,
Cranberry Pear Hazelnut Financier,https://www.epicurious.com/recipes/food/views/cranberry-pear-hazelnut-financier-10805
Fried Chicken with Bacon and Pepper Cream Gravy,
Sweet Potato Pie with Three-Nut Topping,
Smoked Baby Back Ribs with Hoisin-Honey Glaze,
Tom and Jerry,https://www.epicurious.com/recipes/food/views/tom-and-jerry-368849
Glazed Sea Bass with Ginger Butter Sauce,
Chocolate-Almond Cupcakes with Fluffy Coconut Frosting,
Crunchy String Bean Salad with Red Onion and Prosciutto,
"Red Snapper with Black Olives, Capers, and Tomatoes",https://www.epicurious.com/recipes/food/views/red-snapper-with-black-olives-capers-and-tomatoes-235714
Corn-Pancetta Puddings in Corn Husk Baskets,
Passion Daiquiri,
Four-Cheese Focaccia,
Fat Rice,
Salsa Criolla,
Miso-Rubbed Turkey with Turkey Gravy,https://www.epicurious.com/recipes/food/views/miso-rubbed-turkey-with-turkey-gravy-232984
Golden Raisin and Apple Lattice Pie,
Guinness BBQ Sauce,
"Grilled Vegetables with Lemon, Thyme and Mustard Basting Sauce",https://www.epicurious.com/recipes/food/views/grilled-vegetables-with-lemon-thyme-and-mustard-basting-sauce-2285
Vietnamese-Style Pork Chops With Fresh Herb Salad,
Autumn Apple Strudel,
Sazerac Cocktails,
Polenta Pudding with Blackberry Compote and Mascarpone Cream,
Medallions of Pork with Pear Sauce,
Chai-Spiced Cheesecake with Ginger Crust,
Warm Green Bean Salad with Dill,
Sex on the Beach,
Peaches in Spiced Red Wine,
"Spinach Salad with Bacon, Dates, and Feta Dressing",
Honey-Glazed Butternut Squash,
Marinated Oriental Chicken,
"Beet Ravioli with Pine Nut ""Goat Cheese"" Rosemary-Cream Sauce, Aged Balsamic Vinegar",
Duck Fat-Potato Galette with Caraway and Sweet Onions,https://www.epicurious.com/recipes/food/views/duck-fat-potato-galette-with-caraway-and-sweet-onions-368933
Tiny Baked Potatoes with Chervil Cream,
Peach and Blackberry Crisp,
"Cucumber, Tomato, and Onion Yogurt Salad",
Pork Tostadas with Corn Salsa,
"Gin, Tea, and Lemon Fizz",
Orange and Fennel Poached Sole,
"Cranberry Chutney With Orange, Figs, and Mustard",
Game Hens with Madeira and Wild Mushrooms,
Goat-Cheese Scalloped Potatoes with Chive Blossoms,https://www.epicurious.com/recipes/food/views/goat-cheese-scalloped-potatoes-with-chive-blossoms-103329
Stir Fried Baby Bok Choy,
Double-Chocolate Biscotti,
"Fried Green Tomato, Mozzarella, and Basil ""Blts""",
Pear Pie with Red Wine and Rosemary,
Dried Chile Salsa,
Caesar Mayonnaise Dressing,
Baked Cherry Tomatoes with Parmesan Topping,
Grilled Kielbasa Tacos,https://www.epicurious.com/recipes/food/views/grilled-kielbasa-sausage-tacos
"Red Potatoes with Olives, Feta and Mint",
Baked Fish with Curried Pecan Topping,
Creamy Mashed Potatoes with Goat Cheese and Fresh Sage,
"Shrimp, Orange and Olive Salad with Sherry Vinaigrette",
Cinnamon Rolls with Cream Cheese Glaze,
Black Bean Tacos with Corn Salsa,
Shellfish Stew Provençale,
Chayote Slaw,
Mahimahi with Macadamia Nut Crust,
Chocolate Sauce,
Mashed Potatoes and Butternut Squash,
Cornbread with Bacon Crust,
Scallops With Herbed Brown Butter,
Fresh Tomato-Olive Sauce,
Lemon Tarragon Roast Cornish Hens,https://www.epicurious.com/recipes/food/views/lemon-tarragon-roast-cornish-hens-107972
Roasted Fish with Coriander in Vinegar Sauce,
Prairie Oyster I,
"Herb Salad with Pistachios, Fennel, and Horseradish",https://www.epicurious.com/recipes/food/views/herb-salad-with-pistachios-fennel-and-horseradish-51255270
"Marblehead Soft Scrambled Egg, Corn, and Cheddar Cheese",https://www.epicurious.com/recipes/food/views/marblehead-soft-scrambled-egg-corn-and-cheddar-cheese-355887
Chicken and Andouille Sausage Ragù,
Coffee-Spice White Chocolate Truffles,
Crispy Chicken Salad with Citrus Dressing,
Todd English's Backyard New England Clam Bake,https://www.epicurious.com/recipes/food/views/todd-englishs-backyard-new-england-clam-bake-106523
Arugula-Stuffed Leg of Lamb with Roasted Spring Vegetables,https://www.epicurious.com/recipes/food/views/arugula-stuffed-leg-of-lamb-with-roasted-spring-vegetables-395393
Apple and Quince Crisp with Rum Raisins,https://www.epicurious.com/recipes/food/views/apple-and-quince-crisp-with-rum-raisins-240426
Guinness-Brined BBQ Lamb Steaks,https://www.epicurious.com/recipes/food/views/guinness-brined-bbq-lamb-steaks-365449
Root Vegetable and Farmers Cheese Galette,https://www.epicurious.com/recipes/food/views/root-vegetable-and-farmers-cheese-galette-51259700
Marmalade Chicken,
Mushroom Soup,
"Beer-Marinated Tri-Tip with Blue Cheese, Wild Mushrooms, and Onions",https://www.epicurious.com/recipes/food/views/beer-marinated-tri-tip-with-blue-cheese-wild-mushrooms-and-onions-232379
Rice Noodle Soup with Ham and Lettuce,
Balsamic-Glazed Pork Chops,
Shredded Chicken with Ginger and Cilantro,
Hazelnut-Crusted Trout,
"Baked Pumpkin with Lemon, Sautéed Greens, and Toasted Cumin Dressing",https://www.epicurious.com/recipes/food/views/baked-pumpkin-with-lemon-sauteed-greens-and-toasted-cumin-dressing-51137420
Dungeness Crab and Fennel Salad with Creamy Lime Dressing,https://www.epicurious.com/recipes/food/views/dungeness-crab-and-fennel-salad-with-creamy-lime-dressing-238963
The Ultimate Bolognese Sauce,https://www.epicurious.com/recipes/food/views/the-ultimate-bolognese-sauce-56389400
Smash,
Pepper Monkey Lamb Meatballs,https://www.epicurious.com/recipes/food/views/pepper-monkey-lamb-meatballs-51166610
"Bacon, Egg, and Tomato Club Sandwiches",
Citrus Cream,
Coconut Sorbet with Mango,
Roasted Spiced Pork Loin with Root Vegetables,
Vegetable Stock,
Steak Salad with Herbs,https://www.epicurious.com/recipes/food/views/steak-salad-with-herbs-51170230
Wild Mushroom and Bell Pepper Sauté,
Baked Fish with Thai Lemon Mint Sauce,https://www.epicurious.com/recipes/food/views/baked-fish-with-thai-lemon-mint-sauce-243442
Veal with Gorgonzola and Sweet-and-Sour Red Cabbage,https://www.epicurious.com/recipes/food/views/veal-with-gorgonzola-and-sweet-and-sour-red-cabbage-102294
Pear Küchen,
California Garden Roll,
Chocolate Gelato Hotel Cipriani,
Creamy Shellfish and Root Vegetable Stew,
Pears Poached in Spiced Red Wine with Bow-Tie Pastries,https://www.epicurious.com/recipes/food/views/pears-poached-in-spiced-red-wine-with-bow-tie-pastries-1901
"Poblano, Potato, and Corn Gratin",
Spicy Grilled Chicken with Lemon and Parsley,
Cajun-Style White Rice,
Broccoli Pancotto,
Spice Cake with Caramelized Pears and Maple Buttercream,https://www.epicurious.com/recipes/food/views/spice-cake-with-caramelized-pears-and-maple-buttercream-355980
French Spiced Bread,https://www.epicurious.com/recipes/food/views/french-spiced-bread
Chicken and Dill Fricassée with Sour Cream Shortcakes,https://www.epicurious.com/recipes/food/views/chicken-and-dill-fricassee-with-sour-cream-shortcakes-10296
Linguine with Calamari and Garlic,
"Challah, Sausage, and Dried Cherry Stuffing",https://www.epicurious.com/recipes/food/views/challah-sausage-and-dried-cherry-stuffing-51138030
Spiced Nuts,
Ginger Ice Cream with Maple Rum Bananas and Pecans,
Pork Tenderloin with Roasted Apples and Onions,
Turkey Enchiladas Adobo,
Sauteed Kale with Smoked Paprika,
Leek and Fennel Mashed Potatoes,
"Beet, Cucumber, and Sweet Onion Salad with Dijon-Honey Dressing",https://www.epicurious.com/recipes/food/views/beet-cucumber-and-sweet-onion-salad-with-dijon-honey-dressing-106820
Swiss Cheese with Walnuts and Mustard,
Braised Pork with Mojo Sauce,
Spinach Salad with Chili Pepper Dressing,
Cornmeal-Cookie Sundaes with Warm Fruit,
Roasted Orange-Herb Game Hen,
Frozen Maraschino Singapore Sling,
Steamed Clams with Spicy Italian Sausage and Fennel,
Bronx Silver or Oriental,https://www.epicurious.com/recipes/food/views/bronx-silver-or-oriental-200200
"Creamed Mushrooms, Onions, and Brussels Sprouts",
Soy-Marinated Fish,
Irish Mocha Frost,
Vinegar-Marinated Chicken with Buttered Greens and Radishes,https://www.epicurious.com/recipes/food/views/vinegar-marinated-chicken-with-buttered-greens-and-radishes-56389531
Lamb and Raisin Pies with Pine Nuts and Mint,https://www.epicurious.com/recipes/food/views/lamb-and-raisin-pies-with-pine-nuts-and-mint-483
"Grilled Lamb Spiedini with Eggplant, Red Bell Pepper, and Arugula Salad",https://www.epicurious.com/recipes/food/views/grilled-lamb-spiedini-with-eggplant-red-bell-pepper-and-arugula-salad-361275
Grilled Salmon with Lime Butter Sauce,
Commercial Club Gin Old Fashioned,
Champagne Zabaglione with Fresh Fruit Compote,
Low-Fat Yogurt Honey Mint Dressing,https://www.epicurious.com/recipes/food/views/low-fat-yogurt-honey-mint-dressing-12219
"Sausage, Pear and Parsnip Stuffing",
Asparagus Flan with Cheese Sauce,
Horseradish Cocktail Sauce,
Chocolate Marquise,https://www.epicurious.com/recipes/food/views/chocolate-marquise-1864
Antoinette's Gulyas,https://www.epicurious.com/recipes/food/views/antoinettes-gulyas-10171
Spice-Crusted Ham with Maple Mustard Sauce,
Yogurt Marinated Grilled Chicken,
Béarnaise Butter,
Ben's Chunky Applesauce,
"Red, White, and Green Lasagne",
Pork Chili Verde Enchiladas,
Pizzette with Goat Cheese and Ricotta,https://www.epicurious.com/recipes/food/views/pizzette-with-goat-cheese-and-ricotta-237340
Grilled Shrimp with Papaya Mustard,https://www.epicurious.com/recipes/food/views/grilled-shrimp-with-papaya-mustard-355889
"New Orleans Shrimp, Okra, and Tomato Sauté",
Potato Salad Tofu Mayonnaise,
Pomegranate-Cumin Dressing,
Cocoa-Spice Meringues with Chocolate Cream,
Saffron-Corn Mashed Potatoes,
Chicken Sandwiches with Chive Butter,
Almond Pear Clafouti,
Ratatouille with Penne,
Turkey Shawarma With Crunchy Vegetables,https://www.epicurious.com/recipes/food/views/turkey-shawarma-with-crunchy-vegetables
Hummus and Vegetable Lahvash Sandwiches,
Corned Beef Hash,https://www.epicurious.com/recipes/food/views/corned-beef-hash-51223880
Antipasto Salad with Basil Dressing,
Saffron Risotto Primavera,
Kona Swizzle,https://www.epicurious.com/recipes/food/views/kona-swizzle-394668
Mexican Brownies,https://www.epicurious.com/recipes/food/views/mexican-brownies-101249
Radish and Mushroom Salad with Parsley,
Pasta with Roasted Fennel and Tomatoes,
Fried Onion Rings,
Soft Egg Ravioli,
Crisp Wild Rice Griddlecakes with Golden Caviar and Sour Cream,
Anniversary Punch,
Braised Belgian Endive Gratin,
Lemongrass and Cilantro Sauce,
Onion and Garlic Beer Soup,
Bourbon Pumpkin Cheesecake,
Tropical Banana Sundaes,
Watermelon and Strawberry Margarita,
Oatmeal Coconut Squares with Chocolate Chips,
Whipped Sweet Potatoes with Brown Sugar-Pecan Topping,
"Tomato Salad with Shallot Vinaigrette, Capers, and Basil",https://www.epicurious.com/recipes/food/views/tomato-salad-with-shallot-vinaigrette-capers-and-basil-395510
Calf's Liver with Apples and Onions,
Tomatoes with Cream,
Almond Sablé Dough,https://www.epicurious.com/recipes/food/views/almond-sable-dough-356413
Pasta with Ricotta and Fresh Herbs,
"Mussels with Cream, Fennel, and White Wine",
"Cranberry, Gingerly",
"""Like a Caesar""",
Steamed Asparagus with Cardamom Butter,
Pink Panther,
Smoked Duck and Pluot Salad,https://www.epicurious.com/recipes/food/views/smoked-duck-and-pluot-salad-353774
Cornish Splits,https://www.epicurious.com/recipes/food/views/cornish-splits-13138
Peameal Bacon,https://www.epicurious.com/recipes/food/views/peameal-bacon-368929
"Roasted Pepper, Cucumber, and Tomato Salad",
Maine Lobster with Wild Mushrooms and Rosemary Vapor,https://www.epicurious.com/recipes/food/views/maine-lobster-with-wild-mushrooms-and-rosemary-vapor-108559
Peppery Shrimp,
Orange-Scented Beet Soup with Chives,
Caramelized French Toast with Cinnamon and Berries,https://www.epicurious.com/recipes/food/views/caramelized-french-toast-with-cinnamon-and-berries-359230
"Chickpea, Garlic, and Mint Topping",
Pineapple Mint Frozen Daiquiri,
Lime Fool with Strawberries and Kiwi,
Jeweled Rice with Dried Fruit,
Coconut Lime Squares,
"White Bean, Tomato and Goat-Cheese Pizza",
Mexican Rice,
Sour Cream Chocolate-Chip Cake,
Spiced Ruby Lamb Shanks,
Soft Fried Tortillas with Tomatillo Salsa and Chicken,
Pumpkin-Walnut Flapjacks,
Herb-Roasted Leg of Lamb with Vegetables and Jus,
Maple Caramel Sauce,
Zucchini and Yellow Squash Julienne,
Charred Scallion Butter,https://www.epicurious.com/recipes/food/views/charred-scallion-butter
Salmon in Saffron Mussel Sauce,
Lime Angel Food Cake with Lime Glaze and Pistachios,https://www.epicurious.com/recipes/food/views/lime-angel-food-cake-with-lime-glaze-and-pistachios-358238
Chilled Watermelon-Mint Soup,
Smoked Salmon Smørrebrød,
Milk Chocolate Mousse Cake with Hazelnut Crunch Crust,
Chocolate Cream-Cheese and Lemon Cream-Cheese Frostings,
Apple-Raisin Bread Pudding,
Wild Mushroom and Arugula Crostini,
Cod Satay with Asparagus,
Moroccan Braised Beef,
"Pan Fried Celery Root, Potato, and Goat Cheese Terrine",https://www.epicurious.com/recipes/food/views/pan-fried-celery-root-potato-and-goat-cheese-terrine-5355
Deviled Crab Salad Sandwiches,https://www.epicurious.com/recipes/food/views/deviled-crab-salad-sandwiches-238629
"Black, White, and Coffee Sundaes",
Shredded Pork Tenderloin with Lime Sauce,
Hot Fudge Peppermint Stick Sauce,
Braised Broccoli with Olives,
Mustard Chicken,
Vegetables on Rosemary Skewers with White-Bean Hummus,https://www.epicurious.com/recipes/food/views/vegetables-on-rosemary-skewers-with-white-bean-hummus-230189
Grilled Porterhouse with Tarragon-Tomato Salad,https://www.epicurious.com/recipes/food/views/grilled-porterhouse-with-tarragon-tomato-salad-109793
Ishbel's Yorkshire Pudding,
"Chicken Breasts Stuffed with Zucchini, Roasted Red Pepper, and Goat Cheese",https://www.epicurious.com/recipes/food/views/chicken-breasts-stuffed-with-zucchini-roasted-red-pepper-and-goat-cheese-12368
Baked Clams Oreganata,
Leg of Lamb Poached in White Wine Court Bouillon,https://www.epicurious.com/recipes/food/views/leg-of-lamb-poached-in-white-wine-court-bouillon-101456
Mesclun and Cherry Salad with Warm Goat Cheese,https://www.epicurious.com/recipes/food/views/mesclun-and-cherry-salad-with-warm-goat-cheese-242512
Frozen Almond Cappuccino Dacquoise,
Orange and Raisin Matzo Meal Pancakes,https://www.epicurious.com/recipes/food/views/orange-and-raisin-matzo-meal-pancakes-357910
"Citrus, Celery, and Shaved Fennel Salad",
Zucchini and Red Pepper Enchiladas with Two Salsas,
Roast Chicken with Rosemary-Garlic Paste,
Broccolini-Cheddar Melts,
To Make Lobster Oil,
Butternut Squash and Apple Soup,https://www.epicurious.com/recipes/food/views/butternut-squash-soup-apple-bacon-recipe
Baja Fish Tacos,
Mexican Hot Cocoa,
Curried Potato and Spinach Soup with Onion Salsa and Minted Yogurt,
Spicy Tofu Crumbles,
"Grilled Lemons, Baby Artichokes, and Eggplant",
"Pineapple ""Salsa""",
Tofu Scramble with Yukon Gold and Sweet Potato Home Fries,https://www.epicurious.com/recipes/food/views/tofu-scramble-with-yukon-gold-and-sweet-potato-home-fries-369009
Coriander Pork Tenderloin with Carrot-Ginger Sauce,
Asian Chicken Salad with Snap Peas and Bok Choy,https://www.epicurious.com/recipes/food/views/asian-chicken-salad-with-snap-peas-and-bok-choy-242110
Minted Vodka Lemonade,
Clarified Indian Butter,
Lamb and Eggplant Potpie with Feta Potato Crust,
Cheese Sauce,
Polenta with Butternut Squash,
Rosemary-Crumb Beef Tenderloin with Pancetta-Roasted Tomatoes,https://www.epicurious.com/recipes/food/views/rosemary-crumb-beef-tenderloin-with-pancetta-roasted-tomatoes-387491
Orange-Currant Scones,
Spiced Raisin and Apple Crisp,
Chilled Cinnamon-Ginger Tea (Soojong Gwa),https://www.epicurious.com/recipes/food/views/chilled-cinnamon-ginger-tea-soojong-gwa-353230
Roasted Cauliflower,
"Pasta with Capers, Garlic, and Bread Crumbs",
"Chicken with Green Olives, Orange, and Sherry",
Boysenberry Sorbet and Lemon Ice Cream Bombe,
Sort of Sephardic Sweet Potatoes and Squash,
Shark and Bake,https://www.epicurious.com/recipes/food/views/shark-and-bake-234799
Mushroom Stock,
Garlic Broth,
Roasted Almonds with Rosemary Fleur de Sel,
Tofu Triangles in Creamy Nut Buttter Sauce with Scallions,https://www.epicurious.com/recipes/food/views/tofu-triangles-in-creamy-nut-buttter-sauce-with-scallions-355894
Spiced Shrimp and Red Onion Sauté,
Simple Two-Potato Gratin,
Porcini Fondue with Ham and Ciabatta,https://www.epicurious.com/recipes/food/views/porcini-fondue-with-ham-and-ciabatta-231266
Ceciarchiata Taiglach,https://www.epicurious.com/recipes/food/views/ceciarchiata-taiglach-14603
Apricot Honey Cake,
"Okra with Scallion, Lime, and Ginger",https://www.epicurious.com/recipes/food/views/okra-with-scallion-lime-and-ginger-354961
Plum Glaze,
Tom Douglas' Bing Cherry Salmon,https://www.epicurious.com/recipes/food/views/tom-douglas-bing-cherry-salmon-107669
Crispy Salt-and-Pepper Chicken Skin,
Spice-Crusted Rack of Lamb,
Plum-Fennel Salad with Honey-Ginger Dressing,https://www.epicurious.com/recipes/food/views/plum-fennel-salad-with-honey-ginger-dressing-56389860
Seriously Simple Seasoning Salt,
3-Ingredient Steak With Crispy Parmesan Potatoes,https://www.epicurious.com/recipes/food/views/3-ingredient-steak-with-crispy-parmesan-potatoes
Quick Apple Küchen,https://www.epicurious.com/recipes/food/views/quick-apple-kuchen-2836
Poached Tangerine Slices,https://www.epicurious.com/recipes/food/views/poached-tangerine-slices-350217
Vegan Mayonnaise,
Kim’s Black-Eyed Pea Dip,https://www.epicurious.com/recipes/food/views/kims-black-eyed-pea-dip
Pork Tenderloin Stir-Fry with Tangerines and Chili Sauce,https://www.epicurious.com/recipes/food/views/pork-tenderloin-stir-fry-with-tangerines-and-chili-sauce-355769
Mango Curd,
Cream Cheese Frosting,
Chestnut and Sausage Stuffing,
Red-Flannel Salmon Hash with Poached Eggs and Coriander Hollandaise,https://www.epicurious.com/recipes/food/views/red-flannel-salmon-hash-with-poached-eggs-and-coriander-hollandaise-234559
Peppered Tuna Skewers with Wasabi Mayonnaise,
Quinoa with Celery and Mushrooms,https://www.epicurious.com/recipes/food/views/quinoa-with-celery-and-mushrooms-369550
Chopped Vegetables Salsa,
Sweet Potato Avocado Burger,https://www.epicurious.com/recipes/food/views/sweet-potato-avocado-burger-56389909
Lights Out,
"Beefsteak Tomato, Butterhead Lettuce, and Bacon with Blue Cheese Dressing",https://www.epicurious.com/recipes/food/views/beefsteak-tomato-butterhead-lettuce-and-bacon-with-blue-cheese-dressing-354962
Sauteed Bell Pepper with Golden Raisins and Arugula,
Fish Cakes with Coleslaw and Horseradish-Dill Sauce,
Hot Cranberry-Rum Toddy,
Napoleon Champagne Cocktail,
Seafood Stew with Cabbage and Carrots,
Portuguese Fisherman's Stew,https://www.epicurious.com/recipes/food/views/portuguese-fishermans-stew-5714
Marmalade Ice Cream,https://www.epicurious.com/recipes/food/views/marmalade-ice-cream-51149280
Black Cod Fillets Poached in Five-Spice Broth with Baby Bok Choy and Udon,https://www.epicurious.com/recipes/food/views/black-cod-fillets-poached-in-five-spice-broth-with-baby-bok-choy-and-udon-51171420
Milk Chocolate Semifreddo with Star Anise Carrot Cake,https://www.epicurious.com/recipes/food/views/milk-chocolate-semifreddo-with-star-anise-carrot-cake-361390
"Pork Stew with Hard Cider, Pearl Onions, and Potatoes",https://www.epicurious.com/recipes/food/views/pork-stew-with-hard-cider-pearl-onions-and-potatoes-357274
Tortellini in Parmesan Broth,
Orange and Ginger Chicken,
Lemonade and Rosé Water Coolers,
Standing Rib Roast with Porcini and Bacon Sauce,
Cream of Cashew Pea Soup,
Ricotta Soufflés with Blackberry Compote,https://www.epicurious.com/recipes/food/views/ricotta-souffles-with-blackberry-compote-351054
Cherry Pistachio Slice-and-Bake Cookies,https://www.epicurious.com/recipes/food/views/cherry-pistachio-slice-and-bake-cookies-51208020
Cod with Mushroom-Herb Crust and Tomato Compote,https://www.epicurious.com/recipes/food/views/cod-with-mushroom-herb-crust-and-tomato-compote-5678
Southwest Turkey Burgers with Corn Salsa,
Harissa,
"Pasta with Shrimp, Tomatoes and Garlic",
Roasted Chicken Legs with Plum Chili Salsa,
Moules au Beurre D'escargots,
Braised Shrimp and Creamy Endive,
Ginger Pudding,https://www.epicurious.com/recipes/food/views/easy-ginger-pudding
Mustard Pickles,
"Fennel, Prosciutto and Pine Nut Stuffing",
Sea Bass with Watercress Sauce,
World's Best Baked Onions,
Veal Scaloppine with Spring Pea Coulis and Asparagus,https://www.epicurious.com/recipes/food/views/veal-scaloppine-with-spring-pea-coulis-and-asparagus-101385
Orange-Glazed Chicken,
"Beef, Vegetable, and Wild Mushroom Soup",
Fried Ricotta and Mozzarella Dumplings with Broccoli Sauce,
Grilled Glazed Steak and Asparagus,
Veal Chops with Saffron Orzo and Tomato Sauce,https://www.epicurious.com/recipes/food/views/veal-chops-with-saffron-orzo-and-tomato-sauce-238671
Goat Cheese and Green Onion Pan Soufflé,
Mulled Apple Cider with Orange and Ginger,
Apricot Cocktail II,
Halibut with Vegetables and Parsley,
Curried Vegetable and Tofu Couscous,
Chocolate-Caramel Pecan Tart,
Banana-Raspberry Bread,
Yams with Spiced Sorghum Butter,
Strawberry and Orange Fools,
Twice-Roasted Sweet Potatoes With Hot Honey,https://www.epicurious.com/recipes/food/views/twice-roasted-sweet-potatoes-with-hot-honey
Greek Salad Pita Sandwiches,
King's Cake,
Cumin Herb Rice Pilaf,
Tropical Fruit Champagne Granita,
Sweet Yogurt Cheese with Minted Strawberries,
Spaghettini with Crab and Spicy Lemon Sauce,
Tropical Fruit Compote with Mango Sorbet,
Tender Pie Crust,
Bok Choy with Beef,
"Salmon with Orecchiette, Caramelized Onions, and Horseradish Cream",https://www.epicurious.com/recipes/food/views/salmon-with-orecchiette-caramelized-onions-and-horseradish-cream-108239
Seared Tuna with Oriental Citrus Sauce,
"Garnet Yams with Maple Syrup, Walnuts, and Brandied Raisins",https://www.epicurious.com/recipes/food/views/garnet-yams-with-maple-syrup-walnuts-and-brandied-raisins-355801
Asian-Style Shrimp and Pineapple Fried Rice,
Layer Cake,
"Sticky Toffee Pudding with Blood Orange, Tangerine, and Whipped Crème Fraîche",
Herbed Jasmine Rice,
"Apple, Pear, and Dried-Cherry Crumble",
Loin of Pork with Prunes,
Vinegared Cucumber Salad,
Chicken-Cranberry Hash,
Wake County Cooler,https://www.epicurious.com/recipes/food/views/wake-county-cooler-51169030
Beefsteak Bismarck,
Crispy Cucumber Soup,
Sesame Thyme Seasoning (Za'atar),https://www.epicurious.com/recipes/food/views/sesame-thyme-seasoning-zaatar-103402
Grilled Pork Chops with Tomato Peach Relish,
Date Pecan Pumpkin Squares,
"Chickpea, Eggplant, and Tomato Tarts",
Tandoori Shrimp and Mango Salad,
Collard Greens and Turnips with Ham Hock and Pepper Vinegar,
"Radicchio, Fontina, and Goat Cheese Pizza",https://www.epicurious.com/recipes/food/views/radicchio-fontina-and-goat-cheese-pizza-104815
"Parsnip, Yam, and Watercress Chowder",
Rouille,
Poppy Cheddar Moon Crackers,https://www.epicurious.com/recipes/food/views/poppy-cheddar-moon-crackers-356190
Caruso,https://www.epicurious.com/recipes/food/views/caruso-200486
Edamame and Carrot Salad with Rice Vinegar Dressing,
Roasted Carrots and Parsnips with Herbs,
Tepee Birthday Cakes,
Cider-Basted Turkey with Roasted Apple Gravy,
Corned Beef and Coleslaw Sandwich,
Vegetable Lentil Soup,
Orange-Cranberry Compote,
Maida Heatter's Chocolate Cookies with Gin-Soaked Raisins,https://www.epicurious.com/recipes/food/views/maida-heatters-chocolate-cookies-with-gin-soaked-raisins-104420
Olive Oil Fried Eggs with Mozzarella and Harissa,
"Crab, Mango, and Mint Nori Rolls",https://www.epicurious.com/recipes/food/views/crab-mango-and-mint-nori-rolls-100728
Rum Old-Fashioned,
"Shrimp, Avocado, and Noodle Salad",
"Linguine with Red Bell Pepper, Walnuts and Parmesan",
Cherry-Almond Trifle,
Bean Burrito Casserole,
Mashed Potato Cakes with Green Onions and Sesame Seeds,
Cream of Watercress Soup with Pan-Seared Scallops,
Roasted Pineapple with Honey and Pistachios,https://www.epicurious.com/recipes/food/views/roasted-pineapple-with-honey-and-pistachios-394677
Fish Sauce,
Wild Mushroom and Three-Cheese Lasagne,
Butternut Squash and Roasted-Garlic Bisque,
Frozen Sunrise Margaritas,
Chicken Crepes with Asparagus and Mushrooms,
"Chick-Pea, Roasted Pepper and Caper Salad",
Spicy Catfish with Bell Peppers and Onions,
Pasta with Clams,
Ham-and-Egg Pizza Squares,
"Mussels, Clams and Shrimp with Saffron Risotto and Green Olive Relish",
"Veal Chop with Radicchio, White Beans, and Rosemary",https://www.epicurious.com/recipes/food/views/veal-chop-with-radicchio-white-beans-and-rosemary-109029
Beet and Walnut Salad,
"Steamed Mussels with Orange, Fennel, and Garlic",
Bevy of Beans and Basil,
Apricot Ginger Pear Parfaits,
Bass with Herbed Rice and Coconut-Vegetable Chowder,
"Smoked Salmon, Leek, and Dill Frittata",
Caribbean-Style Black Bean and Rice Salad,
Butterscotch Budino with Whipped Crème Fraîche,https://www.epicurious.com/recipes/food/views/butterscotch-budino-with-whipped-creme-fraiche-239847
Beef Tenderloin Steaks on Potato Galettes with Mustard Sauce,
Sweet Chili-Glazed Chicken Wings,
Blackberry Moonshine,https://www.epicurious.com/recipes/food/views/blackberry-moonshine-51231010
"Prosciutto, Asian Pear, and Date Canapes with Mint",https://www.epicurious.com/recipes/food/views/prosciutto-asian-pear-and-date-canapes-with-mint-14564
Fresh Strawberry Granita,
Jerk-Spiced Beef Tenderloin,
Soy-Sake Shrimp with Ginger Aïoli,
Carrot-Ginger Elixir,
Spinach Ricotta Gnocchi with Tomato Sauce,
Tuna Niçoise Fusilli,
Bok Choy with Fried Shallots,
Chicken Tagine with Couscous,https://www.epicurious.com/recipes/food/views/chicken-tagine-with-couscous-51121540
Onion and Bell Pepper Strata with Fresh Tomato Salsa,https://www.epicurious.com/recipes/food/views/onion-and-bell-pepper-strata-with-fresh-tomato-salsa-12193
Moroccan Bread with Charmoula and Spiced Lamb,https://www.epicurious.com/recipes/food/views/moroccan-bread-with-charmoula-and-spiced-lamb-5709
Cranberry-Ginger Chutney,
Chocolate-Almond Torte,
Chili-Roasted Game Hens with Jalapeño-Orange Sauce,
Corn and Bell Pepper Chowder,
Tomatillo Celery Salsa,
Arugula Salad,
"Onion, Tomato, and Bell Pepper Citrus Salsa",
Double Celery and Potato Soup,
Jerusalem Artichoke and Sage Gratin,https://www.epicurious.com/recipes/food/views/jerusalem-artichoke-and-sage-gratin-13437
"Swordfish with Two-Squash, Potato and Tomato Sauté",
"Oil-Poached Swordfish with White Corn, Guanciale and Chive Oil",https://www.epicurious.com/recipes/food/views/oil-poached-swordfish-with-white-corn-guanciale-and-chive-oil-360711
Summer Garden Gazpacho,
Peanut-Crusted Trout with Pineapple Cilantro Relish,https://www.epicurious.com/recipes/food/views/peanut-crusted-trout-with-pineapple-cilantro-relish-232620
Bourbon Pecan Tarts,
Roasted New Potatoes with Horseradish and Mustard,
Rhubarb and Pistachios over Thick Yogurt,https://www.epicurious.com/recipes/food/views/rhubarb-and-pistachios-over-thick-yogurt-363449
Sherried Cream of Portobello Mushroom Soup,
Annabel's Pasta Salad,
Chile-Marinated Pork Sandwiches on Cemita Rolls,
Chicken Pizza,
Sweet Potatoes and Greens with Honey-Mustard Glaze,
Asparagus Tart,
Zucchini and Bell Pepper Confetti,
Kiwi-Cream Cheese Tart,
Horseradish-Yogurt Sauce,https://www.epicurious.com/recipes/food/views/horseradish-yogurt-sauce
"Eggplant, Tomato and Goat Cheese Sandwiches",
Chipotle-Honey-Glazed Pork,
Coriander Chicken Thighs with Miso-Glazed Root Vegetables,https://www.epicurious.com/recipes/food/views/coriander-chicken-thighs-with-miso-glazed-root-vegetables-51248820
Chilled Tomatillo and Cucumber Soup,
Root Vegetable Ragoût,
Cheddar Cornmeal Scones,
Cherry Smash,
Roast Capon with Chile-Cilantro Rub and Roasted Carrots,https://www.epicurious.com/recipes/food/views/roast-capon-with-chile-cilantro-rub-and-roasted-carrots-104388
Pastitsio,https://www.epicurious.com/recipes/food/views/ba-syn-pastitsio
Golden Egg White Omelets with Spinach and Cheese,
Pistachio-Crusted Halibut with Spicy Yogurt,
Blini with Sour Cream and Caviar,
Grilled Scallops with Lemony Salsa Verde,https://www.epicurious.com/recipes/food/views/grilled-scallops-with-lemony-salsa-verde-56389681
Little Quinoa Patties,https://www.epicurious.com/recipes/food/views/little-quinoa-patties-365029
Cheddar Potato Soup with Bacon,
Horseradish-Crusted Salmon with Beet Sauce,
Apple Sorbet,
"Grilled Corn on the Cob with Chipotle, Molasses, and Orange Glaze",
"Red, White, and Blue Cheesecake with Chocolate Cookie Crust",
Journalist,
Frozen Pistachio Halvah Pie,
Brown Sugar Peaches,
Chopped Spinach with Toasted Sesame Seeds,
Danish Red Cabbage,
Coconut Macaroon Sandwiches with Lime Curd,
Orange-Glazed Carrot Ribbons,
Mashed Potatoes with Herbs,
Strawberry Icebox Pie with Almond Crust,
Gorgonzola and Leek Crème Brûlée,https://www.epicurious.com/recipes/food/views/gorgonzola-and-leek-creme-brulee-351770
Delicata Squash and Roasted Mushrooms with Thyme,
Herb Basting Brush,https://www.epicurious.com/recipes/food/views/herb-basting-brush-51103400
Roasted Pear and Cinnamon Clafouti,https://www.epicurious.com/recipes/food/views/roasted-pear-and-cinnamon-clafouti-107530
Braised Chicken with Apples and Sage,
Pan-Roasted Pork Chops with Yellow Pepper Mole Sauce,https://www.epicurious.com/recipes/food/views/pan-roasted-pork-chops-with-yellow-pepper-mole-sauce-363310
Marbled Mint-Chocolate Pudding,https://www.epicurious.com/recipes/food/views/marbled-mint-chocolate-pudding-51263850
Rosemary Roasted Vegetables,
Wild-Mushroom and Potato Stew,
"Linguine with Pancetta, Peas, and Zucchini",https://www.epicurious.com/recipes/food/views/linguine-with-pancetta-peas-and-zucchini-56389446
Root Vegetable Gratin,
Chocolate Coconut Rum Cake,
Macadamia Ice Cream and Mango Sorbet Swirl Pie,https://www.epicurious.com/recipes/food/views/macadamia-ice-cream-and-mango-sorbet-swirl-pie-235564
"Veal Shoulder with Porcini Mushrooms, Garlic and Rosemary",
Butternut Squash Soup with Pumpkin Butter,
Grilled Tuna Burgers with Homemade Rémoulade,
Sugar Snap Peas with Lemon Butter,
Spiced Rice Basmati,
Virginia Eggnog,
Peach and Brown Sugar Ice Cream,
Mediterranean Rice-Stuffed Escarole,https://www.epicurious.com/recipes/food/views/mediterranean-rice-stuffed-escarole-241999
Tomato Onion Chutney,
Ambila Chicken,
"Grilled Vegetables with Cumin, Cilantro, and Salsa Verde",
Peach and Berry Compote,
"Penne, Spinach, Asparagus and Cashew Salad",
Garbanzo Bean Salad with Tomatoes and Chipotle Chilies,
Grilled Corn with Honey-Ginger Barbecue Sauce,https://www.epicurious.com/recipes/food/views/grilled-corn-with-honey-ginger-barbecue-sauce-51108010
Red Snapper With Coconut-Clam Broth,https://www.epicurious.com/recipes/food/views/red-snapper-with-coconut-clam-broth
Meatloaf,
Apple-Raspberry Crisp,
Pistachio-Crusted Arctic Char,
Hue Noodle Soup,
Fudgy Peanut Brownies,
Jessica Alba's Chicken Enchiladas,https://www.epicurious.com/recipes/food/views/jessica-albas-chicken-enchiladas-232349
Thai Beef with Basil,https://www.epicurious.com/recipes/food/views/thai-beef-with-basil-51198660
Chocolate-Apricot Pie,
Wild-Mushroom Pasta,
Pork Walnut Stuffing with Squash and Sage,
"Egg Roulade Stuffed with Turkey Sausage, Mushrooms, and Spinach",
Mustard Mashed Potatoes,
Walnut Pastry Dough,
Grilled Porcini-Rubbed Rack of Veal,https://www.epicurious.com/recipes/food/views/grilled-porcini-rubbed-rack-of-veal-56389664
Egg Fried Rice,
Ash-Roasted Sweet Potatoes,
Mexican Confetti Rice,
Rhubarb Purée,
Cornmeal Cake with Sweet Rosemary Syrup and Blackberries,
Grilled Zucchini and Eggplant Pizza with Tapenade and Fontina,https://www.epicurious.com/recipes/food/views/grilled-zucchini-and-eggplant-pizza-with-tapenade-and-fontina-232562
Marcona Almonds with Smoked Paprika,https://www.epicurious.com/recipes/food/views/marcona-almonds-with-smoked-paprika-51149060
Veal Burger Pita Sandwich,https://www.epicurious.com/recipes/food/views/veal-burger-pita-sandwich-210
Steamed Mussels in White Wine,https://www.epicurious.com/recipes/food/views/steamed-mussels-in-white-wine-367721
Minted Pineapple Gin Blossom,
Roast New York Strip Loin with Garlic-Herb Crust,
Harry's Strawberry and Tomato Salad,
Thin Apple Tarts,
Buttermilk-Herb Pancakes Topped with Caviar,https://www.epicurious.com/recipes/food/views/buttermilk-herb-pancakes-topped-with-caviar-1223
Grilled Zucchini and Tomatoes with Feta Sauce,
Honey and Soy Glazed Salmon,
Mustard-Tarragon Chicken Sauté,
Salad with Macadamias and Goat Cheese,https://www.epicurious.com/recipes/food/views/salad-with-macadamias-and-goat-cheese-4471
Mixed-Grain Salad with Dried Fruit,
Spiced Cranberry and Dried-Fruit Chutney,
Meyer Lemon and Dried Blueberry Scones,https://www.epicurious.com/recipes/food/views/meyer-lemon-and-dried-blueberry-scones-236780
Sun-Dried Tomato Sauce,
Preserved Figs Eden,
Sea Bass with Moroccan Salsa,
Chipotle Mashed Potatoes,
Mexican-Style Chicken Sandwiches,
Wild Mushroom Enchiladas with Ancho Chili-Cream Sauce,
Chipotle Fried Onion Rings,
BA's Best Strawberry Shortcake,
Wild Mushroom Tart,
Grilled Pork Chops with Chunky Andouille Barbecue Sauce,
Baked Baby Back Ribs with Lemon Confit Marinade,
Apple-Raisin Crumble with Orange Ice Cream,
Banana Chocolate Walnut Cake,
Minted White Sangria,
Tuna Steak Marchand de Vin,
"Arugula, Fennel, and Apricot Salad",
Shawarma-Spiced Braised Leg of Lamb,https://www.epicurious.com/recipes/food/views/shawarma-spiced-braised-leg-of-lamb
Olive and Eggplant Spread,
Sweet Potato and Caramelized Onion Hash with Baked Eggs,
Cumin and Chive Stuffed Eggs,
Blood Orange Tart with Cardamom Pastry Cream,
Blueberry Shrub,
Man of the Moment,https://www.epicurious.com/recipes/food/views/man-of-the-moment-200155
Gnocchi alla Romana,
Jeanne's Gluten-Free All-Purpose Flour,https://www.epicurious.com/recipes/food/views/jeannes-gluten-free-all-purpose-flour-51134210
Vegan Chocolate Tart With Salted Oat Crust,https://www.epicurious.com/recipes/food/views/vegan-chocolate-tart-with-salted-oat-crust-56390114
Hot Pepper Sauce,
Mango Tart with Coconut Crust,
Meatless Monte Cristo Sandwiches,
Sauteed Pineapple with Rum Sauce,
Tapenade Caesar with Prosciutto,
Maple Nut Pie,
Roasted Broccoli with Garlic and Red Pepper,
Southwestern Onion Rings,
Milk Chocolate Mousse with Cranberry and Candied-Orange Chutney,https://www.epicurious.com/recipes/food/views/milk-chocolate-mousse-with-cranberry-and-candied-orange-chutney-233176
Butter Lettuce and Radish Salad with Lemon-Garlic Vinaigrette,
Three Pea Stir-Fry,
Grilled Spiced Lamb Chops with Saffron Vegetables and Red Bell Pepper Sauce,
Asian-Style Flank Steak,
Tomato and Cucumber Salad with Pita Bread and Za'atar,
Green Curry Paste,
Pamplemousse Cocktail,https://www.epicurious.com/recipes/food/views/pamplemousse-cocktail-236903
Ginger-Orange Strawberry Shortcakes,
Horseradish and Parsley Stuffed Rib-Eye Roast,
Cranberry-Apple Crisp with Maple Syrup,
Salmon Fillets in Dill-Peperoncini Cream Sauce,https://www.epicurious.com/recipes/food/views/salmon-fillets-in-dill-peperoncini-cream-sauce-103375
Cheddar Cornmeal Crackers,
Beef Short Ribs with Asian Flavors,
Israeli Couscous Tabbouleh,https://www.epicurious.com/recipes/food/views/israeli-couscous-tabbouleh-51175480
Green Bean and Fennel Salad,
Marinated Lentils With Crunchy Vegetables,
Gingered Fish and Watercress Soup,
Pepperoni Focaccia,
Trout with Tarragon Butter,https://www.epicurious.com/recipes/food/views/trout-with-tarragon-butter-238785
Raspberry-Fig Sauce,
Oven-Roasted Spring Vegetables with Salsa Verde,
Bacon and Cashew Caramel Corn,
Chicken and Cashew Stir-Fry,
Bing Cherry Clafouti,https://www.epicurious.com/recipes/food/views/bing-cherry-clafouti-11871
Grilled Burgers with Roquefort Mayonnaise and Barbecued Red Onions,https://www.epicurious.com/recipes/food/views/grilled-burgers-with-roquefort-mayonnaise-and-barbecued-red-onions-5482
Duck Rillettes,
Brooklyn Feijoada,
Warm Goat Cheese Salad with Grilled Olive Bread,
Chipotle Barbecue Pulled Turkey Drumstick Sliders with Brussels Sprout Slaw,
Bobby's Dry-Rubbed Rib-Eye Steaks with Mesa Barbecue Sauce,https://www.epicurious.com/recipes/food/views/bobbys-dry-rubbed-rib-eye-steaks-with-mesa-barbecue-sauce-358849
Roasted Garlic,
Prosciutto-Stuffed Pork Tenderloin with Mushroom Sauce,
"Pumpkin Pie ""pumpkin""",
"Rustic Bread Stuffing with Red Mustard Greens, Currants, and Pine Nuts",https://www.epicurious.com/recipes/food/views/rustic-bread-stuffing-with-red-mustard-greens-currants-and-pine-nuts-355796
Carrot Tart with Ricotta and Herbs,https://www.epicurious.com/recipes/food/views/carrot-tart-with-ricotta-and-herbs-56389377
Warm Berry Preserves,
Steamed New Potatoes with Mint and Parsley,
"Sausage, Chestnut and Fig Stuffing",
Mixed Antipasto,
Barbecue-Braised Oxtail with Red Chili Beans,https://www.epicurious.com/recipes/food/views/barbecue-braised-oxtail-with-red-chili-beans-11487
Apple-Almond Cheesecake,
"Pappardelle with Pancetta, Broccoli Rabe, and Pine Nuts",https://www.epicurious.com/recipes/food/views/pappardelle-with-pancetta-broccoli-rabe-and-pine-nuts-234397
Roast Chicken with Hot-Sauce Butter,
Veal Patties with Mushrooms and Chives,
Chocolate Chunk Share Cookie,https://www.epicurious.com/recipes/food/views/chocolate-chunk-share-cookie-56390161
Basque Tomato Sauce,
Sambal-Orange Vinaigrette,https://www.epicurious.com/recipes/food/views/sambal-orange-vinaigrette-51241470
Fresh Chive Vinaigrette,https://www.epicurious.com/recipes/food/views/fresh-chive-vinaigrette-51161020
Cilantro Oil,
Quince Stew (Chorosht'e Be),https://www.epicurious.com/recipes/food/views/quince-stew-em-choroshte-be-em-51109810
"Braised Chicken With Asparagus, Peas, and Melted Leeks",
Apple Walnut Upside-Down Cake with Calvados Caramel Sauce,
Chilled Corn Soup with Lobster Salad,https://www.epicurious.com/recipes/food/views/chilled-corn-soup-with-lobster-salad-51179090
The Left Bank,
Argentine Red Sauce,
Treacle Scones,
Lime and Rum Caramel Creams,
Grilled New York Steaks with San Marzano Sauce,https://www.epicurious.com/recipes/food/views/grilled-new-york-steaks-with-san-marzano-sauce-239807
Strawberry Rhubarb Crumble Smoothie,https://www.epicurious.com/recipes/food/views/strawberry-rhubarb-crumble-smoothie-51258030
Chili Potato Soup,
Sticky Rice with Mango,
Buttermilk Cornbread with Monterey Jack Cheese,
"Crostini with Burrata Cheese, Pink Pepper, and Arugula",
Conch Tamales with Jalapeño-Cheese Pesto,https://www.epicurious.com/recipes/food/views/conch-tamales-with-jalapeno-cheese-pesto-107565
Potato Cakes with Leek and Carrot,
Roast Rack of Lamb with Madeira-Peppercorn Reduction,
Grilled Halibut with Lima Bean and Roasted Tomato Sauce,
Glazed Pork Loin with Cilantro and Garlic,
Cherry-Berry Lattice Pie,
Caveman Porterhouse with Poblano Pan-Fry,
Sugar Snap Peas with Ginger and Garlic,
Fresh Tarragon Oil,
Basic Flour Tortilla,
Toasted Coconut Dacquoise with Orange Pineapple Ice Cream,https://www.epicurious.com/recipes/food/views/toasted-coconut-dacquoise-with-orange-pineapple-ice-cream-108196
Roast Chicken with Mushroom Stuffing and Sauce,
Spiced Pork Tenderloin,
Basic Butter Cookies,
Radicchio and Haricot Vert Salad with Candied Walnuts,
Croatian Moussaka,
Rosemary Focaccia,
Rice Salad Italienne,
Roasted Poussins with Pomegranate Sauce and Potato Rösti,
Tropical Fruit Sundaes with Pineapple-Rum Sauce,
Chocolate Meringue and Mint Chip Ice Cream Cake,
Steak House Creamed Spinach,
Lamb Chops with White Beans and Gremolata,
Watermelon Daiquiri,
Mom's Deviled Ham Spread,https://www.epicurious.com/recipes/food/views/moms-deviled-ham-spread-10109
Lemon Crème Brûlée,
Apple Bok Choy Salad,
Broiled Bluefish Fillets with Fennel Mayonnaise,https://www.epicurious.com/recipes/food/views/broiled-bluefish-fillets-with-fennel-mayonnaise-14237
Asian Fruit Salad with Papaya-Mint Sauce,
Mexican Fiesta Casserole,https://www.epicurious.com/recipes/food/views/mexican-fiesta-casserole-51186420
Shiitake-Beef Stir-Fry,
Port-Glazed Chicken Livers and Onions,https://www.epicurious.com/recipes/food/views/port-glazed-chicken-livers-and-onions-10250
Moroccan-Spiced Game Hen,
Tangerine Granita with Vanilla Bean Cream,
Swiss Chard and Beet Sauté,
Boston Lettuce Wedges with Zinfandel Vinaigrette and Stilton,https://www.epicurious.com/recipes/food/views/boston-lettuce-wedges-with-zinfandel-vinaigrette-and-stilton-240984
"Chunky Date, Coconut, and Almond Granola",
"Lamb Tagine with Prunes, Apricots, and Vegetables",
Fennel and Celery Salad (Dama Bianca),
"Crostini with Roasted Garlic, Goat Cheese and Apple Chutney",https://www.epicurious.com/recipes/food/views/crostini-with-roasted-garlic-goat-cheese-and-apple-chutney-102290
"Spaghetti with Chicken, Sausage, and Pepper Sauce",
Campari Affogato With Lemon Sorbet,https://www.epicurious.com/recipes/food/views/campari-affogato-with-lemon-sorbet
Grilled Filet Mignon with Brandy Mustard Sauce,https://www.epicurious.com/recipes/food/views/grilled-filet-mignon-with-brandy-mustard-sauce-395936
Crunchy Asian Chicken Salad,https://www.epicurious.com/recipes/food/views/crunchy-asian-chicken-salad-243126
Summer Vegetable Curry,
Four-Cheese Ravioli with Mushrooms,
Grilled Fontina with Artichokes and Mushrooms,https://www.epicurious.com/recipes/food/views/grilled-fontina-with-artichokes-and-mushrooms-231493
Viennese Cucumber Salad,
Cauliflower ChowChow,
Pickled Peppers with Shallots and Thyme,
Zucchini and Corn Tacos,
Sausage-Cheese Balls,
Velvet Chicken Satays with Fresh Cilantro Chutney,https://www.epicurious.com/recipes/food/views/velvet-chicken-satays-with-fresh-cilantro-chutney-159
Italian Sausage and Bell Pepper Paella,
Herb-Roasted Turkey with Shallot Pan Gravy,
Tequila-Lime Mahimahi Tacos,
Plum Hazelnut Torte,
Tropical Cheesecake with Coconut Shortbread Crust,
Glazed Pear and Pecan Cake,
Ham and Fresh Peach Chutney on Corn Bread,https://www.epicurious.com/recipes/food/views/ham-and-fresh-peach-chutney-on-corn-bread-10118
Eggplant and Olive Whole Wheat Crostini,
Steamed Lobster with Lemon-Herb Butter,
Pork Tenderloin with Sauteed Onion and Fennel and Fennel Cream,
Cherry-Chocolate Shortcakes with Kirsch Whipped Cream,
3-Ingredient Japanese Cheesecake,
Braised Spring Vegetable Medley,
"Tuna with Orange, Ginger, and Lemongrass Sauce",
Rum Sabayon,
"White Corn with Tomatoes, Bell Peppers and Ginger",https://www.epicurious.com/recipes/food/views/white-corn-with-tomatoes-bell-peppers-and-ginger-104294
"Cinnamon Chocolate ""Cigarettes""",
D.I.Y. Steak Sauce,
Tangy Frozen Greek Yogurt,https://www.epicurious.com/recipes/food/views/tangy-frozen-greek-yogurt-354476
Fresh Corn Pancakes,
Yukon Gold Potato and Fuji Apple Gratins,
Aji Amarillo-Pineapple Salsa,https://www.epicurious.com/recipes/food/views/aji-amarillo-pineapple-salsa-108586
Strawberry Vinegar,
Garlic Mashed Potatoes with Chives,
Cod Fritters with Tartar Sauce,
Seared Fish Steaks with Horseradish Butter,https://www.epicurious.com/recipes/food/views/seared-fish-steaks-with-horseradish-butter-103425
Three-Herb Pesto,
Whole Baked Yams with Spicy Molasses Butter,https://www.epicurious.com/recipes/food/views/whole-baked-yams-with-spicy-molasses-butter-4405
Hot-Smoked Salmon with Tarragon Crème Fraîche,
Beef Tenderloin with Port-Balsamic Sauce,
Rib-Eye Steaks with Port and Mushroom Ragoût,
Ginger Rum-Glazed Ham,
Garlic-Mustard-Grilled Beef Skewers,https://www.epicurious.com/recipes/food/views/garlic-mustard-grilled-beef-skewers-234837
"Poached Eggs with Roasted Asparagus, Prosciutto, and Chive Oil",
Chicken with Port and Cream,
Sauteed Baby Eggplants,
Shrimp Gazpacho with Basil Croutons,https://www.epicurious.com/recipes/food/views/shrimp-gazpacho-with-basil-croutons-12647
Poblano Chile Sauce,
The Boy Scouts Campfire Quesadilla,https://www.epicurious.com/recipes/food/views/the-boy-scouts-campfire-quesadilla-56389770
Golden-Fried Pumpkin Purses,
"Pan-Seared Filet Mignon with Red Bell Pepper, Tomato, and Basil Sauce",
Yucatan Margarita with Tropical Fruit,
Caramel Pears,
Aromatic Shrimp And Noodle Medicine Soup,
Vanilla Sugar (Vanillezucker),https://www.epicurious.com/recipes/food/views/vanilla-sugar-vanillezucker
Grilled Tequila-Lime Chicken,
"Grilled Pompano and Shrimp with Lemon, Olives, and Bay Leaves",https://www.epicurious.com/recipes/food/views/grilled-pompano-and-shrimp-with-lemon-olives-and-bay-leaves-15626
Vanilla Petits Fours with Raspberry Filling and Marzipan,https://www.epicurious.com/recipes/food/views/vanilla-petits-fours-with-raspberry-filling-and-marzipan-109603
Dried Cod Fish Pie,
Roasted Butternut Squash with Lime Juice,
"Prosciutto, Mozzarella, Tomato, and Basil Panini",
Pasta Dough for Agnolotti,
Roast Leg of Lamb with Potatoes and Garlic,
Braised Lamb Shanks with Prunes,
Pear and Rosemary Butter,
"Linguine with Butternut Squash, Spinach, and Mussels",https://www.epicurious.com/recipes/food/views/linguine-with-butternut-squash-spinach-and-mussels-355198
Diner-Style Rice Pudding,https://www.epicurious.com/recipes/food/views/best-rice-pudding
"Turkey, Mushroom, and Barley Risotto",
Green Gazpacho,
Lemon-Nutmeg Ice Cream,
Turkish Spiced Meatballs with Pomegranate Yogurt Sauce,
Mixed Berries with Mascarpone-Limoncello Cream,https://www.epicurious.com/recipes/food/views/mixed-berries-with-mascarpone-limoncello-cream-232390
Toasted Bread Crumb Topping for Pasta,
Tex-Mex Veggie Burgers,
Pork Chops with Mustard Sauce,
Golden Raisin Oat Bran Muffins,https://www.epicurious.com/recipes/food/views/golden-raisin-oat-bran-muffins-357450
Caramel-Glazed Walnut Cake,
Crème Fraîche Mashed Potatoes,
Cornmeal Guava Thumbprint Cookies,
Fresh Fruit with Mascarpone and White Chocolate Dip,https://www.epicurious.com/recipes/food/views/fresh-fruit-with-mascarpone-and-white-chocolate-dip-235361
Curried Pea Soup,
Vinaigrette,
Chocolate-Dipped Cherry-Hazelnut Biscotti,
Pork Chops with Coriander-Cumin Spice Rub,
Frozen Mocha Rum Parfaits,
Spicy Tomato-Basil Sauce,
Citrus-Pomegranate Relish,https://www.epicurious.com/recipes/food/views/citrus-pomegranate-relish
Cool Curry Cauliflower Soup,
Pickled Cucumber and Cabbage,
Berry Streusel Pie,
Crimson Coleslaw,
Cilantro-Lime Mayonnaise,https://www.epicurious.com/recipes/food/views/cilantro-lime-mayonnaise-231893
Lima Bean Purée,
"Chicory Salad with Bacon, Crispy Potatoes, and Fried Egg",
Carrot-Rice Soup,
Light Lemon Custard,
Spiced Sweet Potato Gratin,
Shortbread Cookies,
"Potato, Cucumber and Tomato Raita",
Apple Raisin Bread Pudding,
Falafel-Spiced Tomatoes and Chickpeas on Flatbread,https://www.epicurious.com/recipes/food/views/falafel-spiced-tomatoes-and-chickpeas-on-flatbread-56389870
Fried Oysters with Holiday Tartar Sauce,
Herbed Oxtail Terrine,
Ancho and Cocoa Carne Asada,https://www.epicurious.com/recipes/food/views/ancho-and-cocoa-carne-asada-351852
Brie and Saffron Phyllo Tartlets,
Spicy Pork and Kumquat Stir-Fry,
Grilled Broccoli Rabe and Radicchio with Pancetta Dressing Topped with a Soft-Cooked Egg,
Smoked Turkey and Cheese Spread,
Ferran Adria's Rotisserie Chicken,https://www.epicurious.com/recipes/food/views/ferran-adrias-rotisserie-chicken-234364
Mexican-Style Tomato Sauce,
Mango Raita,
Hazelnut and Olive Rugelach,
Frozen Lime Cream,
Gravy Base,
Saratoga,https://www.epicurious.com/recipes/food/views/saratoga-200122
Kir Royale,
Roast Leg of Lamb with Grilled Summer Beans and Anchovy-Parsley Butter,
Wild Mushroom Tartlets,
Crème de Cacao Egg Cream,
Pecan Torte with Strawberries and Cream,
"Wonton Soup With Mushroom-Zucchini ""Meatballs""",https://www.epicurious.com/recipes/food/views/wonton-soup-with-mushroom-zucchini-meatballs
"Green Bean, Potato and Leek Salad",
Veal Scallops Oporto,
Seared Scallops with Tarragon Cream,
Chili Relleno Casserole,
Ice-Cream Bombes with Brandied Dried Cranberries and Cherries,https://www.epicurious.com/recipes/food/views/ice-cream-bombes-with-brandied-dried-cranberries-and-cherries-13611
Perciatelli with Meatballs and Tomato-Porcini Sauce,https://www.epicurious.com/recipes/food/views/perciatelli-with-meatballs-and-tomato-porcini-sauce-1523
Marsala and Dried-Fig Crostata,
"Grilled Pizza with Tomato, Mozzarella, and Basil",
"Apricot, Berry, and Jícama Salad with Honey-Lime Dressing",
"Curried Red Lentil Kohlrabi, and Couscous Salad",
Pork Chops with Wild Mushrooms and Caramelized Onions,
Mixed Lettuce Chiffonade with Gorgonzola-Herb Dressing,https://www.epicurious.com/recipes/food/views/mixed-lettuce-chiffonade-with-gorgonzola-herb-dressing-104626
Simple Lemon Dressing,
Mini Vanilla Cupcakes,
Banoffee Pie,https://www.epicurious.com/recipes/food/views/banoffee-pie-recipe
Individual Chocolate Souffles,
Chicken with White Wine and Garlic,
Cabbage and Jicama Slaw,
Springtime Pasta Primavera,
Grilled Garlic Lime Pork Tenderloin,
Grill Potato and Onion Packages,
Vegetable Kebabs with Saffron Butter,
Flaky Pie Crust,
Jamaican Hot Pepper Shrimp,https://www.epicurious.com/recipes/food/views/jamaican-hot-pepper-shrimp-232029
Peanut Brittle,https://www.epicurious.com/recipes/food/views/peanut-brittle-51100410
Scallop Ceviche on Black Pasta Cakes with Cilantro Salsa,https://www.epicurious.com/recipes/food/views/scallop-ceviche-on-black-pasta-cakes-with-cilantro-salsa-104384
Southsides Cocktail I,
Roast Beef and Arugula Crostini with Olive-Red Pepper Relish,https://www.epicurious.com/recipes/food/views/roast-beef-and-arugula-crostini-with-olive-red-pepper-relish-108938
Plum Cobbler with Cinnamon Biscuits,
Steamed Lobster with Charmoula Butter,https://www.epicurious.com/recipes/food/views/steamed-lobster-with-charmoula-butter-238784
Roast Pork Belly Toasts with Blood-Orange BBQ Sauce and Pickled Red Onion,https://www.epicurious.com/recipes/food/views/roast-pork-belly-toasts-with-blood-orange-bbq-sauce-and-pickled-red-onion-51259690
Apricot-Almond Gift Bread,https://www.epicurious.com/recipes/food/views/apricot-almond-gift-bread-240346
Prune Sauce for Meat or Game,https://www.epicurious.com/recipes/food/views/prune-sauce-for-meat-or-game-20001
Blender Chermoula Sauce,
Sweet-and-Sour Radicchio,
Spiced Cranberry and Orange Relish,
Florida Punch,
Gravy,
Pumpkin Cannelloni with Clams and Sage Brown Butter,https://www.epicurious.com/recipes/food/views/pumpkin-cannelloni-with-clams-and-sage-brown-butter-106999
Tarragon-Chive Dipping Sauce,https://www.epicurious.com/recipes/food/views/tarragon-chive-dipping-sauce-101502
Three-Green Pasta with Scallops and Pesto Sauce,
Shallot and Garlic Butter,
Sea Bass Amandine on Watercress,
Shrimp-Salad Tostadas with Tomatoes and Cucumber,https://www.epicurious.com/recipes/food/views/shrimp-salad-tostadas-with-tomatoes-and-cucumber-56389832
Horseradish-Crusted Beef Tenderloin,
Mini Meatballs in Saffron Sauce,
Lemon Caesar Salad,
Romaine and Watercress Salad with Roquefort Buttermilk Dressing,
Coffee-Molasses Ice Cream with Molasses-Glazed Pecans,https://www.epicurious.com/recipes/food/views/coffee-molasses-ice-cream-with-molasses-glazed-pecans-1472
"Barley, Swiss Chard, and Lima Bean Soup",
Jumbo Lump Crabcakes with Sweet Corn and Jalapeño,https://www.epicurious.com/recipes/food/views/jumbo-lump-crabcakes-with-sweet-corn-and-jalapeno-104653
All-Season Bean Salad,
Chocolate Pastry Cream,
Asian Rice Noodle Salad,https://www.epicurious.com/recipes/food/views/asian-rice-noodle-salad
Paskha Cheese,https://www.epicurious.com/recipes/food/views/paskha-cheese-109329
Roasted Shallot and Sesame Asparagus,https://www.epicurious.com/recipes/food/views/roasted-shallot-and-sesame-asparagus-10433
Spaghetti Squash with Sausage Filling,
Easiest Noodle Kugel,
Apricot and Chocolate Bavarois,
Potato and Blue Cheese Salad,
Johnnie Mack,
Raspberry Tea Gelees with Watermelon,
Potato Gratin with Cream and Fresh Herbs,
Pinto Bean Enfrijoladas,
Chili Lime Shrimp with Avocado and Coriander,
Mustard Seed Gravy,https://www.epicurious.com/recipes/food/views/mustard-seed-gravy
Pear and Cranberry Crisp,
Brussels Sprouts with Golden Onion,
Teriyaki-Glazed Sea Bass,
"Fusilli with Chère, Tomatoes and Basil",
Roast Turkey with Port Gravy,
Five-Minute Vanilla Ice Cream Pie with Warm Berry Compote,https://www.epicurious.com/recipes/food/views/five-minute-vanilla-ice-cream-pie-with-warm-berry-compote-238815
Basic Veal Stock,https://www.epicurious.com/recipes/food/views/basic-veal-stock-51208450
Cream of Jerusalem Artichoke Soup,https://www.epicurious.com/recipes/food/views/cream-of-jerusalem-artichoke-soup-236916
Lemon Rice with Peanuts,
Plum Granita with Summer Fruit,
Clay-Pot Miso Chicken,https://www.epicurious.com/recipes/food/views/clay-pot-miso-chicken-240262
Margarita,
Thai Grilled Beef Salad,
Les Merveilles,https://www.epicurious.com/recipes/food/views/les-merveilles-235865
Sammy's Asada,https://www.epicurious.com/recipes/food/views/sammys-asada-56390150
Matzo Brei with Tomatoes and Salsa,https://www.epicurious.com/recipes/food/views/matzo-brei-with-tomatoes-and-salsa-352030
"Thai Coconut, Broccoli and Coriander Soup",
"Cheddar, Turkey and Cranberry on Sourdough",
Strawberries in Sambuca,https://www.epicurious.com/recipes/food/views/strawberries-in-sambuca-51233440
Red Curry Shrimp,
Roasted Cauliflower with Cheddar Cheese Sauce,
"Porcini, Olive and Rosemary Focaccia",
Sauteed Sea Bass on Bruschetta,
Gourmet's Eggnog,
Candied Carrot Curls,
Corn and Tomato Gratin,
Chocolate Lovers' Butterscotch Chiffon Tart,https://www.epicurious.com/recipes/food/views/chocolate-lovers-butterscotch-chiffon-tart-234017
Royal Fizz,https://www.epicurious.com/recipes/food/views/royal-fizz-200508
Coconut-Fudge Cheesecake,
Turkey Sausage Patties,
Winter Melon Soup,
New-Fashioned Apple Pie,
Roasted Red Pepper with Feta Dip,
Apple Strudel with Cranberry Sauce,
Herbed Clam Hash,
Spicy Lamb with Tomato and Cilantro,
Orange and Spice Pumpkin Pie,
Quick-Pickled Strawberries,https://www.epicurious.com/recipes/food/views/quick-pickled-strawberries
Coconut Souffles with Chocolate Sauce,
Mango Ice with Tequila and Lime,
Chicken Sausage Patties with Apple and Sage,https://www.epicurious.com/recipes/food/views/chicken-sausage-patties-with-apple-and-sage-105217
Ancho Chile Sauce,
Beet and Braised Beef Soup,
Toasted Barley Risotto with Spinach and Herb Purée,https://www.epicurious.com/recipes/food/views/toasted-barley-risotto-with-spinach-and-herb-puree-51231690
Watermelon and Raspberry Sorbet,
Pepper Chicken with Hummus,
Rhubarb Mint Coolers,https://www.epicurious.com/recipes/food/views/rhubarb-mint-coolers-200859
Peanut Soup with Rice and Scallions,
Blood Orange Sorbet,
Eggplant and Tahini Spread,
"Standing Rib Roast, Spinach-Porcini Stuffing, Irish Whiskey Gravy, and Horseradish Cream",https://www.epicurious.com/recipes/food/views/standing-rib-roast-spinach-porcini-stuffing-irish-whiskey-gravy-and-horseradish-cream-350767
Pork Rib Chops with Sauteed Apple and Star Anise,
Creamed Pearl Onions and Fennel with Crispy Spiced Breadcrumbs,https://www.epicurious.com/recipes/food/views/creamed-pearl-onions-and-fennel-with-crispy-spiced-breadcrumbs
Baked Fish and Potatoes with Rosemary and Garlic,
Asian Steak and Noodle Salad,https://www.epicurious.com/recipes/food/views/asian-steak-and-noodle-salad-235018
Vanilla Bean-Roasted Figs with Wildflower Honey-Vanilla Ice Cream,https://www.epicurious.com/recipes/food/views/vanilla-bean-roasted-figs-with-wildflower-honey-vanilla-ice-cream-105862
Jerked Pork Chops,
Pride of Erin Soup,https://www.epicurious.com/recipes/food/views/pride-of-erin-soup-251
Sesame-Crusted Salmon,
Frozen White Chocolate and Hazelnut Dacquoise,
Gingerbread Snowflakes,
"Orecchiette with Cauliflower, Anchovies, and Fried Croutons",https://www.epicurious.com/recipes/food/views/orecchiette-with-cauliflower-anchovies-and-fried-croutons-358497
Hearty Lentil Soup with Bacon and Herbs,
Parsley Vinaigrette,
Gingered Cranberry and Kumquat Relish,
Chocolate Layer Cake with Chocolate-Raspberry Frosting,
New Mexican Pork and Green Chili Stew,
Pork Shoulder Barbecue,
Frozen Yogurt Banana Splits,
Whole-Wheat Spaghetti with Goat Cheese and Arugula,https://www.epicurious.com/recipes/food/views/whole-wheat-spaghetti-with-goat-cheese-and-arugula-10659
Salmon with Mushroom Orzo and Red Wine Sauce,
Caramelized Chestnuts,
Grilled Sea Bass with Miso-Mustard Sauce,
Spicy Lobster Pasta,
Spice-Roasted Cornish Hens with Cucumber-Yogurt Sauce,
Chilled Lemon Souffles with Caramel Sauce,https://www.epicurious.com/recipes/food/views/chilled-lemon-souffles-with-caramel-sauce-234446
Sweet and Spicy Candied Pecans,
Basil Flatbread with Roasted Tomatoes and Basil Oil,
Goat Cheese and Tomato Tart in a Cornmeal Crust,https://www.epicurious.com/recipes/food/views/goat-cheese-and-tomato-tart-in-a-cornmeal-crust-15278
Cream of Broccoli Soup,
Apricot and Rosemary Skewers,https://www.epicurious.com/recipes/food/views/apricot-and-rosemary-skewers-395610
Grilled Steak and Radishes with Black Pepper Butter,https://www.epicurious.com/recipes/food/views/grilled-steak-and-radishes-with-black-pepper-butter-51178840
Spicy Tofu and Lemongrass Stir-Fry,
Grilled Halibut and Tomato Packets,
Black Rice with Squid,https://www.epicurious.com/recipes/food/views/black-rice-with-squid-367951
Coriander Lime Shrimp,
Baked Apples Stuffed with Dried Fruit and Pecans,
Fresh Pasta Sheets,
Easy Pastry Dough,
Beet Salad with Plums and Goat Cheese,
"Colombian Chicken, Corn, and Potato Stew",https://www.epicurious.com/recipes/food/views/colombian-chicken-corn-and-potato-stew-105721
Trifle,
"Frisée Salad with Blue Cheese, Walnut, and Cranberry Crostini",
Potato Soup with Blue Cheese and Bacon,
Braised Onion Ribbons with Celery,https://www.epicurious.com/recipes/food/views/braised-onion-ribbons-with-celery-15341
3-Ingredient Sweet Potato Casserole With Maple Pecans,https://www.epicurious.com/recipes/food/views/3-ingredient-sweet-potato-casserole-with-maple-pecans
Frozen Lemon Gingersnap Pie,
Rhubarb and Raspberry Crostata,
Curried Parsnip Soup with Shredded Apples,
Roasted Carrots and Parsnips with Citrus Butter,
Iceberg Wedge with Warm Bacon and Blue Cheese Dressing,
Ethiopian Spice Tea,
Frozen Meyer Lemon Cream with Blackberry Sauce,https://www.epicurious.com/recipes/food/views/frozen-meyer-lemon-cream-with-blackberry-sauce-237311
"Chickpea Salad with Parsley, Lemon, and Sun-Dried Tomatoes",
Tomato and Bacon Salad in Bibb Lettuce Cups,
Chocolate Cake with Caramel-Coconut-Almond Filling,
"Roasted Grape Tomato, Orange, and Basil Relish",
Berry and Tarragon Pavlova,
Brown Butter Almond Torte with Sour Cherry Sauce,https://www.epicurious.com/recipes/food/views/brown-butter-almond-torte-with-sour-cherry-sauce-12656
Mango Frozen Margarita,
Zucchini Relish Wiley,
Maple-Apple Pie with Walnut Streusel,https://www.epicurious.com/recipes/food/views/maple-apple-pie-with-walnut-streusel-361273
Mushroom-Poblano Frittata,https://www.epicurious.com/recipes/food/views/mushroom-poblano-frittata-365153
Puerto Rican Crab,https://www.epicurious.com/recipes/food/views/puerto-rican-crab-234781
Lemon-Nutmeg Shortbreads with Lemon Icing,
Lemon Chicken and Roasted Pepper Sandwiches,
Wine-Poached Mahimahi and Shrimp,https://www.epicurious.com/recipes/food/views/wine-poached-mahimahi-and-shrimp-5134
Pineapple Ice-Cream Cake with Coconut Topping,
Stone-Fruit Sangria,https://www.epicurious.com/recipes/food/views/stone-fruit-sangria-51108370
Capellini with Salmon and Lemon-Dill-Vodka Sauce,https://www.epicurious.com/recipes/food/views/capellini-with-salmon-and-lemon-dill-vodka-sauce-232148
Lime and Lemon Posset,
"Pork Kebabs Marinated in Honey, Rosemary, and Orange",
Horseradish-Dill Schmear,https://www.epicurious.com/recipes/food/views/horseradish-dill-schmear-51234290
Sweet Potato and Poblano Salad with Honey and Rosemary,
Almond Muffins with Gooey Fig Center,
"Moroccan-Spiced Lamb Burgers with Beet, Red Onion, and Orange Salsa",https://www.epicurious.com/recipes/food/views/moroccan-spiced-lamb-burgers-with-beet-red-onion-and-orange-salsa-235346
Toasted Walnut Buttermilk Pancakes with Cranberry Maple Syrup,https://www.epicurious.com/recipes/food/views/toasted-walnut-buttermilk-pancakes-with-cranberry-maple-syrup-10986
Buttery Pie Crust,
Vanilla Frosting/Vanilla Sauce,
Cold Cucumber Soup with Mint,
Falafel,
Asian Pork and Mushroom Burger Wraps,
Pasta e Fagioli con Salsicce (Pasta and Beans with Sausage),
Grilled Monster Pork Chops with Tomatillo and Green Apple Sauce,
Banana Coconut Cream Pie,
Ratatouille Sandwich,
"Thai Tofu with Zucchini, Red Bell Pepper, and Lime",
Pulled Corned Beef,
Mashed Potatoes with Cauliflower,
Chili-Cornmeal Skillet Pie,
Sauteed Sea Scallops with Mustard Sauce,
Spiced Lamb Burger,
Lobster Salad Canapes,
Roasted Beets With Fennel and Bonito Dressing,
Sangria II,
Nectarine-Blackberry Crisp,https://www.epicurious.com/recipes/food/views/nectarine-blackberry-crisp-353429
Pan-Seared Chicken with Tarragon Butter Sauce,https://www.epicurious.com/recipes/food/views/pan-seared-chicken-with-tarragon-butter-sauce-232304
Apple Turnovers,
Gingered Poached Apricot and Raspberry Compote,
Spiced Seed Sprinkle,
Sausage and Cheese Manicotti,
Arctic Char with Chinese Broccoli and Sweet Potato Purée,https://www.epicurious.com/recipes/food/views/arctic-char-with-chinese-broccoli-and-sweet-potato-puree-239797
Cranberry-Orange Cheesecake with Chocolate Crust,
"Carrot Salad with Orange, Green Olives, and Green Onions",
Fresh Tomato Corn Soup,
Cranberry Rosemary Wine Jelly,
Roasted-Pepper and Almond Mayonnaise,
Ripe Olive and Goat Cheese Toasts,
Spicy Chicken with Yogurt and Dill,
Suzanne's Scalloppine,
Spring Greens and Lima Bean Soup,
Pine Nut and Feta Cheese Ball,https://www.epicurious.com/recipes/food/views/pine-nut-and-feta-cheese-ball-51252360
Strawberry Pistachio Mille-Feuillantines,
Succotash Soup with Black Pepper Croutons,
Green Gruel with Eyeballs,https://www.epicurious.com/recipes/food/views/green-gruel-with-eyeballs-355730
Beef Sates with Southeast Asian Sauce,
Merry Widow II,
Grilled Chicken Sandwiches with Sun-Dried Tomatoes and Goat Cheese,https://www.epicurious.com/recipes/food/views/grilled-chicken-sandwiches-with-sun-dried-tomatoes-and-goat-cheese-150
Tomato-and-Fennel-Stuffed Salmon with Basil Sauce,https://www.epicurious.com/recipes/food/views/tomato-and-fennel-stuffed-salmon-with-basil-sauce-238698
Chocolate Plum Pudding,
Ravioli with Green Beans and Prosciutto,https://www.epicurious.com/recipes/food/views/ravioli-with-green-beans-and-prosciutto-350904
Black Sea Bass with Sweet-and-Sour Orange Rhubarb Sauce,
"Duck Breasts with Orange, Honey and Tea Sauce",
Orzo Pudding,
Lemon Buttermilk Pie with Saffron,
Brown Sugar Sour Cream,
Serrano Ham and Poblano Corn Pudding,https://www.epicurious.com/recipes/food/views/serrano-ham-and-poblano-corn-pudding-233408
Spiced Pumpkin Loaves with Whipped Cream,
Grapefruit and Banana Rum Gratins,
"Grilled Pitas with Tomatoes, Olives, and Feta",
Limoncello Champagne Cocktails with Mint,
Grilled Lamb Chops with Porcini Mustard,
Fried Eggs with Coffee-Chipotle Mole,https://www.epicurious.com/recipes/food/views/fried-eggs-with-coffee-chipotle-mole-235989
Roasted Pork Chops with Serrano Ham Vinaigrette,
Carrots and Brussels Sprouts,
Blueberry Galette with Lemon Ice Cream,
"Mussels Steamed in Beer with Crème Fraîche, Herbs, and Parmesan croutons",https://www.epicurious.com/recipes/food/views/mussels-steamed-in-beer-with-creme-fraiche-herbs-and-parmesan-croutons-358572
Frozen Eggnog,
Shrimp and Cucumber Salad with Dill Vinaigrette,
Crispy Potato Cake with Garlic and Parsley,
Cumin and Coriander Spiced Chick-Pea Salad,
Vegetable Shepherd's Pie,
Broiled Eggplant Rolls with Goat Cheese and Tomato,https://www.epicurious.com/recipes/food/views/broiled-eggplant-rolls-with-goat-cheese-and-tomato-12167
Roast Pork Loin With Garlic and Rosemary,
Baked Ham,
Raspberry Gelatin with Fresh Fruit,
Fried Eggs on Corn Tortillas with Two Salsas (Huevos Divorciados),
"Beef, Vegetable and Barley Soup",
Anchovy Toasts,
Smoked Pork Chops with Cherry Tomatoes and White Beans,https://www.epicurious.com/recipes/food/views/smoked-pork-chops-with-cherry-tomatoes-and-white-beans-241486
Peach Iced Tea Sorbet,
Turkey Breast Pappagallo,
"Quick Pork Ramen With Carrots, Zucchini, and Bok Choy",
Shrimp in Ginger Butter Sauce,
Cranberry Almond Crostata,
"Romaine, Radish, and Cucumber Salad with Tahini Dressing",
Mango Sour,
Scaffa,https://www.epicurious.com/recipes/food/views/scaffa-200350
Fish-and-Chips,
"Grilled Game Hens with Basmati, Dried Currant, and Almond Salad",
Tortilla Soup with Chiles and Tomatoes,
Fried Green Plantains,
Whole-Egg Lemon Buttercream,https://www.epicurious.com/recipes/food/views/whole-egg-lemon-buttercream-56389523
Cranberry-Tangerine Scones,
Kale with Pickled Shallots,
Braided Almond-Cream Wreath (Kranzkuchen),
Shakshuka (Baked Eggs With Spicy Tomato Sauce),
Phyllo Nests with Strawberries and Honey,https://www.epicurious.com/recipes/food/views/phyllo-nests-with-strawberries-and-honey-108131
Cheese Blintzes,
Ginger-Cream Tart with Raspberries,
Bourbon Sweet-Potato Purée with Buttered Pecans,
Lebanese Lentil-and-Rice Pilaf with Blackened Onions,
"Tomato, Fennel and Watercress Salad with Fennel-Tarragon Vinaigrette",
Chilled Watercress Soup,
Vanilla Bean Apple Crisp,
Ice Bowls,
Sautéed Kale with Lime Pickle,https://www.epicurious.com/recipes/food/views/sauteed-kale-with-lime-pickle-51210460
Curry-Coconut Shrimp,
Sweet and Spicy Salmon,
Shrimp with Shallot-Tarragon Sauce on Wilted Spinach,https://www.epicurious.com/recipes/food/views/shrimp-with-shallot-tarragon-sauce-on-wilted-spinach-231875
Mini Buffalo Chicken Balls,https://www.epicurious.com/recipes/food/views/mini-buffalo-chicken-balls-369170
Low-Fat Buttermilk Dressing,
White Beans with Broccoli Rabe and Lemon,
Summer Garden Salad with Chili-Garlic Shrimp,
California Style Tuna Salad Rolls,
Royal,
"Salmon, Red Quinoa, and Arugula Salad",https://www.epicurious.com/recipes/food/views/salmon-red-quinoa-and-arugula-salad-51165800
Lobster Caesar Salad with Garlic-Lemon Croutons,
"Udon Noodles with Shrimp, Snow Peas, and Peanuts",https://www.epicurious.com/recipes/food/views/udon-noodles-with-shrimp-snow-peas-and-peanuts-56389801
Caramelized Onions,https://www.epicurious.com/recipes/food/views/ba-syn-caramelized-onions
"Pasta with Peas, Cream, Parsley, and Mint",
Seared Sea Scallops with Banyuls Vinegar and Chicory Slaw,
Roast Chicken with Spanish Paprika and Herb-Roasted Smashed Potatoes,
Roasted Garlic Oil and Roasted Garlic,
Shredded Pork Wraps with Lemon Coleslaw,https://www.epicurious.com/recipes/food/views/shredded-pork-wraps-with-lemon-coleslaw-106574
Tamarind Barbecued Duck with Smoky Plantain Crema,
Grill-Roasted Rack of Lamb in Red Mole,
"Barbecued Steak Brazilian-Style, with Garlicky Marinade and Dipping Sauce",
Spicy Barbecue Shrimp,
White Chocolate Easter Cake with Strawberries,
Pear Crumble with Crystallized Ginger,
Chipotle Sangrita,https://www.epicurious.com/recipes/food/views/chipotle-sangrita-51231210
Maple Pecan Pie in Wheat-Flavored Crust,
"Grilled Corn, Zucchini, and Black Bean Quesadillas",https://www.epicurious.com/recipes/food/views/grilled-corn-zucchini-and-black-bean-quesadillas-56389624
"Risotto with Leeks, Shiitake Mushrooms, and Truffles",
Miso-Ginger Consommé,
Walnut and Almond Cake with Orange Syrup,
Arugula Salad with Roasted Eggplant and Sweet Pomegranate Dressing,
Sweet Cheese Pie,
Truffled Toast with Radicchio and Egg,https://www.epicurious.com/recipes/food/views/truffled-toast-with-radicchio-and-egg-236003
Butter Rum Caramels,
Sole and Scallop Spirals,
Fallen Angel,
Banana Coconut Crunch Cake,
Fresh Tuna Tacos,
Avocado Radish Salad with Lime Dressing,
"Chicken Cutlets with Fried Capers, Parsley, and Lemon",
"Salmon, Dill and Cream Cheese Spread",
Key Lime Cheesecake,
Gluten-Free Banana-Almond Pancakes with Date Caramel,
Toasted Bread with Burrata and Arugula,
Sweet Potato and Sausage Gratin with Thyme,
To Quick-Soak Dried Beans,
To Roast and Peel Bell Peppers or Poblano Chiles,
Petit Trois's French Onion Soup,
"Red Onion, Sour Cream, and Caviar Quesadillas",
Baked Figs with Grand Marnier and Whipped Cream,https://www.epicurious.com/recipes/food/views/baked-figs-with-grand-marnier-and-whipped-cream-107036
Quebec Maple Sugar Pie,
Red Bell Pepper Cream Sauce,
Jerusalem Artichoke Soup,
Pork Tenderloin and Grilled Vegetable Salad,
Twice-Baked Sweet Potatoes with Bacon-Sesame Brittle,
Spiced Coffee Mousse,
Golden Lentil Dip,
Tomato-Onion Topping,
Rosemary Garlic Pork Rib Roast with Roasted Carrots and Onions,
Escarole Soup with Garbanzo Beans and Pasta,
Beets with Garlic-Walnut Sauce,
Double Lamb Chops with Ginger-Mint Crust,
"Smoked Salmon, Dill and Goat Cheese Pizza",
Potato-Leek Soup with Cheese,
"Lentil, Beetroot and Hazelnut Salad With a Ginger Dressing",https://www.epicurious.com/recipes/food/views/lentil-beetroot-and-hazelnut-salad-with-a-ginger-dressing-56389906
"Onion, Raisin, and Garlic Compote",
Turkey Patties with Tarragon-Mustard Gravy,
Sea Scallops with Mushrooms and Sherry,
Fresh Mint Tea Juleps,
Rigatoni with Hot Sausage and Fennel,
"Pizza with Figs, Prosciutto, Gorgonzola, Balsamic, and Arugula",https://www.epicurious.com/recipes/food/views/pizza-with-figs-prosciutto-gorgonzola-balsamic-and-arugula-354313
Moroccan Fish Tagine with Peppers and Olives,
Joe's Roasted Garlic Mashed Potatoes,
Green Apple Sangria,https://www.epicurious.com/recipes/food/views/green-apple-sangria-51149070
Tuna and Olive Salad Sandwich,
Tropical Storm,
Old Pal,https://www.epicurious.com/recipes/food/views/old-pal-388696
Beer Margaritas,
Raspberry Vinegar,
Charred Rosemary–Infused Vodka,https://www.epicurious.com/recipes/food/views/charred-rosemary-infused-vodka-51259250
Easy Crepes,
Sautéed Collard Greens with Slab Bacon,https://www.epicurious.com/recipes/food/views/sauteed-collard-greens-with-slab-bacon
Fried Catfish with Chive-Ginger Sauce,
Strawberry Shortcakes with Brown Sugar Biscuits and White Chocolate Cream,
Vanilla-Lime Flan,
Sour Cream and Scallion Drop Biscuits,https://www.epicurious.com/recipes/food/views/ba-syn-sour-cream-and-scallion-drop-biscuits
Pasta with Three Beans and Bacon,https://www.epicurious.com/recipes/food/views/pasta-with-three-beans-and-bacon-4633
Marinated Filet of Beef,
Fruit in Spiced White Wine,
Stout and Cheddar Rarebit with Fried Eggs,https://www.epicurious.com/recipes/food/views/stout-and-cheddar-rarebit-with-fried-eggs-350220
Cinnamon-Nut Cake,
Minestrone with Cabbage and Spinach,
Chive Blini,https://www.epicurious.com/recipes/food/views/chive-blini-107020
"Dried Fig, Apricot and Cherry Compote",
Hot Mexican Cider,
Teriyaki-Style Chicken,
Tofu Dengaku,https://www.epicurious.com/recipes/food/views/tofu-dengaku-357333
Pico de Gallo Amarillo,
"Chicory, Fried Ham, and Pear Salad",
Gold-Dusted Bourbon Pecan Balls,
Spiced Veal Roulades,https://www.epicurious.com/recipes/food/views/spiced-veal-roulades-238251
Brandy Alexander I,https://www.epicurious.com/recipes/food/views/brandy-alexander-i-200072
Grilled Quail Salad with Creamy Garlic Vinaigrette,
Lemon-Almond Tuiles,https://www.epicurious.com/recipes/food/views/lemon-almond-tuiles-242021
Roasted Eggplant and Red Pepper Topping,
Spicy Garlic Pickles,https://www.epicurious.com/recipes/food/views/spicy-garlic-pickles-56389774
Corsican Grilled Whole Fish with Breadcrumbs and Anchovies,https://www.epicurious.com/recipes/food/views/corsican-grilled-whole-fish-with-breadcrumbs-and-anchovies-340
Sausage Cheese Grits,
Lemon-Ginger Brew,
"Orzo with Lamb, Lima Beans and Feta",
Fusilli with Lentils and Sausage,
Rum-Caramel Sauce,
Barbecued Texas Beef Brisket,
Three-Chili Rice,
White Veal Stock,
Turkey Meatballs With Cranberry Sauce,
Cassis Spritz,https://www.epicurious.com/recipes/food/views/cassis-spritz-56389931
"Potato, Parmesan, and Anchovy Focaccia",
Orange Pineapple Refresher,
Linguine with Spicy Leek and Tomato Sauce,
Barbecued Chicken,
Grilled Tofu and Sauteed Asian Greens,
Steak On a Hot Rock with Wild Herb Butter,https://www.epicurious.com/recipes/food/views/steak-on-a-hot-rock-with-wild-herb-butter-56389757
Thai Chicken-Coconut Soup,
Veal Meat Loaf with Red Bell Pepper and Spinach,https://www.epicurious.com/recipes/food/views/veal-meat-loaf-with-red-bell-pepper-and-spinach-15599
Roast Turkey with Herb Butter and Caramelized Onion-Balsamic Gravy,
Spinach and Green Garlic Soufflé,https://www.epicurious.com/recipes/food/views/spinach-and-green-garlic-souffle-355946
Orecchiette with Red-Wine Veal Sauce,
Scalloped Potatoes with Goat Cheese and Herbes de Provence,https://www.epicurious.com/recipes/food/views/scalloped-potatoes-with-goat-cheese-and-herbes-de-provence-2999
Mexican Hot Chocolate III,
Herb Sauce,
Cherry Almond Cake,
Ginger Spice Cookies,
Grilled T-Bone Steaks with Balsamic Onion Confit,https://www.epicurious.com/recipes/food/views/grilled-t-bone-steaks-with-balsamic-onion-confit-365131
Dim Sum Dipper,https://www.epicurious.com/recipes/food/views/dim-sum-dipper-236608
Charred Onion Dip,
Pan-Fried Trout with Bacon,
Raspberry- Melon Paletas,
Lemongrass Pork with Vietnamese Table Salad,
Stilton Toasts,https://www.epicurious.com/recipes/food/views/stilton-toasts-231075
"Ceviche de Camaron: Shrimp Ceviche ""Cocktail""",
Greens and Bulgur Gratin,
"Crab With Romaine, Dill Sauce, and Sunflower Seeds",
Blueberry Pie with Cornmeal Crust and Lemon Cream,
Grilled Baby Bok Choy with Miso Butter,https://www.epicurious.com/recipes/food/views/grilled-baby-bok-choy-with-miso-butter-51227010
Tex-Mex Turkey Meat Loaf and Chipotle Mashed Potatoes,
Pork Chops with Red Cabbage,
"Baby Greens, Pear, Walnut, and Blue Cheese Salad",
"""Creamed"" Cabbage and Cauliflower",
"Herbed Polenta ""Fries""",https://www.epicurious.com/recipes/food/views/herbed-polenta-fries-357749
Mixed Greens with Bacon and Herbs,
Strawberry-Blueberry Pops,
Chanterelle Mushroom Gravy,https://www.epicurious.com/recipes/food/views/chanterelle-mushroom-gravy-355410
"Chicken, Red Pepper, and Green Bean Stir-Fry",
Herbed Potato Salad with Anchovies,
Barely Cooked Salmon with Parmesan Polenta and Mushroom Consommé,
Old-Fashioned Potato Salad,
Chocolate Cognac Truffle Tartlets,https://www.epicurious.com/recipes/food/views/chocolate-cognac-truffle-tartlets-546
"Roast Turkey with Apples, Onions, Fried Sage Leaves, and Apple Cider Gravy",
Eggplant Cannelloni,
Quick-Braised Red Cabbage and Apple,
Beef Stew with Stout,
"Sausage, Greens, and Beans Pasta",
Herbed Bread Stuffing,
White Bean and Pork Chili,
Toasted Nut Tart,
"Artic Char with White Beans, Wild Mushrooms, and Oven-Dried Tomatoes",https://www.epicurious.com/recipes/food/views/artic-char-with-white-beans-wild-mushrooms-and-oven-dried-tomatoes-350114
"Eggplant, Red Pepper, and Fontina Panini with Spinach Salad",
"Mixed Beans with Peanuts, Ginger, and Lime",https://www.epicurious.com/recipes/food/views/mixed-beans-with-peanuts-ginger-and-lime-56389867
Chilled Blueberry Soup,
Roasted Carrots with Citrus Vinaigrette,
Cauliflower and Caramelized Onion Tart,
Bibimbap at Home,
Pecan-Fig Pie with Brandied Whipped Cream,
Creamy Tomato Soup,
Thai-Spiced Pork Tenderloin with Orange Curry Sauce,
Crab Meat Stuffed Artichoke Salad,https://www.epicurious.com/recipes/food/views/crab-meat-stuffed-artichoke-salad-20062
Lemon Tarragon Stuffed Eggs,
"Cinnamon, Pecan, and Currant Cream Scones",
Steamed Root Vegetables and Cabbage with Dill,
Scallops Bourguignonne,
Red Ginger Juice,
Homemade Croutons,https://www.epicurious.com/recipes/food/views/homemade-croutons-51184620
Vegetable Summer Rolls,
Lamb Chops with Lemon,
Baked Smoked Ham with Mango,
Garlic-Rosemary Roast Chicken,
Scallop and Bacon Chowder,
Tiny Corn Muffins,
Grilled Hoisin-Marinated Butterflied Leg of Lamb,
Chiles Rellenos,https://www.epicurious.com/recipes/food/views/chiles-rellenos-cheese-stuffed-poblano-peppers
Strawberry Tiramisu,
Cranberry Sauce with Port Atnd Tangerine,
Milk Chocolate Pudding Parfaits with Raspberries,
Cream of Lentil and Chestnut Soup with Foie Gras Custard,https://www.epicurious.com/recipes/food/views/cream-of-lentil-and-chestnut-soup-with-foie-gras-custard-104751
Caper-Rosemary Tuna with Herb Salad,https://www.epicurious.com/recipes/food/views/caper-rosemary-tuna-with-herb-salad-242981
Roasted Peppers with Tomatoes,
"Lobster Salad with Green Beans, Apple, and Avocado",https://www.epicurious.com/recipes/food/views/lobster-salad-with-green-beans-apple-and-avocado-364850
Stir-Fried Sugar Snap Peas and Baby Carrots,
Hurricane,
Spiced Mango Lassi,
Stuffed Eggs with Caviar,
Nectarine Salsa,https://www.epicurious.com/recipes/food/views/nectarine-salsa-232319
Perciatelli with Shrimp and Garlic Breadcrumbs,https://www.epicurious.com/recipes/food/views/perciatelli-with-shrimp-and-garlic-breadcrumbs-233153
Gravlax with Mustard Sauce,
Coffee Date Shake,
Seafood Stew with Fennel and Thyme,
Winter Salad with Hoisin Vinaigrette,
Eggplant Fritters,
Angry Shrimp,https://www.epicurious.com/recipes/food/views/angry-shrimp-51219630
Blackened Leeks With Asparagus and Boiled Eggs,https://www.epicurious.com/recipes/food/views/blackened-leeks-with-asparagus-and-boiled-eggs
Tomato and Mozzarella Bread-Bowl Souffles,https://www.epicurious.com/recipes/food/views/tomato-and-mozzarella-bread-bowl-souffles-15817
Jalapeño-Monterey Jack Grits,https://www.epicurious.com/recipes/food/views/jalapeno-monterey-jack-grits-106004
Individual Berry Cobblers with Lemon Buttermilk Ice Cream,
Steamed Clams With Chickpeas and Green Garlic,
Roasted Beets with Horseradish Crème Fraîche,
Hot Crab and Artichoke Dip,
Spicy Toasted Garbanzo Beans and Pistachios,
Toasted Jalapeño Corn Bread,
Stir-Fried Shanghai Bok Choy with Ginger,
Roasted Potato Fans with Creamed Leeks,
"Perciatelli with Prosciutto, Wilted Radicchio, Blue Cheese, and Dried Figs",https://www.epicurious.com/recipes/food/views/perciatelli-with-prosciutto-wilted-radicchio-blue-cheese-and-dried-figs-230940
Grilled Lemon-Coriander Chicken,
Braised Artichokes With Tomatoes and Mint,
Almond-Macaroon Torte with Chocolate Frosting and Orange Compote,https://www.epicurious.com/recipes/food/views/almond-macaroon-torte-with-chocolate-frosting-and-orange-compote-358237
"Caramelized Garlic, Spinach, and Cheddar Tart",https://www.epicurious.com/recipes/food/views/caramelized-garlic-spinach-and-cheddar-tart-51263670
Spring Onion Soup with Garlic Croutons,
"Tomato, Basil, and Ricotta Gelati",https://www.epicurious.com/recipes/food/views/tomato-basil-and-ricotta-gelati-239808
"Apricot, Date, and Pistachio Haroseth",
Roasted Sesame-and Panko-Coated Asparagus with Soy-Ginger Drizzle,
Quick Moroccan Vegetable Couscous,https://www.epicurious.com/recipes/food/views/quick-moroccan-vegetable-couscous-1194
Spiced Layer Cake with Orange Cream Cheese Frosting,
Power-Boosting Beets,
Lemon and Blueberry Shortcakes,
Warm Chestnut and Apple Salad,
Rémoulade Sauce,
Individual Orange and Poppy Seed Pound Cakes,
Mustard and Coriander Roasted Potatoes,
Swordfish with Balsamic Brown Butter Sauce,
Caramelized Onion and Chestnut Stuffing,
Mango-Cilantro Margarita,
Meatballs: The Spuntino Way,
Tomato-and-Garlic-Stuffed Chicken Cutlets,
Lemon-Coconut Bars,
Parlor Punch,
"Pasta with Grilled Sausage, Peppers and Eggplant",
Pistachio Cranberry Oatmeal Icebox Cookies,https://www.epicurious.com/recipes/food/views/pistachio-cranberry-oatmeal-icebox-cookies-51142240
Creamy Corn-Studded Polenta,
Chinese Chicken Noodle Soup with Sesame and Green Onions,
Fragrant Indian Brittle,https://www.epicurious.com/recipes/food/views/fragrant-indian-brittle-236700
Amaretto Mimosa,
Grilled Tuna and Watercress Salad with Asian Flavors,
Baked Fish with Paprika-Lemon Butter,
Ode to Halo-Halo,https://www.epicurious.com/recipes/food/views/ba-syn-ode-to-halo-halo
Seven Seas,
"Lemon, Honey and Walnut Tart",
Orange Poppy-Seed Cake with Berries and Crème Fraîche,
Chocolate Hazelnut Cake,
Texas-Style Chili,
Celery-Root and Apple Purée,
Sherry and Egg,https://www.epicurious.com/recipes/food/views/sherry-and-egg-200453
Eggplant Napoleon,
Indian Vegetable Patties,
"Fusilli with Collards, Bacon, and Garlic",
Snap Beans with Mustard and Country Ham,https://www.epicurious.com/recipes/food/views/snap-beans-with-mustard-and-country-ham-350515
Slow-Roasted Duck with Olive Gravy and Garlic-Fennel Confit,
Wild Mushroom Ragoût on Crispy Polenta with Comte Cheese,https://www.epicurious.com/recipes/food/views/wild-mushroom-ragout-on-crispy-polenta-with-comte-cheese-240689
Vegetable Bulgur Salad,
Frozen Peach and Amaretti Souffles,
Apple Crisps with Dried Cherries and Ginger,
Roast Half Chicken With Cashew Tarator and Celery,https://www.epicurious.com/recipes/food/views/roast-half-chicken-with-cashew-tarator-and-celery
"Tomato, Caper and Olive Vinaigrette",
Roasted Asparagus and Baby Artichokes with Lemon-Oregano Aioli,https://www.epicurious.com/recipes/food/views/roasted-asparagus-and-baby-artichokes-with-lemon-oregano-aioli-359318
Watermelon-Mint Agua Fresca,https://www.epicurious.com/recipes/food/views/watermelon-mint-agua-fresca-56389829
Dried Fruit Compote with Ginger Syrup,
Plum Barbecue Sauce,
Japanese-Style Potato Salad with Daikon and Cucumber,
Parmesan Polenta,
Baltimore Eggnog,
Mint-Pineapple Rum Cooler,
"Arugula-Mango Salad with Grilled Portobello, Sweet Red Pepper Sauce, and Chicken Scallopini",
Marinated Tempeh Stir-Fry with Broccoli and Red Bell Pepper,
"Cauliflower ""Rice"" Tabbouleh",https://www.epicurious.com/recipes/food/views/cauliflower-rice-tabbouleh
"Curly Endive Salad with Radishes, Coriander and Bacon",
Lime Mousse with Lime-Vanilla Syrup,
Lemony Strawberry-Rhubarb Cobbler,
"Wild Mushroom Pizza With Caramelized Onions, Fontina, and Rosemary",
"Lamb, Sweet Potato, and Scallion Kebabs",
Mexican Rice with Mint,
Quick-Brined Grilled Pork Chops with Treviso and Balsamic Glaze,
Coffee Caramel Swirl Ice Cream,
Corn Bread and Spiced-Pecan Stuffing,
Coconut-Crusted Fried Shrimp,
Braised Provencal Chicken with Butternut Squash and White Beans,
Roasted-Beet and Apple Relish,
Citrus Icing,
Hot-and-Sour Cabbage Salad,
Seasonal Country Salad with Spiced Walnuts,
Chicken with Lemon-Basil Sauce,
Slow-Cooker Oatmeal With Apples and Ginger,
"Fresh Fruit Salad with Honey, Mint and Lime Syrup",
Grilled Fish with Cilantro Chutney in Banana Leaves,
Yogurt-Lime Sorbet,
Spicy Shellfish and Sausage Stew,
Roast Turkey with Corn Bread and Kale Stuffing and Paprika Gravy,
Frozen Peanut Butter Pie,
Watermelon and Cantaloupe Wedges with Lime-Mint Syrup,https://www.epicurious.com/recipes/food/views/watermelon-and-cantaloupe-wedges-with-lime-mint-syrup-238869
"Honey, Mustard and Rosemary Pork Roast",
Spiced Pear-Raspberry Crisp,
Grilled Lemon Prawns,
Feta-Stuffed Watermelon Blocks,https://www.epicurious.com/recipes/food/views/feta-stuffed-watermelon-blocks-51183650
Grilled Pork Tenderloin with Peach Barbecue Sauce,
Tarragon Roast Turkey with Vermouth,https://www.epicurious.com/recipes/food/views/tarragon-roast-turkey-with-vermouth-105800
Broiled Arctic Char with Basil Sauce and Tomato,https://www.epicurious.com/recipes/food/views/broiled-arctic-char-with-basil-sauce-and-tomato-230448
Pistou,
Chocolate Raspberry Icebox Cake,
Goat Cheese Quesadillas with Roasted Red Pepper Sauce,
"Chicken with Lemon, Cumin, and Mint",
Hoisin and Honey Pork Riblets,
"Sardine ""Tonnato"" Spread",
Orange-Pumpkin Roulade,https://www.epicurious.com/recipes/food/views/orange-pumpkin-roulade-236928
"Jícama, Carrot, and Red Cabbage Slaw with Anise and Lime",
Plum and Berry Summer Puddings,
Crawfish Tomato étouffée in Puff Pastry Shells,https://www.epicurious.com/recipes/food/views/crawfish-tomato-etouffee-in-puff-pastry-shells-11373
Mesa Barbecue Sauce,
Rib-Eye and Roasted-Tomato Sandwiches,https://www.epicurious.com/recipes/food/views/rib-eye-and-roasted-tomato-sandwiches-239284
Egg and Potato Salad with Green Olives,
Romaine Salad with Chives and Blue Cheese,
Lemon Cream + Lavender Sugar,https://www.epicurious.com/recipes/food/views/lemon-cream-lavender-sugar-56389719
Sweet Potato Tempura and Steak Sandwich with Bok Choy and Miso Mayo,https://www.epicurious.com/recipes/food/views/sweet-potato-tempura-and-steak-sandwich-with-bok-choy-and-miso-mayo-51234910
Scallion Fish with Sesame Kale,https://www.epicurious.com/recipes/food/views/scallion-fish-with-sesame-kale-51198470
Peach Melba with Burnt Caramel Sauce,https://www.epicurious.com/recipes/food/views/peach-melba-with-burnt-caramel-sauce-51108610
Sake-Steamed Sea Bass with Ginger and Green Onions,https://www.epicurious.com/recipes/food/views/sake-steamed-sea-bass-with-ginger-and-green-onions-107923
Springtime Sushi Nests,
Honey-Citrus Chicken,
Sweet Garlic Soy Sauce,https://www.epicurious.com/recipes/food/views/sweet-garlic-soy-sauce-353050
Sorrel Salad with Creamy Chive Dressing,
Crisp Curried Shrimp,
Carrot Pancakes with Salted Yogurt,
Coconut Macaroons,https://www.epicurious.com/recipes/food/views/coconut-macaroons
Campari and Grapefruit Ice Pops,
Tropical Holiday Crowns,
Chestnut Fennel Soup,
Basic French Vinaigrette,
"Campanelle Pasta with Burrata Cheese, Spinach, Lemon, and Toasted Almonds",
Roasted Cauliflower with Lemon-Parsley Dressing,
Herb-Coated Lamb with Port-Red Wine Sauce,
Gluten-Free Blueberry Corn Muffins,
Corn Bread Succotash Stuffing,
Roast Turkey with Bourbon Gravy,
Old-Fashioned Corn Bread,
Butternut Squash and Red Pepper Casserole,
Quick Focaccia,
"Mozzarella, Arugula, and Marinated Tomatoes on Focaccia",
Sour Cream and Onion Dip,
Hobo Pack Potatoes with Rosemary and Garlic,
"Spaghetti with Fresh Clams, Parsley, and Lemon",
Frozen Watermelon Margarita,https://www.epicurious.com/recipes/food/views/frozen-watermelon-margarita
Ceviche of Red Snapper,
Apricot-Mustard Baked Chicken,
Bibb Lettuce Salad,
Wild Mushroom Soup with Vegetable Confetti,
El Chupacabra Martini,
Loudspeaker,https://www.epicurious.com/recipes/food/views/loudspeaker-200983
"Roasted Halibut with Tomatoes, Saffron, and Cilantro",https://www.epicurious.com/recipes/food/views/roasted-halibut-with-tomatoes-saffron-and-cilantro-105164
"American Cheese, Bacon and Tomato on White Bread",https://www.epicurious.com/recipes/food/views/american-cheese-bacon-and-tomato-on-white-bread-102915
Orange Pancakes `21' Club,
Pigs in a Blanket,
Herbed Potato Salad with Lemon-Olive Oil Dressing,
Banana Fritters,
Plum and Almond Cobbler,
Braised Pork Loin Cutlets with Thyme-Lemon Sauce,
Blueberry and Corn Crisp,https://www.epicurious.com/recipes/food/views/blueberry-and-corn-crisp
Tea-Poached Plums,https://www.epicurious.com/recipes/food/views/tea-poached-plums-51179120
Zucchini-Herb Fritters with Garlic Yogurt,https://www.epicurious.com/recipes/food/views/zucchini-herb-fritters-with-garlic-yogurt-56389547
Roasted Tuna with Grapefruit and Tarragon,
Beets in Orange Sauce,
Fig and Blue Cheese Savouries,https://www.epicurious.com/recipes/food/views/fig-and-blue-cheese-savouries-51140000
Champagne Cobbler,
Crispiest Potato Chips,https://www.epicurious.com/recipes/food/views/crispiest-potato-chips-51252630
"Baeckeoffe / Laundry Day Stew of Beef, Pork, and Lamb",
Frozen Lemon-Ginger Yogurt,
"Shrimp with Olive Oil, Garlic and Lime",
Roast Chicken with Rhubarb Butter and Asparagus,https://www.epicurious.com/recipes/food/views/roast-chicken-with-rhubarb-butter-and-asparagus-56389535
Corn and Pork Kebabs with Rosemary Green Beans and Potatoes,https://www.epicurious.com/recipes/food/views/corn-and-pork-kebabs-with-rosemary-green-beans-and-potatoes-14228
Sweet and Savory Pine Nut Relish,
Pot Roast in Rich Gravy,
Grilled Shrimp and Vegetables with Pearl Couscous,https://www.epicurious.com/recipes/food/views/grilled-shrimp-and-vegetables-with-pearl-couscous-235021
Mexican Seafood Cocktail,
Lemon Cajun Sweet Dough Pies,
Asian Spring Rolls,
Fresh Pasta Squares,
Sour-Cream Pancakes with Sour-Cream Maple Syrup,
Almond Tart with Stone Fruit and Lime Meringue,https://www.epicurious.com/recipes/food/views/almond-tart-with-stone-fruit-and-lime-meringue-56389902
Warmed Spiced Olives,
Brown Rice Salad with Crunchy Sprouts and Seeds,
"Feta, Garbanzo Bean, and Eggplant Pita Sandwiches",
Bloody Mary Ice Pops,
Leg of Lamb With Garlic and Rosemary,https://www.epicurious.com/recipes/food/views/leg-of-lamb-with-garlic-and-rosemary-105020
Moo-Shu Pork,
Coffee-Walnut Cake with Coffee-Mascarpone Cream,
Beef Stock,
Apple and Celery Salad,
Cauliflower Soup with White Truffle Oil,
Sweet and Tangy Peach Relish,https://www.epicurious.com/recipes/food/views/sweet-and-tangy-peach-relish-51107860
Miso Soup,https://www.epicurious.com/recipes/food/views/miso-soup-103391
Watermelon Mint Cordial,https://www.epicurious.com/recipes/food/views/watermelon-mint-cordial-366370
Rosemary-Roasted Lamb with Pan Juices,
Beef Tenderloin Salad,
Texas Beef Tacos,
Sweet-and-Sour Stuffed Mustard Cabbage,
Quick Aspic,
Sauteed Salmon with Five-Spice Lime Butter,
Roasted Quail with Juniper Berries and Balsamic Vinegar,https://www.epicurious.com/recipes/food/views/roasted-quail-with-juniper-berries-and-balsamic-vinegar-15508
Mango Meringue Tartlets,
"Crunchy Turnip, Apple, and Brussels Sprout Slaw",https://www.epicurious.com/recipes/food/views/crunchy-turnip-apple-and-brussels-sprout-slaw-51260300
Turkey Sandwiches with Cranberry Sauce and Blue Cheese Butter,
Dried Fruit Compote,
Roasted Potatoes and Cauliflower with Chives,
Sage and Garlic Grilled Tomatoes,https://www.epicurious.com/recipes/food/views/sage-and-garlic-grilled-tomatoes-231538
Braised Endives with Haricots Verts,https://www.epicurious.com/recipes/food/views/braised-endives-with-haricots-verts-233808
"Smoky Shrimp, Hominy and Tortilla Soup",
"Linguine with Bacon, Sun-Dried Tomatoes and Cream",https://www.epicurious.com/recipes/food/views/linguine-with-bacon-sun-dried-tomatoes-and-cream-1408
"Black Barley, Fennel, and Radish Salad",https://www.epicurious.com/recipes/food/views/black-barley-fennel-and-radish-salad-395911
Two-Potato Gratin,
Linguine with Tomato-Basil Clam Sauce,
Tropical Fruit Splits with Rum Sauce and Chile-Macadamia Brittle,
Prosciutto and Arugula Pizza,
Crab-and-Corn Chowder with Bacon and Chanterelle Mushrooms,
Canal House Teriyaki Sauce,https://www.epicurious.com/recipes/food/views/canal-house-teriyaki-sauce-51209690
White Chocolate Mint Terrine with Dark Chocolate Sauce,
Basic Barbecue Rub,
Escolar Fish with Mango and Shrimp Ravioli,
Turkey Ragù with Pasta,
Whiskey Peppermint Flip,
Italian Tuna and Shaved Fennel Sandwich with Black Olive Paste,https://www.epicurious.com/recipes/food/views/italian-tuna-and-shaved-fennel-sandwich-with-black-olive-paste-235663
Cumin Steak with Rajas,
Spicy Chicken Salad with Bell Pepper and Cilantro,
Toasted Israeli Couscous with Pine Nuts and Parsley,https://www.epicurious.com/recipes/food/views/toasted-israeli-couscous-with-pine-nuts-and-parsley-231300
Berry Tart with Mascarpone Cream,
Beef Spice Rub,
Blue Cheese Caesar Salad,
Rose Beef Bites with Horseradish Cream,https://www.epicurious.com/recipes/food/views/rose-beef-bites-with-horseradish-cream-51198780
Tsatsiki,https://www.epicurious.com/recipes/food/views/tsatsiki-242347
French Buttercream,https://www.epicurious.com/recipes/food/views/french-buttercream
Fresh Green Salsa (Salsa verde cruda),https://www.epicurious.com/recipes/food/views/fresh-green-salsa-salsa-verde-cruda-56389522
No-Bake Chocolate and Cream Cheese Pie,
Easy-Does-It Granola,
Hearty Corn Chowder,
Pineapple Anise Sherbet,
Chilled Red Pepper-Tomato Soup,
Lenin and Lime Gin and Tonic Sorbetto,https://www.epicurious.com/recipes/food/views/lenin-and-lime-gin-and-tonic-sorbetto-51187110
Cheesesteak Sandwiches,
Creamy Horseradish Potato Salad,
Cranberry-Pecan Bread,
Mashed Sweet Potato with Citrus,
Turkey Ramen,
Spring Vegetable Ragoût,
Beer-Batter Tempura,
Coriander Chicken Tostadas with Refried Beans and Grilled Fennel,
Coconut-Pecan-Crusted Brownies,https://www.epicurious.com/recipes/food/views/coconut-pecan-crusted-brownies-13644
Green Bean Casserole,
Heirloom Tomato Herb Pasta Salad,
3-Ingredient Cacio e Pepe (Pasta With Cheese and Pepper),https://www.epicurious.com/recipes/food/views/3-ingredient-cacio-e-pepe-pasta-with-cheese-and-pepper
Grand Marnier Crêpe Cake,
Raspberry-Blueberry Snow Cones,
Cornmeal Buttermilk Pancakes,
Provençal Rack of Lamb,
Red Cabbage and Apple Slaw with Cider Yogurt Dressing,
Shrimp and Avocado Salad with Grapefruit Vinaigrette,
Linguine with Shellfish Sauce,
Sally Darr's Updated Dried Fruit Tart,
Cauliflower Soup with Pecorino Romano and Truffle Oil,
Grilled Corn Tabbouleh in Tomato Cups,
Curried Turkey Salad with Cashews,
Baked Ham with Mustard-Red Currant Glaze and Rhubarb Chutney,
Moroccan-Style Chicken Sandwich,
Roasted Chicken with Garlic Confit,
"Deviled Eggs with Radishes, Chives and Thyme",
Eggplant Salad with Parsley and Lemon,
Sauteed Cod Steaks and Tomatoes with Green Sauce,
Ancho Chili Sauce,
Strawberry Sufganiyot,
Ginger Beef Tataki with Lemon-Soy Dipping Sauce,https://www.epicurious.com/recipes/food/views/ginger-beef-tataki-with-lemon-soy-dipping-sauce-103262
"Fish, Clams, and Mussels with White Wine and Garlic",
"Scrambled Eggs with Ramps, Morels, and Asparagus",https://www.epicurious.com/recipes/food/views/scrambled-eggs-with-ramps-morels-and-asparagus-352050
Tadka Dhal,
Mocha Custards with Buttermilk Doughnuts,
"Crispy Chicken Stew With Lemon, Artichokes, Capers, and Olives",
Orange Date-Nut Diamonds,https://www.epicurious.com/recipes/food/views/orange-date-nut-diamonds-1695
Creamy Asparagus Tarragon Soup,
Avocado and Crab Soup,https://www.epicurious.com/recipes/food/views/avocado-and-crab-soup-366709
Pumpkin Mascarpone Pie,
Indian Ratatouille,
"Smoked Salmon, Horseradish Sour Cream, and Cucumber Lavash Sandwiches",
Tamarind and Vodka Cocktail,https://www.epicurious.com/recipes/food/views/tamarind-and-vodka-cocktail-353814
Pecan Coconut Tart,
Shrimp Salad with Cucumber and Fennel,
Linguine with Parsley and Garlic,
Chocolate-Walnut Brownies,
"Scalloped Potato, Cheddar, and Chive Pie",
"Veal Scallops with Parsley, Lemon and Garlic",
Honey-Roasted Chicken with Lemon and Tarragon,
Wild Rice-Crusted Halibut,https://www.epicurious.com/recipes/food/views/wild-rice-crusted-halibut-56389978
Brown Butter Pecan Shortbread,
Pickling Juice,
Sichuan Pepper-Salt Roast Chicken,https://www.epicurious.com/recipes/food/views/sichuan-pepper-salt-roast-chicken-358036
Mushroom Sauté,
"Roasted Mushrooms Stuffed with Feta, Spinach, and Bacon",
Grilled Vegetable Hero,
Blue Cheese Dip,
Banana-Pineapple Layer Cake with Cream Cheese Frosting,
Saffron Vichyssoise,
Streusel Topped Pear and Blueberry Pie,
Brown Sugar Bars with Milk Chocolate and Pecans,
"French Bread Pizzas With Ricotta, Roasted Tomatoes, and Pesto",https://www.epicurious.com/recipes/food/views/french-bread-pizzas-with-ricotta-roasted-tomatoes-and-pesto-56390007
Beets with Stout and Sauteed Beet Greens,
Strawberry and Rhubarb Parfaits,
Mango-Ginger-Curry Soup with Shrimp,
Roast Heirloom Goose with Balsamic Vinegar,https://www.epicurious.com/recipes/food/views/roast-heirloom-goose-with-balsamic-vinegar-233402
Strip Steak With Lemony Yogurt and Radishes,
Quick Clam Chowder,
"Kumquat, Seville Orange, and Apricot Marmalade",
Squash and Red Pepper Pilaf,
Stir-Fried Asian Greens with Chiles and Garlic,
Savory Red Pepper and Onion Matzo Brei,
Peppered Almonds,
"Brown Rice, Corn and Grilled Vegetable Salad",
Orange Banana Shake,
Oven-Poached Fish in Olive Oil,
Quinoa Brown Rice Sushi,https://www.epicurious.com/recipes/food/views/quinoa-brown-rice-sushi-51156610
Third Degree,
Tequila and Lime Baked Pineapple,
Toasted Marshmallow Butterscotch Pie,https://www.epicurious.com/recipes/food/views/toasted-marshmallow-butterscotch-pie
"Grilled Shrimp with Chile, Cilantro, and Lime",
Farmer Cheese Cheesecake,
Rillettes de Canard au Poivre Vert,https://www.epicurious.com/recipes/food/views/rillettes-de-canard-au-poivre-vert-13538
"Fresh Corn Sauté with Tomatoes, Squash, and Fried Okra",
Winter Vegetables with Horseradish Dill Butter,https://www.epicurious.com/recipes/food/views/winter-vegetables-with-horseradish-dill-butter-11059
La Puerta Garden Beet Soup,
Sauteed Quail with Shiitake Port Sauce,
Apple Cider Beignets with Butter-Rum Caramel Sauce,https://www.epicurious.com/recipes/food/views/apple-cider-beignets-with-butter-rum-caramel-sauce-240226
Strawberry Meringue Roulade,
"Pasta with Cherry Tomatoes, Basil, Lemon, and Clams",
Baked Salmon with Pernod,
My Favorite Falafel,
Hot Fudge Sauce,
Green Chile-Pork Pozole,
Roast Duck with Prunes and Juniper Berries,
Sweet Potato–Chickpea-Quinoa Burgers,
Moroccan-Spiced Caponata and Basil Hero,https://www.epicurious.com/recipes/food/views/moroccan-spiced-caponata-and-basil-hero-12389
Cranberry Compote with Ginger and Molasses,
Rye Crispbread Crackers with Pepper-Dill Crème Fraîche and Smoked Salmon,https://www.epicurious.com/recipes/food/views/rye-crispbread-crackers-with-pepper-dill-creme-fraiche-and-smoked-salmon-105902
Mixed-Berry Tiramisù with Lime Curd,https://www.epicurious.com/recipes/food/views/mixed-berry-tiramisu-with-lime-curd-353381
"Pizza with Fontina, Potatoes, and Tapenade",
Grilled Bass with Green Tomato and Watermelon Salsa,https://www.epicurious.com/recipes/food/views/grilled-bass-with-green-tomato-and-watermelon-salsa-108388
Oyster Spinach Bisque with Corn Bread Croutons,
Kale Dressing,
Yellow Layer Cake with Chocolate-Sour Cream Frosting,
Country Apple Tart with Spiced Brown Butter,
"Slow-Roasted Salmon With Fennel, Citrus, and Chiles",
Saffron Pasta with Pork and Tomato Sauce,
Easy Fish Tacos,
Pressed Turkey and Farmhouse Cheddar on Egg Bread,
Mashed Potatoes and Celery Root with Blue Cheese,
"Coffee, Chocolate, and Marshmallow Sundaes",https://www.epicurious.com/recipes/food/views/coffee-chocolate-and-marshmallow-sundaes-232573
Charred Eggplant and Tahini Spread,
"Caramel, White Chocolate and Rum Bread Pudding",
Caribbean Christmas Pudding with Brandy Butter,
Chicken and Herb Potstickers with Mint-Chili Sauce,
Grilled Cumin Chicken Breasts with Avocado Salsa,
Mussels with Coconut Curry Sauce,
Sweet-and-Sour Balsamic-Glazed Spareribs,https://www.epicurious.com/recipes/food/views/sweet-and-sour-balsamic-glazed-spareribs-51129400
Rustic Lemon Tart (Torta Della Nonna al Limone) With Pine Nut Lace Cookies,
Bacon Scallion Hush Puppies,
Grilled Porterhouse Steaks with Olive and Caper Spread,
Bittersweet Chocolate Truffles,
Rice with Almonds and Raisins,
Bacon Baklava,
"Spicy Tuna ""Tarts"" with Stuffed Tomatoes",
Linguine with Clams and Arugula,
"Sausages Braised in Beer, Apples, and Onions",https://www.epicurious.com/recipes/food/views/sausages-braised-in-beer-apples-and-onions-104019
Rosemary Portobello Burgers,https://www.epicurious.com/recipes/food/views/rosemary-portobello-burgers-105296
Shellfish and Potatoes à la Marinière,https://www.epicurious.com/recipes/food/views/shellfish-and-potatoes-a-la-mariniere-394698
Garlicky Greek Salad,
Buttermilk Rye Crepes,
Sweet Palmiers,https://www.epicurious.com/recipes/food/views/sweet-palmiers
Sticky Date Pudding with Toffee Sauce,
Cucumber-Mint Raita,
Linguine with Pecan Arugula Pesto,
Grilled Beef Skirt Steak With Onion Marinade,https://www.epicurious.com/recipes/food/views/grilled-beef-skirt-steak-with-onion-marinade
Valrhona Chocolate Cherry Cake,
Bacon-Wrapped Quail Stuffed with Goat Cheese,https://www.epicurious.com/recipes/food/views/bacon-wrapped-quail-stuffed-with-goat-cheese-236319
Katy's Dates with Ancho Chili Oil,https://www.epicurious.com/recipes/food/views/katys-dates-with-ancho-chili-oil-231151
Tomato Soup with Lemon-Rosemary Cream,
Coconut Tuile Cones with Passion-Fruit Ice Cream,https://www.epicurious.com/recipes/food/views/coconut-tuile-cones-with-passion-fruit-ice-cream-106601
Sweet Potato and Yam Galette,
Baba Ghanouj,
Squash and Black Bean Stew With Tomatoes and Green Beans,
Epicurean Sauce,https://www.epicurious.com/recipes/food/views/epicurean-sauce-101740
Tomato-White Bean Soup with Pesto,
Pound Cake with Vanilla Ice Cream and Apple Cider Sauce,
Summer Berry Crisp,
Pasta Salad with Roasted Eggplant Gibb,
Peas with Baked Ricotta and Bread Crumbs,
Roasted Salmon and Olive-Mustard Butter and Orzo,
Grand Fruit Salad,
Vinegar Sauce,
Barbecued Pork Sandwiches with Pickled Red Onion,
Three Onion Soup,
Buttermilk-Lemon Chess Pie,
Spicy Blackened Catfish,
Giant Pumpkin Muffins with Molasses-Ginger Glaze,
Norwegian Baked Prune Custard,
Root Vegetable Hash with Poached Eggs and Parsley Pesto,https://www.epicurious.com/recipes/food/views/root-vegetable-hash-with-poached-eggs-and-parsley-pesto-108564
Quick Beef with Broccoli,
Pineapple Tart,
3-Ingredient Thanksgiving Turkey With Orange and Sage,
"Grilled Chicken Salad with Tomatoes, Spinach, and Feta",
Sesame Dressing,
Succotash and Goat Cheese Quiche,https://www.epicurious.com/recipes/food/views/succotash-and-goat-cheese-quiche-105792
Turkey Tenders with Tomato-Orange-Caper Compote,https://www.epicurious.com/recipes/food/views/turkey-tenders-with-tomato-orange-caper-compote-204
"Jamaican ""Jerk"" Chicken Wings",
Ham and Watercress Crepes,https://www.epicurious.com/recipes/food/views/ham-and-watercress-crepes-105898
Chorizo Bolognese with Buffalo Mozzarella,https://www.epicurious.com/recipes/food/views/chorizo-bolognese-with-buffalo-mozzarella-56390074
Confetti Salad with Ranch Dressing,
Peach-Blueberry Ice Cream Pie,
Blue Cheese Dip with Onion and Celery,
"Cheese Tortellini Soup with Cannellini, Kielbasa, and Kale",https://www.epicurious.com/recipes/food/views/cheese-tortellini-soup-with-cannellini-kielbasa-and-kale-106143
Creamy Tarragon Eggs,https://www.epicurious.com/recipes/food/views/creamy-tarragon-eggs-358057
Cheddar Cheese and Onion Pie,
"Red Cabbage with Raspberries, Onions and Apples",
"Sausage, Leek and Currant Stuffing",
All-Purpose Crust,
"Pumpkin, Ginger and Molasses Tart",
Baked Halibut with Almonds,
Spinach and Roasted Red Pepper Gratin,
Spicy Shrimp and Bell Pepper Stew with Cumin and Oregano,
Baked Red Snapper with Fennel-Scented Tomato Sauce,https://www.epicurious.com/recipes/food/views/baked-red-snapper-with-fennel-scented-tomato-sauce-2882
"Fried Rice with Ham, Egg, and Scallions",
Slow Cooker Amaretto-Poached Peaches,https://www.epicurious.com/recipes/food/views/slow-cooker-amaretto-poached-peaches
Apple Walnut Crisp,
Summer Hot Fudge Sundaes,
Beer Crackers Topped with Garlic and Three Cheeses,
Asparagus with Orange Dressing and Toasted Hazelnuts,
Quick Coq au Vin,
Apple-Onion Roast Turkey with Pan Gravy,
Chinese Pineapple Chicken,
Kapalua Butterfly,
Red-Onion Meat Loaf,https://www.epicurious.com/recipes/food/views/red-onion-meat-loaf-104820
Hot Beef Borscht with Sour Cream,
Sun-Dried Tomato Butter,
"Pear Clafoutis with Phyllo Crisps, Cider Sauce, and Quince Sorbet",https://www.epicurious.com/recipes/food/views/pear-clafoutis-with-phyllo-crisps-cider-sauce-and-quince-sorbet-108702
Shrimp and Vegetable Salad with Roasted-Tomato Vinaigrette,
Chickpea Cilantro Dip with Grilled Pita and Carrot Sticks,
"Potato, Leek, and Pea Pot Pie With Spinach-Arugula Salad",
Snow Eggs with Pistachio Custard and Chocolate Drizzle,
Lemon Hazelnut Cookie Sandwiches,
Southwestern Turkey with Garlic-Ancho Chili Paste and Gravy,
Spring Peas with Lettuce and Mint,
Seitan and Polenta Skillet with Fresh Greens,https://www.epicurious.com/recipes/food/views/seitan-and-polenta-skillet-with-fresh-greens-368469
Pasta with Uncooked Tomato and Olive Sauce,
Almond Cake with Roasted Pineapple and Vanilla Cream,
Biarritz Rochers,https://www.epicurious.com/recipes/food/views/biarritz-rochers-51228810
Tuna and Potato Kebabs with Basque Tomato Sauce,
Nuoc Cham Dipping Sauce,
"Butternut Squash, Kale, and Crunchy Pepitas Taco",https://www.epicurious.com/recipes/food/views/butternut-squash-kale-and-crunchy-pepitas-taco-51249020
Orange Cardamom Cookies,
Almond Aioli,
Mushroom Caesar Salad,
Mulled Wine II,
Split Pea Soup with Sausage and Potato,
Clams Casino With Bacon and Bell Pepper,
Chicken and Dumplings with Mushrooms,
"Oysters Rockefeller ""Deconstructed""",
Corn and Oyster Bisque,
Raspberry Sundaes with Chocolate Sauce and Roasted Almonds,
Pesto Pizza with Crabmeat and Artichoke Hearts,https://www.epicurious.com/recipes/food/views/pesto-pizza-with-crabmeat-and-artichoke-hearts-104940
Udon Noodle Salad,
Bulldog I,https://www.epicurious.com/recipes/food/views/bulldog-i-200339
Stilton Walnut Tarts,
Grilled Eggplant Stacks with Tomato and Feta,
Spoon Bread with Sour Cream and Cheese,
Spiced Cider Cup,
Vietnamese Sticky Chicken with Daikon and Carrot Pickle,https://www.epicurious.com/recipes/food/views/vietnamese-sticky-chicken-with-daikon-and-carrot-pickle-231644
Roasted Garlic-Balsamic Steak Sauce,https://www.epicurious.com/recipes/food/views/roasted-garlic-balsamic-steak-sauce-239058
Potato Cheddar Rolls,
Green Bean and Tomato Salad with Buttermilk Dressing,
Plain Genoise,
Moroccan Lamb and Eggplant Matzo Pie with Spicy Tomato Sauce,
Gratineed Gnocchi with Spinach and Ricotta,
Minted Mai Tai,
Peanut Butter Pie,
Pan-Fried Steaks with Shallot-Gorgonzola Butter,https://www.epicurious.com/recipes/food/views/pan-fried-steaks-with-shallot-gorgonzola-butter-102859
Sun-Dried Tomato and Olive Breads,
Lamb Moussaka with Currants,
Dinner Rolls Six Ways,
Steamed Scrod Fillets Chinese Style,https://www.epicurious.com/recipes/food/views/steamed-scrod-fillets-chinese-style-11939
Scallops and Haricots Verts with Creamy Bacon Vinaigrette,https://www.epicurious.com/recipes/food/views/scallops-and-haricots-verts-with-creamy-bacon-vinaigrette-109381
Cooper's Union Cocktail,https://www.epicurious.com/recipes/food/views/coopers-union-cocktail-355034
Grape Leaves Stuffed with Rice and Raisins,https://www.epicurious.com/recipes/food/views/grape-leaves-stuffed-with-rice-and-raisins-100407
Asparagus Flans,
Rustic Pear Tart with Late-Harvest Riesling,
Chilled Cream of Zucchini Soup with Mussels and Fresh Mint,
Potato-Parsnip Salad with Aquavit Dressing,
Denver French Toast,
Watermelon Salsa,
Granny Smith Apple Cider Vinaigrette,https://www.epicurious.com/recipes/food/views/granny-smith-apple-cider-vinaigrette-51125210
Chipotle Sauce,
Mint Whipped Cream,
Baba,
Tagine Bil Kok,
Baked Camembert with Thyme & Garlic,
Dark Moon,
Crab Cakes with Creamy Caper Sauce,
Cheeseburgers with Charred Green Chiles and Onions,
"Lamb and White Bean Stew with Spinach, Parsley, and Dill",
Capucine,
Spinach Puff Pastry Quiche,
Chestnut Stuffing,
Crown Roast of Pork with Apple Stuffing,
"Shrimp with Lemon, Tarragon, Green Beans, and Peas",
Pork Chops with Spicy Citrus Marinade,
Sweet and Sour Pork,
Sesame-and-Soy Watermelon Poké,https://www.epicurious.com/recipes/food/views/sesame-and-soy-watermelon-poke
Coconut Rice,https://www.epicurious.com/recipes/food/views/coconut-rice-leela-punyaratabandhu
Bacon Jalapeño Popcorn,https://www.epicurious.com/recipes/food/views/bacon-jalapeno-popcorn
Spring Vegetables with Shallots and Lemon,
Minestrone,
Pasta Primavera with Smoky Ham,
"Mussels with Tomatoes, Jalapeño and Tequila",
Lemon Icing,
Caramel-Orange Sauce,
Smoky Shrimp and Halibut Stew,
Strawberry Pazzo Cake with Herbed Crème Fraîche,
Lemon-Honey Tart with Salted Shortbread Crust,https://www.epicurious.com/recipes/food/views/lemon-honey-tart-with-salted-shortbread-crust-51140700
"Breakfast Hobo Packs with Hash Brown Potatoes, Sausage, and Scallions",
Lemon and Blueberry Ice Cream Terrine,https://www.epicurious.com/recipes/food/views/lemon-and-blueberry-ice-cream-terrine-238750
Baileys Pudding Parfaits with Oatmeal-Walnut Crunch,https://www.epicurious.com/recipes/food/views/baileys-pudding-parfaits-with-oatmeal-walnut-crunch-100970
Twice-Baked Potatoes with Basil and Sour Cream,
Chocolate Chip-Peanut Butter Cookies,
"Prune, Cherry, and Apricot Frangipane Tart",
Pork Chops Scarpariello,
"Tomato, Caper, Olive and Blue Cheese Salad",
Zucchini and Spinach Frittata,
Apple-Cranberry Crumb Pie,
Café Brûlot,https://www.epicurious.com/recipes/food/views/cafe-brulot-350239
Red Cabbage with Apricots and Balsamic Vinegar,
"Garlic, White Cheddar and Chipotle Mashed Potatoes",
Citrus Sponge Cake with Strawberries,
Salt-Roasted Chicken,
White Chocolate Cupcakes with Candied Kumquats,
"Roasted Whole Fish and Fennel with Crushed Potatoes, Perserved Lemon, and Charmoula",
Tom Colicchio's Herb-Butter Turkey,
Wild Mushroom Lasagne,
"Lime, Ginger, and Lemongrass Sorbet",https://www.epicurious.com/recipes/food/views/lime-ginger-and-lemongrass-sorbet-56389791
Spritz Cookies,https://www.epicurious.com/recipes/food/views/spritz-cookies
"Grilled Pineapple with Brown Sugar, Coconut, and Rum",
"Pork Tenderloin With Turmeric, Squash, and Collard Greens Salad",
Frontera Grill's Chocolate Pecan Pie with Coffee Whipped Cream,
Lemon Lemon Loaf,
"Pineapple, Honeydew, and Mango with Ginger and Fresh Herbs",
Quick Sausage Pizzas,
Strawberry Shortcake with Grand Marnier Strawberry Compote and Chantilly Cream,
Chocolate-Cognac Profiteroles with Raspberry Sauce,https://www.epicurious.com/recipes/food/views/chocolate-cognac-profiteroles-with-raspberry-sauce-104081
Balsamic Fig Chutney with Roasted Grapes,https://www.epicurious.com/recipes/food/views/balsamic-fig-chutney-with-roasted-grapes-240757
"Orecchiette with Lentils, Onions, and Spinach",
Chicken and Fall Vegetable Pot Pie,
Beer-Braised Beef and Onions,
Fig and Onion Bruschetta,https://www.epicurious.com/recipes/food/views/fig-and-onion-bruschetta-351069
Chicken in Dill Mustard Sauce,
Weekday Vegetable Soup,
Chilled Cucumber and Orange Juice with Oregano,https://www.epicurious.com/recipes/food/views/chilled-cucumber-and-orange-juice-with-oregano-51173620
Sauteed Cod with Creamed Corn and Summer Succotash,
Strawberry Cooler,
Salted Roast Turkey with Herbs and Shallot-Dijon Gravy,https://www.epicurious.com/recipes/food/views/salted-roast-turkey-with-herbs-and-shallot-dijon-gravy-350432
White Chocolate Frosting,
Salmon Glazed with Honey and Mustard,
Corn and Herb-Bread Sausage Stuffing,
Spiced Yam Pudding,
Chowders,
Corn Bread and Chestnut Stuffing,
Grilled Zucchini and Summer Squash Salad with Basil-Parmesan Dressing,
"Black Bean, Jícama, and Grilled Corn Salad",
The Rattlesnake,https://www.epicurious.com/recipes/food/views/the-rattlesnake-cocktail
Korean-Style Short Ribs,
Salsa Verde With Toasted Breadcrumbs,https://www.epicurious.com/recipes/food/views/salsa-verde-with-toasted-breadcrumbs
"Bruschetta with Olive Paste, Peppers and Goat Cheese",https://www.epicurious.com/recipes/food/views/bruschetta-with-olive-paste-peppers-and-goat-cheese-2332
Lamb Stew with Spinach and Garbanzo Beans,
Salmon Steak with Orange-Balsamic Glaze,
A Nice Vegetable Soup,
Fettuccine with Swordfish and Sugar Snap Peas,https://www.epicurious.com/recipes/food/views/fettuccine-with-swordfish-and-sugar-snap-peas-1660
Snap Pea Salad with Burrata,
Banana Pancakes with Caramel-Banana Syrup,https://www.epicurious.com/recipes/food/views/banana-pancakes-with-caramel-banana-syrup-233140
Dr. Lee's Red Wine Chicken Stew,https://www.epicurious.com/recipes/food/views/dr-lees-red-wine-chicken-stew-357010
Rainbow Chard and Radicchio Sauté,
"Spicy Pasta, Bean, and Sausage Soup",
No-Cook Simple Syrup,
White Russian,
"Brined Pork Loin with Onion, Raisin, and Garlic Compote",
Mom's Sweet-and-Sour Red Cabbage,https://www.epicurious.com/recipes/food/views/moms-sweet-and-sour-red-cabbage-51218610
"Penne with Broccoli Rabe, Walnuts, and Pecorino",https://www.epicurious.com/recipes/food/views/penne-with-broccoli-rabe-walnuts-and-pecorino-240085
Balsamic Mashed Sweet Potatoes,
Winter Squash and Short-Rib Enchiladas,https://www.epicurious.com/recipes/food/views/winter-squash-and-short-rib-enchiladas
Raspberry Lemonade,https://www.epicurious.com/recipes/food/views/raspberry-lemonade
Twice-Cooked Five-Spice Lamb with Red Chiles,https://www.epicurious.com/recipes/food/views/twice-cooked-five-spice-lamb-with-red-chiles-237099
Scallion Potato Pancake and Smoked-Salmon Sandwiches,
Herb-Roasted Sausages and Butternut Squash,
Snow Peas with Lemon Herb Butter,
Apple Walnut Pancakes with Cinnamon Cream and Fudge Sauce '21' Club,https://www.epicurious.com/recipes/food/views/apple-walnut-pancakes-with-cinnamon-cream-and-fudge-sauce-21-club-13285
"Brown Butter, Ginger, and Sour Cream Coffee Cake",
Grilled Oregano Chicken,https://www.epicurious.com/recipes/food/views/grilled-oregano-chicken-56389728
Pork and Hominy Stew with Red Chiles (Pozole Rojo),
Roasted Spiced Shrimp on Wilted Spinach,
Roasted Red Onions,
"Orzo, Green Bean, and Fennel Salad with Dill Pesto",
Saffron Shrimp Crab Cakes,
Hard-Boiled Eggs and Parmesan on Toasted Sourdough,https://www.epicurious.com/recipes/food/views/hard-boiled-eggs-and-parmesan-on-toasted-sourdough-106956
Herbed Bean Spread with Baguette Toasts,
Mussels in Light Broth,https://www.epicurious.com/recipes/food/views/mussels-in-light-broth
Jewish Onion Bread,https://www.epicurious.com/recipes/food/views/jewish-onion-bread-109217
Rhubarb Lambrusco Granita,
3-Ingredient Pesto Fried Chicken,https://www.epicurious.com/recipes/food/views/3-ingredient-pesto-fried-chicken
Napa Valley Winter Punch,https://www.epicurious.com/recipes/food/views/napa-valley-winter-punch-239788
S'mores Ice Cream Pie with Warm Milk Chocolate Sauce,
Chicken Soup with Loads of Vegetables,
Russian Ravioli,
Roasted Butternut Squash and Apple Salad,
Peanut Butter and Jelly Bars,
Red Cabbage Salad with Warm Pancetta-Balsamic Dressing,
"Endive, Stilton and Pear Tart",
Dried Cherry and Raisin Rice Pudding,
Panfried Quail and Creamed Corn with Bacon,https://www.epicurious.com/recipes/food/views/panfried-quail-and-creamed-corn-with-bacon-15504
Nectarine Daiquiri,
Papaya and Red Onion Salsa,
Stilton and Pear Salad,
"Turkey Burgers with Tomato Jam, Olives and Feta",
Grilled Tuna Salade Niçoise,
Robson,https://www.epicurious.com/recipes/food/views/robson-200405
Roasted Red Pepper Aïoli,
"Bagel Chips with Smoked Salmon, Capers, and Lemon",
Provencal Sauteed Chicken,
Quick-Preserved Lemon,
Ginger-Tomato Chutney,
Mango Salad with Grilled Shrimp,
Chutney-Glazed Cornish Hens with Hazelnuts and Dried-Fruit Stuffing,https://www.epicurious.com/recipes/food/views/chutney-glazed-cornish-hens-with-hazelnuts-and-dried-fruit-stuffing-11580
Italian Chicken with Mushroom-and-Wine Sauce,
Tuna Tune-Up,
Todd's Modern Day Brisket,https://www.epicurious.com/recipes/food/views/todds-modern-day-brisket-51154000
Roast Turkey with Pomegranate Glaze,
Zingy Red Sauce,https://www.epicurious.com/recipes/food/views/zingy-red-sauce-51175320
Mashed Potatoes with Cheddar Cheese and Poblano Chilies,
Spiced Peaches and Raspberries,
"Meyer Lemon ""Jam""",
Raspberry-Chocolate Tart,
Zucchini Salad With Ajo Blanco Dressing & Spiced Nuts,
Homemade Irish Corned Beef and Vegetables,
"Pasta ""Rags"" with a Thousand Herbs",https://www.epicurious.com/recipes/food/views/pasta-rags-with-a-thousand-herbs-233541
Mexican Rice Balls,
Macadamia and Ginger Stuffing,
Haroseth (Dried Fruit and Nut Paste),https://www.epicurious.com/recipes/food/views/haroseth-dried-fruit-and-nut-paste-394661
Crispy Spiced Potato Wedges,
BLT Burgers,https://www.epicurious.com/recipes/food/views/blt-burgers-239294
Tomato-Sausage Sauce,
Strawberry and Blueberry Summer Pudding,
Garlic Shrimp,
Wine-Braised Brisket with Tart Cherries,
Feta Burgers with Grilled Red Onions,
Chicken with Sun-Dried Tomato Cream Sauce,
Goat Cheese and Herb Souffles,
Grilled Pork Chops with Saté Sauce,
Apple-Cream Cheese Torte,https://www.epicurious.com/recipes/food/views/apple-cream-cheese-torte-101024
Spiced Brisket with Leeks and Dried Apricots,
Quince-Date Chutney,
Meringues,
"Rib-Eye Steaks with Mushrooms, Brandy and Blue Cheese",
Puerto Rican Beef Stew,
"Multi-Grain Pasta with Sicilian Salsa Verde, Cabbage, and Haricots Verts",https://www.epicurious.com/recipes/food/views/multi-grain-pasta-with-sicilian-salsa-verde-cabbage-and-haricots-verts-241326
"Lemony Chicken Soup With Farro, White Beans, and Kale",
Smoked Caviar and Hummus on Pita Toasts,https://www.epicurious.com/recipes/food/views/smoked-caviar-and-hummus-on-pita-toasts-102246
Mexican-Style Spicy Sweet Potato and Chicken Bowl,
Sweet Corn Flans with Tomato-Corn Relish,
Spaghetti alla Carbonara,
Almond-Crusted Goat Cheese Salad with Raspberry Dressing,https://www.epicurious.com/recipes/food/views/almond-crusted-goat-cheese-salad-with-raspberry-dressing-105335
"Fried Peppers, Onions and Sausages",
Ginger Cream,
Grilled Chicken with Mustard and Red Pepper,
"Sausage, Broccoli Rabe, and Tomato Lasagne",
Minted Radish Tea Sandwiches with Lemon Mayonnaise,https://www.epicurious.com/recipes/food/views/minted-radish-tea-sandwiches-with-lemon-mayonnaise-11856
Baked Crab Dip,
Skordalia,
Date & Blue Cheese Ball,
Grilled Halibut with Basil-Shallot Butter,
Salmon with Soy-Honey and Wasabi Sauces,
"Seafood, Sausage and Bell Pepper Paella",
Crab with Asparagus and Heirloom Tomatoes,
Lamb Chops with Minted Potatoes and Zucchini,
Mancha Manteles,https://www.epicurious.com/recipes/food/views/mancha-manteles-236063
Tahini Sauce,
Onion Toasts,
"Tortellini with Italian Sausage, Fennel, and Mushroom",https://www.epicurious.com/recipes/food/views/tortellini-with-italian-sausage-fennel-and-mushroom-362553
"Cocoa Nib, Chocolate, and Citrus Dacquoise",
Thai-Style Chicken in Coconut Sauce,
Cumin Tortilla Crisps,
Chilled White Bean Salsa Soup,
Grilled Sausage and Fig Pizza with Goat Cheese,https://www.epicurious.com/recipes/food/views/grilled-sausage-and-fig-pizza-with-goat-cheese-360090
Pear and Amaretti Turnovers,
Ancho Chile–Rubbed Grilled Corn,https://www.epicurious.com/recipes/food/views/ancho-chile-rubbed-grilled-corn
Mainbrace,https://www.epicurious.com/recipes/food/views/mainbrace-200987
Pan-Seared Scallops with Beurre Blanc Sauce,
Tomato Ginger Jam,
Bacon and Potato Pie,
Finnish Sweet Cardamom Raisin Bread,
Potato and Green-Vegetable Salad with Dijon Dressing and Chives,
"Mushroom, Rajas, and Corn Taco with Queso Fresco",
Curried Herring,
Mashed Yukon Gold Potatoes with Goat Cheese and Basil,
Marinated Olives and Feta Cheese,
"Escarole Salad with Apples, Candied Walnuts, and Saint André Cheese",https://www.epicurious.com/recipes/food/views/escarole-salad-with-apples-candied-walnuts-and-saint-andre-cheese-355751
Raspberry Hazelnut Triangles,
Spritz Wreaths,
Frangipane,
Lima-Bean Crostini,https://www.epicurious.com/recipes/food/views/lima-bean-crostini-239026
Maple-Roasted Tomato Toast with Goat Cheese and Mint,https://www.epicurious.com/recipes/food/views/maple-roasted-tomato-toast-with-goat-cheese-and-mint-56389824
Seven Bridges Road,https://www.epicurious.com/recipes/food/views/seven-bridges-road-51205640
Pan-Seared Cod with Creamy Fennel Ragoût,
"Scallop, Shrimp, and Squid ""Ceviche""",
Roast Beef Tenderloin with Wasabi-Garlic Cream,
Butter-Sugar Crepes,
White Bean Purée with Garlic Vinaigrette and Croutes,
"Roast Chickens with Pistachio Salsa, Peppers, and Corn",https://www.epicurious.com/recipes/food/views/roast-chickens-with-pistachio-salsa-peppers-and-corn-395941
Rhubarb and Ginger Brioche Bread Pudding,https://www.epicurious.com/recipes/food/views/rhubarb-and-ginger-brioche-bread-pudding-358597
Black Pepper Biscuits,
Moroccan-Style Chicken Pie,
Rainbow Chopped Salad,https://www.epicurious.com/recipes/food/views/rainbow-chopped-salad-363733
Mustard-Dill Pancakes with Smoked Salmon and Caviar,https://www.epicurious.com/recipes/food/views/mustard-dill-pancakes-with-smoked-salmon-and-caviar-4620
Corn and Jalapeño Chili Flatbread,https://www.epicurious.com/recipes/food/views/corn-and-jalapeno-chili-flatbread-56390076
Walnut-Herb Pesto,https://www.epicurious.com/recipes/food/views/walnut-herb-pesto-240086
Fig and Port Wine Charoset,https://www.epicurious.com/recipes/food/views/fig-and-port-wine-charoset-234301
Cherry Clafoutis,
Almond Macaroons,
Pasta with Beans and Beef,
Sauteed Scallops with Andouille and Baby Greens,
Chili-Lime Dressing,
Peanut Butter Cheesecake with Caramelized Banana Topping,
Stewed Cannellini Beans With Chiles and Thyme,
"Chicken Cutlets with Asparagus, Capers, and Shallots",https://www.epicurious.com/recipes/food/views/chicken-cutlets-with-asparagus-capers-and-shallots-357352
Rhubarb Rosemary Jelly,
Three-Bean Salad,
Shiitake Beef Stroganov,
Prosecco and Raspberry Jelly,
Tandoori-Style Grilled Meat or Shrimp,
"Pizza with Roasted Garlic, Bell Peppers and Two Cheeses",
Roasted Peaches with Ricotta Buttercream and Breadcrumbs,https://www.epicurious.com/recipes/food/views/roasted-peaches-with-ricotta-buttercream-and-breadcrumbs-56389716
Passion-for-Port Spritzer,
Cilantro-Stuffed Chicken Breasts with Poblano Chile Sauce,
Red Bell Pepper Sauce,
Penne with Parmesan Cream and Prosciutto,https://www.epicurious.com/recipes/food/views/penne-with-parmesan-cream-and-prosciutto-236686
Potato and Root Vegetable Chowder with Bacon,
Orange-Cardamom Cupcakes with Vanilla Frosting,
Tomato Tartes Tatins,https://www.epicurious.com/recipes/food/views/tomato-tartes-tatins-242646
"Mascarpone, Ham, and Asparagus Tart",https://www.epicurious.com/recipes/food/views/mascarpone-ham-and-asparagus-tart-234404
Curry-Spiced Citrus and Avocado Salsa,
Almond Butter and Finger Bananas on Fruit Bread,
Honey Eggnog,
Armagnac Ice Cream,
Tostadas,
"Sauteed Fennel, Radicchio, and Pine Nuts",
Apple and Blackberry Meringue Souffles,https://www.epicurious.com/recipes/food/views/apple-and-blackberry-meringue-souffles-13265
Dark Chocolate and Lemon Ganache Tartlets,https://www.epicurious.com/recipes/food/views/dark-chocolate-and-lemon-ganache-tartlets-3093
"Carrot, Cauliflower and Beet Salad with Orange-Anise Dressing",
Pizza Sauce,
Spicy Shrimp and Coconut Noodle Soup with Shiitake Mushrooms,
Roasted Eggplant Soup with Goat Cheese Dumplings,
Chocolate-Anise Straws,
Jasmine Rice with Cumin and Mustard Seeds,https://www.epicurious.com/recipes/food/views/jasmine-rice-with-cumin-and-mustard-seeds-103330
Jerusalem Chickpea Sandwich Filling,https://www.epicurious.com/recipes/food/views/jerusalem-chickpea-sandwich-filling-353974
Strawberry Mosel Cup,https://www.epicurious.com/recipes/food/views/strawberry-mosel-cup-200762
Seafood Pasta with Lemon-Saffron Herb Dressing,
Skewered Beef Fajitas,
Peach and Berry Salad,
Spicy Sichuan Tofu (Mapo Doufu),
Vegetable Rundown,
Roasted Shrimp and Mushrooms with Ginger and Green Onions,
Fruit with Cassis-Spiked Lemon Curd Sauce,
Spicy Toasted Pecans,
Halibut in Pernod Broth with Fennel and Asparagus,
Sante Fe Chicken,
Grilled Spiced Chicken Breasts,
Panfried Tofu with Chinese Black Bean Sauce,
Deviled Green Eggs With Roasted Red Pepper and Capers,https://www.epicurious.com/recipes/food/views/deviled-green-eggs-with-roasted-red-pepper-and-capers
Chicken Paprikash with Sour Cream,
Lamb Piccata with Capers,
Grilled Short Ribs With Lemon and Parsley,
Wendy's Biscotti,
Goat Cheese Ice Cream with Roasted Red Cherries,
"Clam, Potato, and Bacon Potpie",
Steak Fajita Salad with Tortilla Croutons,
Portobello Mushrooms Stuffed with Spinach and Goat Cheese,
Pineapple and Bell Pepper Gazpacho,https://www.epicurious.com/recipes/food/views/pineapple-and-bell-pepper-gazpacho-4326
Sparkling Tarragon-Gin Lemonade,
Grilled Sausage Sandwiches with Caramelized Onions and Gruyère Cheese,
Mustard Greens with Chipotle and Bacon,
Parsley Walnut Pinwheels,https://www.epicurious.com/recipes/food/views/parsley-walnut-pinwheels-13535
Crabmeat Risotto with Peas and Mint,https://www.epicurious.com/recipes/food/views/crabmeat-risotto-with-peas-and-mint-358316
South Indian Vegetable Curry,
Coconut Milk Ice Cream with Ginger and Lime,
"Lemongrass Consommé with Matzoh Balls, Leeks, and Shiitake Mushrooms",https://www.epicurious.com/recipes/food/views/lemongrass-consomme-with-matzoh-balls-leeks-and-shiitake-mushrooms-241928
Cheddar Scones with Ham and Honey-Mustard Butter,
Fudgy Chocolate Banana Flax Muffins,
"Orange, Fennel and Garlic Marinated Olives",
Roasted Guinea Hens with Whole-Grain Mustard and Herbs,https://www.epicurious.com/recipes/food/views/roasted-guinea-hens-with-whole-grain-mustard-and-herbs-103977
Beef and Carrot Stew with Dark Beer,https://www.epicurious.com/recipes/food/views/beef-and-carrot-stew-with-dark-beer-241888
Chicken Sauté with Guava Sauce,
Baked Swordfish with Olive Relish,
Vietnamese Rice Noodle Salad,
"Fettuccine with Asparagus, Beet Green Pesto, and Poached Egg",
Kentucky Bourbon Burgoo,
Sausage and Egg Sandwich,
"Chicken and Frisée Salad with Roasted Red Peppers, Toasted Almonds, and Manchego",
Honey-Caramel Tart with Apricots and Almonds,
Beet and Cucumber Salad with Creamy Horseradish Dressing,
Fresh Pasta,
Parsley-Almond Salsa Verde,https://www.epicurious.com/recipes/food/views/parsley-almond-salsa-verde-51198980
Income Tax Cocktail,https://www.epicurious.com/recipes/food/views/income-tax-cocktail-358331
Banana Caramel Chocolate Pie,
Fried Chicken,
Grilled Halloumi With Watercress,
Beef Braised in Red Wine,
Spanish Rice Pudding,
Bittersweet Chocolate Irish Whiskey Cake,
Curried Scallop and Vegetable Chowder,
Tart Shell,
Avocado Soup with Ancho Cream,https://www.epicurious.com/recipes/food/views/avocado-soup-with-ancho-cream-235330
Tarte Tatin,
Aunt Sis's Strawberry Tart Cookies,https://www.epicurious.com/recipes/food/views/aunt-siss-strawberry-tart-cookies-10969
Buttermilk Corn Bread with Bacon,
Avocado and Smoked Salmon Soup,
Tomato Ginger Vinaigrette,
Mangalore Salmon Braised with Coconut Milk,
Salad Niçoise with Mint-Lemon Dressing,https://www.epicurious.com/recipes/food/views/salad-nicoise-with-mint-lemon-dressing-105343
Sangrita Bloody Mary,
Apple Upside-Down Cornmeal Cakes,
Pumpkin Bread Pudding with Cranberry Caramel Sauce,
Chilled Beet Soup with Sour Cream,
Thai Curry,
Hearty Goulash Soup,
Chicken and Shiitake Stir-Fry with Peas and Pea Tendrils,https://www.epicurious.com/recipes/food/views/chicken-and-shiitake-stir-fry-with-peas-and-pea-tendrils-241889
Shrimp Curry,
Chicken with Roasted Pepper-Garlic Sauce,
Stuffed Poblano Chiles with Walnut Sauce and Pomegranate Seeds,
Grilled Cheddar and Bacon on Raisin Bread,
Spiced Poached Pears with Crème Fraîche and Amaretto Cookies,https://www.epicurious.com/recipes/food/views/spiced-poached-pears-with-creme-fraiche-and-amaretto-cookies-51255330
Cornmeal Mush with Molasses and Ginger,
Pimento Cheese Toasts,
Pear and Fig Strudels with Ginger Cream,https://www.epicurious.com/recipes/food/views/pear-and-fig-strudels-with-ginger-cream-105695
Peanut Butter and Jelly Layered Sandwiches,
Panzanella Tomato Toast with Crispy Capers and Basil Leaves,https://www.epicurious.com/recipes/food/views/panzanella-tomato-toast-with-crispy-capers-and-basil-leaves-56389826
Christmas Croissant Pudding with Sour Cream and Brown Sugar Sauce,
Spice Cake with Blackberry Filling and Cream Cheese Frosting,
Roasted Tomato and Red Pepper Soup with Chilled Mint,
Potato and Salmon Casserole,
"Rustic Apple Tart with Honey, Dates, and Nuts",
Sherry Tomato Granita,https://www.epicurious.com/recipes/food/views/sherry-tomato-granita-242858
Ultimate Hydrating Iced Tea,
Carrot-Ginger Tea Bread,
Fresno Chile Hot Sauce,
Passover Honey Nut Cake in Soaking Syrup,https://www.epicurious.com/recipes/food/views/passover-honey-nut-cake-in-soaking-syrup-109412
Fattoush,https://www.epicurious.com/recipes/food/views/fattoush-51105800
Ginger-Yogurt Mousse with Pistachio Meringue,https://www.epicurious.com/recipes/food/views/ginger-yogurt-mousse-with-pistachio-meringue-367714
Asian-Flavored Coleslaw with Rice Vinegar and Ginger,
Parsley Mashed Potatoes,
Sizzling Catfish with Black Bean-Soy Sauce,
Coconut-Chocolate Chip Cupcakes,
Juniper Brine,
"Orange, Grapefruit, and Grape Compote",
Cabbage and Apple Slaw,
Blt Bow Ties,
Margarita Cheesecake,
"Charred Tomato, Chipotle, and Mango Salsa",
Lemon Anise Slush,
"Grilled Turkey, Bacon, Radicchio, and Blue Cheese Sandwiches",https://www.epicurious.com/recipes/food/views/grilled-turkey-bacon-radicchio-and-blue-cheese-sandwiches-236489
Tomato Eggplant Spread and Parmesan Toasts,
Egg Salad with Sweet Pickles and Celery,
Radicchio and Endive Caesar with Ciabatta Crisps,
Vietnamese Beef Soup with Star Anise,
Minted Blueberries with Lemon Cream,
Raspberry Melba Sauce,
"Rice, Bean, and Corn Salad",
Ginger Sweet-Potato Pie with Cinnamon Meringue,
Crème Fraîche-Roasted Salmon,
"Seared Scallops With Mint, Peas, and Bacon",
Chicken Schnitzel with Chile Cherry Tomatoes and Mozzarella,https://www.epicurious.com/recipes/food/views/chicken-schnitzel-with-chile-cherry-tomatoes-and-mozzarella-56390069
Pear and Fig Pie with Hazelnut Crust,
Rhubarb Compote with Quick Coconut Sorbet,
No-Bake Apple Ice Cream Pie,
Roasted Eggplant Salad with Capers and Onions,
Green Beans with Savory and Bacon,
"Endive, Beet and Roquefort Salad",
Fig and Rosemary Pot Roast,
Ambrosia,
Butternut Squash Cappellacci with Sage Brown Butter,
Grilled Ham Steak with Peppered Peach Glaze,
Grilled Tilapia with Béarnaise Sabayon and Baby Bok Choy,https://www.epicurious.com/recipes/food/views/grilled-tilapia-with-bearnaise-sabayon-and-baby-bok-choy-235837
"Potato, Green Bean, and Cherry Tomato Salad",
Savory Semolina,
Clarified Butter,
Wok-Fried Rice Noodles with Chicken and Squid,https://www.epicurious.com/recipes/food/views/wok-fried-rice-noodles-with-chicken-and-squid-56389545
Cucumber Feta Salad Dressing,
Reuben Bread Pudding,
Green Beans With Mushroom XO Sauce,https://www.epicurious.com/recipes/food/views/green-beans-with-mushroom-xo-sauce
Burnt Caramel Ice Cream,
Grilled Portobello and Red Bell Pepper Salad with Rosemary Dressing,
Age of Lincoln Almond-Streusel Bundt Cake with Coffee Glaze,
Butternut Squash and Carrot Purée with Maple Syrup,
Baked Shrimp Toasts,
Slow-Cooked Garlicky Greens,
Olive Oil-Roasted Leeks,
Rack of Lamb with Green Peppercorn Sauce,
Grilled Bananas with Rum Ice Cream and Mexican Hot Chocolate Sauce,
Chocolate Strawberry Shortcakes,
BBQ Freaks Tamarind-Glazed Pork Chops,https://www.epicurious.com/recipes/food/views/bbq-freaks-tamarind-glazed-pork-chops-51166430
Red Sangria,
"Asian Noodle Salad with Eggplant, Sugar Snap Peas, and Lime Dressing",
"Cucumber, Radish, and Red Onion Salad",
Orange-Champagne Sabayon,
Spiced Apple Cider with Rum Whipped Cream,
Southwestern Black Bean Dip,
"Rib-Eye Steaks with Oregano, Cumin, and Paprika",https://www.epicurious.com/recipes/food/views/rib-eye-steaks-with-oregano-cumin-and-paprika-233396
"Radicchio, Feta, and Olive Pizzas",
Beef Potpies with Yorkshire Pudding Crusts,
Mustard Wax Beans,
"Zucchini ""Noodles"" With Eggplant and Tomatoes",https://www.epicurious.com/recipes/food/views/zucchini-noodles-with-eggplant-and-tomatoes
Blue Cheese Dipping Sauce,
Chocolate Marble Cheesecake,
Black Cod with Fennel Chowder and Smoked Oyster Panzanella,https://www.epicurious.com/recipes/food/views/black-cod-with-fennel-chowder-and-smoked-oyster-panzanella-354857
Chocolate Espresso Sambuca Truffles,
Australian Pavlovas with Ginger and Tropical Fruits,
Port-Currant Sauce,https://www.epicurious.com/recipes/food/views/port-currant-sauce-103923
Jalapeño-Glazed Chicken Breasts,https://www.epicurious.com/recipes/food/views/jalapeno-glazed-chicken-breasts-5445
Buttermilk Pancakes with Maple Syrup Apples,
Grilled Red and Green Cabbage Slaw,
Grilled Peaches with Fresh Raspberry Sauce,
Grilled Spiced Double-Thick Pork Chops,
Chile-Marinated Pork With Vietnamese Brussels Sprouts,
Vegetarian Spring Rolls,https://www.epicurious.com/recipes/food/views/vegetarian-spring-rolls-56389478
Spumoni Sundaes with Espresso Hot Fudge Sauce,
"Goat Cheese, Date, and Bacon Strudels",
Spicy Thai Dip,
Chocolate-Chicory Sauce,https://www.epicurious.com/recipes/food/views/chocolate-chicory-sauce-51256690
Party Barbecue Sauce,
Pistachio-Crusted Tofu with Ponzu Sauce,https://www.epicurious.com/recipes/food/views/pistachio-crusted-tofu-with-ponzu-sauce-360570
Chipotle-Black Bean Burritos,
"Grilled Cubano: Turkey, Pork and Swiss with Mustard and Pickles",https://www.epicurious.com/recipes/food/views/grilled-cubano-turkey-pork-and-swiss-with-mustard-and-pickles-102913
Pink Pony,https://www.epicurious.com/recipes/food/views/pink-pony-200700
Seafood Chowder,
Blackberry Mojitos,
Farro with Wild Mushrooms and Herbs,
Passion Fruit and Guava Pops,https://www.epicurious.com/recipes/food/views/passion-fruit-and-guava-pops-359812
Homemade Ketchup,
Chipotle Burgers,
Boursin and Fennel Seed Risotto,
Honey-Butter French Bread,
Maple-Glazed Parsnips with Popped Mustard Seeds,https://www.epicurious.com/recipes/food/views/maple-glazed-parsnips-with-popped-mustard-seeds-104724
Chicken Cheddar Quesadillas with Tomato and Corn Salsa,
Ricotta-Filled Ravioli (Ravioli di Ricotta),https://www.epicurious.com/recipes/food/views/ricotta-filled-ravioli-ravioli-di-ricotta-51112640
Veal Demi-Glacé,https://www.epicurious.com/recipes/food/views/veal-demi-glace-234085
Cider-Glazed Roasted Root Vegetables,
Chocolate Cake with Chocolate-Orange Frosting,
"Lobster Catalan, Revisited",https://www.epicurious.com/recipes/food/views/lobster-catalan-revisited
Corn Chowder with Roasted Jalapeño and Parsley Purée,
Frozen Hazelnut Vanilla Cream,
Portobello Frites,https://www.epicurious.com/recipes/food/views/portobello-frites-51199220
Chestnut and Sherry Soup with Truffle Garnish,https://www.epicurious.com/recipes/food/views/chestnut-and-sherry-soup-with-truffle-garnish-240483
Sparkling Raspberry Lemonade,
"Poached Chicken with Vegetables, Coriander and Saffron Couscous",
Chicken Liver Pâté with Figs and Walnuts,
Slow-Roasted Pork Shoulder with Mustard and Sage,https://www.epicurious.com/recipes/food/views/slow-roasted-pork-shoulder-with-mustard-and-sage-51224010
Kung Pao Chicken,https://www.epicurious.com/recipes/food/views/kung-pao-chicken
Clams with Fennel and Pernod,
"Tomato, Onion and Zucchini Salad",
Spiced Pecan Pie,
Olive Oil and Oregano Potato Cake,
"Black Bean, Corn, and Tomato Salad",
Two-Bean and Barley Salad with Pine Nuts,
Raspberry-Nectarine Parfaits with Warm Peach Sabayon,
"Sicilian Lamb Patties Braised with Eggplant, Peppers, and Tomatoes",https://www.epicurious.com/recipes/food/views/sicilian-lamb-patties-braised-with-eggplant-peppers-and-tomatoes-350110
Passion-Fruit Champagne Cocktail,
"Salmon ""Bulgogi"" with Bok Choy and Mushrooms",
Yogurt-Mint Dip,
Potato Gratin with Juniper,
Crab Salad and Buttermilk Caesar Dressing,
Roasted Cockles,
Green Onion Sausage and Shrimp Gravy,
Sufganiyot (Jelly Doughnuts),
Southwestern Breakfast Scramble,
Grilled Chicken Palliards with Nectarine Chutney,https://www.epicurious.com/recipes/food/views/grilled-chicken-palliards-with-nectarine-chutney-105216
Beef Steaks with Peppercorn Sauce,
Roast Turkey with Porcini Mushroom Gravy,
Crispy-Skin Fish Fillets with Wilted Escarole,https://www.epicurious.com/recipes/food/views/crispy-skin-fish-fillets-with-wilted-escarole-241115
Yukon Gold Potato and Wild Mushroom Gratin with Blue Cheese,https://www.epicurious.com/recipes/food/views/yukon-gold-potato-and-wild-mushroom-gratin-with-blue-cheese-100346
Seedy Oat Crackers,https://www.epicurious.com/recipes/food/views/seedy-oat-crackers
Smoked Salmon Omelet with Herbs,
Colombian Arepas,
Tomato and Red Onion Chutney,
Lemon Sorbet with Blackberry Sauce,
Our Favorite Cinnamon Rolls,
Barbecued Rack of Lamb with Tomato-Mint Dressing,
Coal-Roasted Eggplants,https://www.epicurious.com/recipes/food/views/coal-roasted-eggplants-51175230
Roast Pork Tenderloin with Apples and Cider Sauce,
Corn and Zucchini Sauté,
Sweet Corn Ice Cream With Butterscotch,https://www.epicurious.com/recipes/food/views/sweet-corn-ice-cream-with-butterscotch
Thai-Style Crab Salad in Papaya,
Winter Sorbet Sampler,
"Parsley, Fennel, and Celery Root Salad",
Roasted Butternut Squash and Spinach Salad with Toasted Almond Dressing,
Beef Tenderloin and Pearl Onion Skewers,https://www.epicurious.com/recipes/food/views/beef-tenderloin-and-pearl-onion-skewers-233324
Goat Cheese in Grape Leaves with Tomato and Olive Salad,https://www.epicurious.com/recipes/food/views/goat-cheese-in-grape-leaves-with-tomato-and-olive-salad-108271
Grilled Salmon with Indian Spices and Raita,
Marilyn's Manicotti,https://www.epicurious.com/recipes/food/views/marilyns-manicotti-1409
Grilled Fresh Sardines with Fennel and Preserved Lemon,
Quick Pecan Tart,
White Bean Chicken Chili,
Sushi Rice,
"Barley, Corn, and Cherry Tomato Salad with Basil Dressing",
"Whole-Wheat Spaghetti with Broccoli, Chickpeas, and Garlic",
Pistachio Praline Dacquoise,
Eggplant and Sun-dried Tomato Spread,
Greek-Italian Chopped Salad,
Thai Chicken Thighs,
Parsnip Leek Potato Mash,
Green-Olive and Caper Tapenade,
"Grilled Swordfish with Eggplant, Anchovy and Green Olives",
Pickled Baby Carrots and Zucchini,
Spaghetti with Fresh Tomato and Herbs,
Cheese-Stuffed Squash Blossoms with Shaved Baby Squash and Toasted Pumpkin Seeds,
Mahimahi with Ginger-Soy Sauce and Stir-Fried Vegetables,https://www.epicurious.com/recipes/food/views/mahimahi-with-ginger-soy-sauce-and-stir-fried-vegetables-5226
Lamb Chops with Parsley-Breadcrumbs Crust,
Lamb Souvlaki with Yogurt-Garlic Sauce,https://www.epicurious.com/recipes/food/views/lamb-souvlaki-with-yogurt-garlic-sauce-230227
How to Clean and Steam Mussels,
Texas-Style Steak on Toast,
Cornmeal Pudding with Cheese,
Hickory-Bacon and Roasted-Corn Gougeres,https://www.epicurious.com/recipes/food/views/hickory-bacon-and-roasted-corn-gougeres-240567
Clafoutis of Prunes,https://www.epicurious.com/recipes/food/views/clafoutis-of-prunes-20013
Pasticciata Bolognese—Lasagna with Spinach Noodles and Bolognese Sauce,https://www.epicurious.com/recipes/food/views/pasticciata-bolognese-lasagna-with-spinach-noodles-and-bolognese-sauce-355929
Sesame-Almond Macaroons,
Caramelized Bananas,
Strawberry Sorbet with Balsamic Vinegar and Amaretti Cookies,
Chicken Soup with Avocado and Crispy Tortilla Strips,
Grilled Pork Tenderloin with Mustard-Dill Sauce,
All-Butter Pie Dough,
Steakhouse Salad with Red Chile Dressing and Peanuts,
"Hibiscus, Orange, and Vanilla Agua Fresca",https://www.epicurious.com/recipes/food/views/hibiscus-orange-and-vanilla-agua-fresca
Carrot Cupcakes with Molasses Cream Cheese Icing,
Roasted Black Sea Bass with Tomato and Olive Salad,
Baked Butternut Squash with Apples and Maple Syrup,
"Green Beans with Garlic, Lemon, and Parsley",
Creamy Scrambled Eggs with Herbs,
Truffle-Scented Roast Turkey with Shallots and Chestnuts,
Chicama Colada,
Swiss Chard and Mushroom Galette,
Chocolate Apricot Kugelhupf,
Goat Cheese and Tomato Tart,
Artichoke and Feta Tarts,https://www.epicurious.com/recipes/food/views/artichoke-and-feta-tarts-51160680
Chicken in Garlic-Almond Sauce,
"Ragoût of Pearl Onions, Peas and Artichokes",
Oranges with Pomegranate Molasses and Honey,
Curried Seafood Crepes,
Cantaloupe Conserve,
Big Breakfast Burrito,
Iron-Skillet Cornbread,
Potato Gnocchi with Pork and Wild Mushroom Ragù,
Pasta and Bean Soup,
Chicken Salad with Cilantro and Ginger,
Coconut Basmati Rice,
Sweet-Potato Flans,
"Summer Salad with Apricots, Pistachios, and Almond Soft-Fried Eggs",
Greek-Style Vegetable Kebabs with Orzo and Feta,
Pork Chops with Sage-Garlic Butter,
Almond Cake with Kirsch Cream and Lingonberry Preserves,
Lobster Blt,
Roasted Halibut with Garlic Sauce,
"Orzo Salad with Feta, Olives and Bell Peppers",
Herb-and-Garlic Rye Breadcrumbs,https://www.epicurious.com/recipes/food/views/herb-and-garlic-rye-breadcrumbs
"Arugula, Yellow Tomato, and Nectarine Salsa",https://www.epicurious.com/recipes/food/views/arugula-yellow-tomato-and-nectarine-salsa-359549
Sukiyaki with Red Snapper,https://www.epicurious.com/recipes/food/views/sukiyaki-with-red-snapper-108561
Herbed Whole-Oat Salad,https://www.epicurious.com/recipes/food/views/herbed-whole-oat-salad-12247
"Hot Open-Faced Ham, Swiss Cheese, and Mushroom Sandwiches",https://www.epicurious.com/recipes/food/views/hot-open-faced-ham-swiss-cheese-and-mushroom-sandwiches-11657
Angel Hair with Chicken and Sun-Dried Tomatoes,https://www.epicurious.com/recipes/food/views/angel-hair-with-chicken-and-sun-dried-tomatoes-237145
Oven-Baked Chicken Breasts with Lemon-Mustard Arugula Salad,
Rustic Tomato Soup with Toasted Cumin and Mini Rajas,
Roasted Garlic Mashed Potatoes,
Curried Chicken-Coconut Soup,
Strozzapreti with Mushrooms and Ricotta,
Pork Medallions with Mustard Sauce,
Savoy Cabbage Wedges With Buttermilk Dressing,
Warm Onion-Potato Gratin,
"Scrambled Eggs with Leeks, Fava Beans, Crispy Breadcrumbs, and Parmesan",https://www.epicurious.com/recipes/food/views/scrambled-eggs-with-leeks-fava-beans-crispy-breadcrumbs-and-parmesan-358234
Palmetto,
Chicken with Vegetables and Parsley Dumplings,
Crispy Macadamia Nut Fried Ice-Cream Balls with Chocolate Macadamia Nut Sauce,https://www.epicurious.com/recipes/food/views/crispy-macadamia-nut-fried-ice-cream-balls-with-chocolate-macadamia-nut-sauce-14922
Brussels Sprouts with Panko,
Whole Wheat Oricchiette with Bitter Greens and Radishes,
"Scalloped Onions, Leeks, and Shallots",
"Baked Flounder Rolls with Tomato, Bell Pepper, and Bacon",https://www.epicurious.com/recipes/food/views/baked-flounder-rolls-with-tomato-bell-pepper-and-bacon-11934
Chile-Rubbed Turkey,https://www.epicurious.com/recipes/food/views/chile-rubbed-turkey-51198910
Spiced Pumpkin Layer Cake with Cream Cheese Frosting,
Caramelized Onion and Roasted Red Pepper Linguine,
Strawberry Cream Cheese Waffle Sandwiches,https://www.epicurious.com/recipes/food/views/strawberry-cream-cheese-waffle-sandwiches-56389889
Fish Fillets with Olives and Oregano,
Donnie's Spice Mix,https://www.epicurious.com/recipes/food/views/donnies-spice-mix-388390
Beef Stew in the Crock Pot,
3-Ingredient Gingersnap Icebox Cake,https://www.epicurious.com/recipes/food/views/3-ingredient-gingersnap-icebox-cake
Roast Pork Tenderloins with Balsamic-Chestnut Glaze,
Apple Chutney,
Fennel Gratin with Walnut-Thyme Breadcrumbs,
Cranberry Fruit Relish,
Chicken Key Lime Curry,
Chicken with Mustard-Seed Crust and Couscous,
Potatoes Roasted in Goose Fat,
Rosemary Toasts,
Spinach Puffs,
Beet Chips with Curried Sour Cream,
Dried-Fruit Compote with Vanilla and Orange,
Matzo Balls,
Veal Saltimbocca,
"Mediterranean Microwave Fish With Green Beans, Tomatoes, and Olives",
"Rack of Venison Stuffed with Pecans, Currants, Sausage, and Pears",https://www.epicurious.com/recipes/food/views/rack-of-venison-stuffed-with-pecans-currants-sausage-and-pears-233709
"Roast Chicken with Asparagus, Morel, and Pearl-Onion Ragoût",
Poblano-Cilantro Relish,
Thai Rice Curry with Herbed Chicken (Khao Mok Gai),
Bedouin Salsa,https://www.epicurious.com/recipes/food/views/bedouin-salsa-355011
Whole Grilled Japanese Eggplant with Lemon and Soy Sauce,
Roast Beef Sandwiches with Blue Cheese Dressing,https://www.epicurious.com/recipes/food/views/roast-beef-sandwiches-with-blue-cheese-dressing-103783
Honeydew in Lemon Thyme Syrup,
Beet Salad with Miso and Black Sesame,https://www.epicurious.com/recipes/food/views/beet-salad-with-miso-and-black-sesame-51209640
"Pappardelle with Squash, Mushrooms, and Spinach",https://www.epicurious.com/recipes/food/views/pappardelle-with-squash-mushrooms-and-spinach-240429
Chicken with Tomatillo Sauce and Braised Fruit,
Provencal Lamb with Mediterranean Vegetables,https://www.epicurious.com/recipes/food/views/provencal-lamb-with-mediterranean-vegetables-102661
Crab Meat Gratin,
Chocolate-Glazed Coconut-Almond Cake,
Marmalade-Glazed Spareribs,
Persian Cucumber and Purple Rice Salad,
Roast Beef Tenderloin with Caesar Crust,https://www.epicurious.com/recipes/food/views/roast-beef-tenderloin-with-caesar-crust-368967
Baked French Toast,
Perfect Pork Chops,
Grilled Marinated Sirloin Flap Steaks,https://www.epicurious.com/recipes/food/views/grilled-marinated-sirloin-flap-steaks-350252
"Chocolate, Orange and Honey Cake",
Coconut and Lychee Sorbet,
Dr. BBQ's Lobster with Chili-Lime Butter,https://www.epicurious.com/recipes/food/views/dr-bbqs-lobster-with-chili-lime-butter-243393
Buttered Egg Noodles,
Honeydew and Cucumber Salad with Sesame,
Risotto with Tuscan Kale and Toasted Pumpkin Seeds,https://www.epicurious.com/recipes/food/views/risotto-with-tuscan-kale-and-toasted-pumpkin-seeds-107016
Panfried Pressed Poussins,https://www.epicurious.com/recipes/food/views/panfried-pressed-poussins-107014
Potato Crisps,
Scallion Rice,
Devonshire Cream,https://www.epicurious.com/recipes/food/views/devonshire-cream-15350
Grand Marnier Hot Chocolate,
Peanut Butter Cookies with Milk Chocolate Chunks,
Crunchy Vegetable Rolls with Soy Dipping Sauce,
Molasses Honey Ginger Cookies,
Yogurt Panna Cotta with Cherry and Peach Compote,
Turmeric-Ginger Tonic With Chia Seeds,https://www.epicurious.com/recipes/food/views/turmeric-ginger-tonic-with-chia-seeds
Salt-As-You-Go Pasta,https://www.epicurious.com/recipes/food/views/salt-as-you-go-pasta
Phyllo Pecan Crisps,
Carolina-Style Pork BBQ Sandwiches,
Tuna Fish Salad Plate,
Leap Year,
Shrimp and Scallops with Asian Eggplant,
Zucchini with Sour Cream and Dill,
Yellow Chicken Adobo,
Peas with Roasted Onions and Mint,https://www.epicurious.com/recipes/food/views/peas-with-roasted-onions-and-mint-236504
Meyer Lemon Bars,https://www.epicurious.com/recipes/food/views/meyer-lemon-bars-51256850
Beef-Short Ribs Tagine with Honey-Glazed Butternut Squash,
An American Place Strawberry Shortcake,
Brining in a Bag,
Honey-Glazed Carrots with Carrot Top Gremolata,
Lemon Ice Cream and Raspberry Granita Sundaes,
Grilled Scallops with Curried Tomato Coulis,
Salsa Quemada (Roasted Tomato Salsa),https://www.epicurious.com/recipes/food/views/salsa-quemada-roasted-tomato-salsa-358769
Three-Bean Salad with Red Onion and Red Bell Pepper,
Spicy Sweet Potato Spread,
Barbecued Beef Ribs with Molasses-Bourbon Sauce,
Frozen Almond-Raspberry Cake,
"Porcini Mushroom Latkes with Mushroom Salad and Chive ""Cream""",https://www.epicurious.com/recipes/food/views/porcini-mushroom-latkes-with-mushroom-salad-and-chive-cream-362549
Herb-Roasted Turkey with Apple Cider Gravy,
Classic Vinaigrette,
Turkey Breast Medallions with Tomato Jam,https://www.epicurious.com/recipes/food/views/turkey-breast-medallions-with-tomato-jam-234084
Cashew Caesar Dressing,https://www.epicurious.com/recipes/food/views/cashew-caesar-dressing
Creole Seafood Seasoning,
"Frozen ""Creamsicle"" Cake",
Oysters on the Half Shell with Spicy Vinegar,
Peel-and-Eat Spiced Shrimp with Chipotle Remoulade,
Summer Vegetable Stir-Fry,https://www.epicurious.com/recipes/food/views/summer-vegetable-stir-fry-51108260
Lasagna with Basil and Fennel,
Cheddar and Mashed Potato Gratin,
Currant and Molasses Spice Cookies,
Green Papaya Salad with Shrimp,
Veal Chops in Curry Sauce,https://www.epicurious.com/recipes/food/views/veal-chops-in-curry-sauce-89
Chinese Chicken Breast with Peanuts,
"Tuscan White Bean Salad with Spinach, Olives, and Sun-Dried Tomatoes",
Hot Artichoke and Tarragon Dip,
"Dried Tomato, Caper, and Olive Dressing",
"Mexican Pizza with Chorizo, Monterey Jack Cheese and Sun-Dried Tomatoes",
"Baked Cod with Orange, Caper and Olive Sauce",
Arugula and Fava-Bean Crostini,
Crab and Crimini Bisque,
Pot-Roasted Artichokes With White Wine and Capers,
Cinnamon-Plum Chutney,https://www.epicurious.com/recipes/food/views/cinnamon-plum-chutney-350118
Seared Calamari with Basil,
Parsnip Parmesan Ravioli with Mushroom Ragoût,
Zucchini with Garlic and Dried Crushed Red Pepper,
Fruit and Seed Bars,
Grilled Shrimp Skewers with Pineapple-Corn Relish,
"Pan con Tomate' y Anchoa—Garlic, Olive Oil, and Fresh Tomato on Toasted Bread",
Vanilla Whipped Cream,
Fried Chicken Thighs with Cheesy Grits,https://www.epicurious.com/recipes/food/views/fried-chicken-thighs-with-cheesy-grits
Papadums With Whipped Dal,https://www.epicurious.com/recipes/food/views/papadums-with-whipped-dal
"Fresh Fig, Prosciutto, and Arugula Salad with Parmesan Shavings",https://www.epicurious.com/recipes/food/views/fresh-fig-prosciutto-and-arugula-salad-with-parmesan-shavings-15180
"Roast Leg of Lamb with Potatoes, Artichokes and Olives",
3-Ingredient Shakshuka,https://www.epicurious.com/recipes/food/views/3-ingredient-shakshuka
Open-Faced Burgers with Horseradish-Cheese Sauce,https://www.epicurious.com/recipes/food/views/open-faced-burgers-with-horseradish-cheese-sauce-10416
Black Barley With Mushroom Broth,https://www.epicurious.com/recipes/food/views/black-barley-with-mushroom-broth
"""Floating Islands"" with Chocolate Mousse and Crème Anglaise",
Pink Lady,
Grilled Surf-and-Turf with Spicy Garlic-Shallot Butter,https://www.epicurious.com/recipes/food/views/grilled-surf-and-turf-with-spicy-garlic-shallot-butter-105300
Tuna Teriyaki with Wasabi Butter,https://www.epicurious.com/recipes/food/views/tuna-teriyaki-with-wasabi-butter-106953
Tomato Salsa,
Barbecue Pulled-Turkey Sandwiches,https://www.epicurious.com/recipes/food/views/barbecue-pulled-turkey-sandwiches-355752
Chicken Parmesan Heros,
Cherry and Pecan Cream Cheese Spread,
Turkish-Style Braised Green Beans,
Spicy Honey-Glazed Parsnips,https://www.epicurious.com/recipes/food/views/spicy-honey-glazed-parsnips-51223670
Sesame Chicken with Napa Cabbage and Spinach Slaw on Baguette,
Twice-Baked Potato Cups with Caramelized Shallots,
Pear and Ginger Upside-Down Cake,
"Chicken Thighs with Squash, Yams, and Dried Apricots",
Spaghetti Lemoncello,
Blackberry Kir Royale,
Buttermilk Fried Chicken,
"Apple ""Flag"" Tart",
Crown Roast of Pork with Dirty Rice Stuffing and Creole Mustard Sauce,https://www.epicurious.com/recipes/food/views/crown-roast-of-pork-with-dirty-rice-stuffing-and-creole-mustard-sauce-11777
Cuban-Spiced Chicken Thighs with Chorizo and Rice,
Frisée and Wild Mushroom Salad with Poached Egg,
"Grilled Street Corn Salad with Cilantro Butter Shrimp, Pico de Gallo and Avocado Purée",https://www.epicurious.com/recipes/food/views/grilled-street-corn-salad-with-cilantro-butter-shrimp-pico-de-gallo-and-avocado-puree-51180800
Kirsch and Dried Cherry Kugelhupf,
Popover Pudding with Irish Bacon,
French Toast Fingers With Chocolate Hazelnut Spread and Blueberries,https://www.epicurious.com/recipes/food/views/french-toast-fingers-with-chocolate-hazelnut-spread-and-blueberries
Walnut Maple Torte with Maple Meringue Frosting,https://www.epicurious.com/recipes/food/views/walnut-maple-torte-with-maple-meringue-frosting-14100
Indian Lentil and Split Pea Spread,
Couscous with Chick-Peas and Tomatoes,
Roast Chicken with Olives and Potatoes,
Veal with Whipped Parsnips and Mushroom Cream Sauce,https://www.epicurious.com/recipes/food/views/veal-with-whipped-parsnips-and-mushroom-cream-sauce-5351
"Walnut Cake with Sautéed Pears, Pecorino, and Black Pepper Ice Cream",https://www.epicurious.com/recipes/food/views/walnut-cake-with-sauteed-pears-pecorino-and-black-pepper-ice-cream-235858
Fruitcake Trifle,
Boathouse Punch,https://www.epicurious.com/recipes/food/views/boathouse-punch-56389846
Chilled Soba with Tofu and Sugar Snap Peas,
Chicken Burritos with Poblano Chiles and Corn,https://www.epicurious.com/recipes/food/views/chicken-burritos-with-poblano-chiles-and-corn-241890
Roasted Beet and Walnut Dip,
Lemon Grilled Shrimp Cocktail,
Thyme Focaccia and Parmesan Focaccia,https://www.epicurious.com/recipes/food/views/thyme-focaccia-and-parmesan-focaccia-14160
Japanese Beef and Vegetable Stew,
Lamb with Zucchini Stir-Fry,
Sour Cream Mascarpone,
Candied Lemon Peel Ice Cream with Strawberry Compote,
Vanilla Custard Sauce,
Fudgy Orange-Zucchini Cake with Orange Glaze,
Spicy Cheese Biscuits,
Chicken Picadillo Enchiladas,
"Peanut Butter, Banana, and Jelly ""Ice Cream""",
Apple Pie,
Vanilla Cream Cheese Frosting,
Baby Lima Beans and Corn in Chive Cream,https://www.epicurious.com/recipes/food/views/baby-lima-beans-and-corn-in-chive-cream-107762
Polenta with Mozzarella and Parmesan,
Chocolate Frosting,
"Fresh Tomato Salad with Onions, Feta and Olives",
Chocolate Hazelnut Cake with Praline Chocolate Crunch,https://www.epicurious.com/recipes/food/views/chocolate-hazelnut-cake-with-praline-chocolate-crunch-367752
Smoked Chicken with Mango and Mint,
Braised Pork Chops with Dill Sauce,
Clover Leaf,
"Sweet Potato, Swiss Chard, and Quinoa Gratin",
"Apricot, Cherry, and Graham Cracker Crumble",https://www.epicurious.com/recipes/food/views/apricot-cherry-and-graham-cracker-crumble-56389648
"Camembert with Blue Cheese, Figs and Port Sauce",https://www.epicurious.com/recipes/food/views/camembert-with-blue-cheese-figs-and-port-sauce-5728
"Microwave Lasagna With Spinach, Mushrooms, and Three Cheeses",https://www.epicurious.com/recipes/food/views/microwave-lasagna-with-spinach-mushrooms-and-three-cheeses
Butternut Squash Polenta,
Sautéed Zucchini,
Cider-Dijon Pork Chops with Roasted Sweet Potatoes and Apples,https://www.epicurious.com/recipes/food/views/cider-dijon-pork-chops-with-roasted-sweet-potatoes-and-apples-51163600
Caribbean Succotash,https://www.epicurious.com/recipes/food/views/caribbean-succotash-363249
Filomena's Italian Easter Bread,
Roast Pork Tenderloins with Cranberry-Port Sauce,https://www.epicurious.com/recipes/food/views/roast-pork-tenderloins-with-cranberry-port-sauce-105646
Campari Champagne Cocktail,
Curly Endive Salad with Warm Bacon Dressing,
Soba Noodle Soup with Roast Pork and Bok Choy,
Crème Fraîche Sorbet,https://www.epicurious.com/recipes/food/views/creme-fraiche-sorbet-352114
Rich and Flavorful Chicken Stock,
Fast White-Bean Stew,
Ice Cream Bombe,
"Cornmeal, Chile, and Pumpkin Seed Lace Cookies",
Spicy Broccoli Rabe with Parmesan and Pine Nuts,https://www.epicurious.com/recipes/food/views/spicy-broccoli-rabe-with-parmesan-and-pine-nuts-51243810
Vegetable Stir-Fry,
Top-Shelf Margaritas,
Sausage Gravy,
Great British Fool,https://www.epicurious.com/recipes/food/views/great-british-fool-51198790
Chocolate Ganache Tartlets with Sweet Cherries,
Apricot Chicken with Almonds,
"Scallops, Okra, and Tomatoes in Coconut Curry Sauce",
Lemony Salsa Verde,https://www.epicurious.com/recipes/food/views/lemony-salsa-verde-56389680
Pinto Bean and Feta Cheese Quesadillas,
Roasted Vegetable Meatloaf with Mustard Mashed Potatoes,
Spicy Rice with Shrimp and Peppers,
Jellied Quinces and Manchego Cheese,
Wheat Germ Scones with Dried Fruit and Nuts,
Turkey Meat Loaf with Sun-Dried Tomatoes,
Banana Bread,
Wild Mushroom and Gruyère Tart with Fresh Herb Salad,
Creamy Polenta with Gorgonzola and Spinach,
Grilled Brined Salmon and Eggplant with Fennel Cucumber Relish,https://www.epicurious.com/recipes/food/views/grilled-brined-salmon-and-eggplant-with-fennel-cucumber-relish-106575
Shrimp Sambal,
Orange Soufflé,
Super Potato Salad,
Apple-Yogurt Parfaits,https://www.epicurious.com/recipes/food/views/apple-yogurt-parfaits-360909
Fried Chickpeas,
Herb-Lemon Zest Butter,https://www.epicurious.com/recipes/food/views/herb-lemon-zest-butter-367759
Jeyplak,
Herbed Summer Succotash,
Dilled Seafood en Papillote,https://www.epicurious.com/recipes/food/views/dilled-seafood-en-papillote-415
"Pomelo Salad with Chile, Lime, Peanuts, and Coconut",https://www.epicurious.com/recipes/food/views/pomelo-salad-with-chile-lime-peanuts-and-coconut-56389542
Asparagus Soup with Basil Cream,
Whole-Wheat Peanut Butter Waffles,
Blueberries in Gin Syrup,
Lemon Chicken with Parmesan Crostini,
Veal Chops with Tomato-Orange-Basil Sauce,https://www.epicurious.com/recipes/food/views/veal-chops-with-tomato-orange-basil-sauce-1434
3-Ingredient Chicken Breasts Stuffed With Ham and Cheese,https://www.epicurious.com/recipes/food/views/3-ingredient-chicken-breasts-stuffed-with-ham-and-cheese
Layered Melon and Smoked Sable with Ginger Emulsion,https://www.epicurious.com/recipes/food/views/layered-melon-and-smoked-sable-with-ginger-emulsion-243618
Tofu Aloo Gobi (Cauliflower and Potato Curry),https://www.epicurious.com/recipes/food/views/tofu-aloo-gobi-cauliflower-and-potato-curry-368471
Pear and Dried Cherry Cobblers with Ginger-Chocolate Chip Biscuit Topping,
Basic Simple Syrup,
Cornmeal-Crusted Fish Fillets,https://www.epicurious.com/recipes/food/views/cornmeal-crusted-fish-fillets-230144
Zucchini and Olive Mashed Potatoes,
Coffee-Date Shake,
Salmon Caviar Torte,
"Lamb and Polenta ""Lasagne""",
Spiced Peach Pie with Lattice Crust,
Bourbon Eggnog,
Tunisian Vegetable Salsa,https://www.epicurious.com/recipes/food/views/tunisian-vegetable-salsa-365692
Stuffed Pork Tenderloin with Mustard-Caper Sauce,
Lemon-Glazed Pistachio Shortbread Cookies,https://www.epicurious.com/recipes/food/views/lemon-glazed-pistachio-shortbread-cookies-364589
Perfect Rice,
Rum-Raisin Pound Cake,
"Three Peas with Barley, Chile & Green Garlic",
Diner-Style French Toast,
Crab Cake BLT,
Pork Chops with Chiles Rellenos and Ancho Sauce,
Swordfish and Caponata Sandwiches,
Beet and Asian Pear Salad with Baby Greens,
Sticky Sesame Chicken Wings,
Greek Mussel and Potato Stew,
Cracked Crab with Caviar Dipping Sauce,
Lime Mojo,
"Pear, Apple, and Quince Crostata",
White Chocolate Cappuccino,
Grilled Vegetable and Rice Salad with Fish-Sauce Vinaigrette,
Grilled Lamb Kebabs With Turkish Flavors,https://www.epicurious.com/recipes/food/views/grilled-lamb-kebabs-with-turkish-flavors-51238700
Fish Soup with Aïoli Croutons,
Tequila Tamarindo,
Cream Cheese Pie with Golden Raisins,
Mascarpone-Filled Cake With Sherried Berries,https://www.epicurious.com/recipes/food/views/mascarpone-filled-cake-with-sherried-berries-242873
Hot Banana Crème Brûlée,
Beer-Braised Brisket with Root Vegetables,
"Tomato, Goat Cheese, and Onion Tart",
Corn on the Cob with Lime-Chive Butter,
Maple Baked Apples with Dried Fruit and Nuts,
Roast Pork Loin with Beer Sauce,
Jícama and Cilantro Relish,
Arepas,https://www.epicurious.com/recipes/food/views/arepas
Spiced Carrot Salad,
Sweet Potato Chilaquiles with Griddled Salsa Roja,
Spiced Fresh Orange and Honey Sorbet,
Chocolate Ganache and Raspberry Tart,
Cilantro Carrots with Cumin,
Pork with Guajillo Sauce,https://www.epicurious.com/recipes/food/views/pork-with-guajillo-sauce-234923
Potato and Autumn Vegetable Hash,
Caviar on Pumpernickel with Sour Cream,https://www.epicurious.com/recipes/food/views/caviar-on-pumpernickel-with-sour-cream-105488
Warm Chocolate Sauce,
Caribbean Chicken Breasts,
"Korean Rice Bowl with Steak, Asparagus, and Fried Egg",
Honey-Glazed Baked Apples Filled with Dried Fruit,
Apricot Phyllo Napoleons,
Braised Kale with Bacon and Onions,https://www.epicurious.com/recipes/food/views/braised-kale-with-bacon-and-onions-5886
Frozen Lemon Mousse with Blueberries,https://www.epicurious.com/recipes/food/views/frozen-lemon-mousse-with-blueberries-363230
Chocolate Cake,
Sweet Potatoes with Apple Juice and Spices,
Avocado Mousse with Papaya Tomato Relish,https://www.epicurious.com/recipes/food/views/avocado-mousse-with-papaya-tomato-relish-231984
The Spring Forward,
Chicken Alfredo with Zucchini Ribbons,https://www.epicurious.com/recipes/food/views/chicken-alfredo-with-zucchini-ribbons-51182610
Chinese Curry Chicken,
Chickpea Soup with Arugula,
Roasted Carrots and Red Onions With Fennel and Mint,
Chocolate-Orange Sorbet,
Lemon-Chicken Drumsticks,
Basil-Mint Sauce,
Seafood-Stuffed Eggplant,
Wilted Greens,
Greek Potatoes with Lemon Vinaigrette,
Beets with Balsamic Vinegar,
Seafood Chowder with Bacon and Thyme,https://www.epicurious.com/recipes/food/views/seafood-chowder-with-bacon-and-thyme-51254410
Chocolate Orange Petits Fours,https://www.epicurious.com/recipes/food/views/chocolate-orange-petits-fours-108003
"Pepper Steak with Port, Zinfandel, and Mushroom Sauce",
Fiesta Chili,
Stout-Braised Short Ribs,
Baked Banana-Stuffed French Toast,
Banana Peanut Semifreddo,
Wild Mushroom Ravioli in Porcini Broth,
"Beef Stew with Mushrooms, Shallots and Potatoes",
Warm Lemon Souffles,
Gingerbread Puddings with Candied Apples,
Cherry-Vanilla Bean Ice Cream with Cherry Sauce,
"Spicy Boiled Crabs, Shrimp, Potatoes, Corn, and Garlic",https://www.epicurious.com/recipes/food/views/spicy-boiled-crabs-shrimp-potatoes-corn-and-garlic-12397
Orange Tart with Orange Cream and Pistachios,
Stir-Fried Chestnuts and Chinese Cabbage,
Baked Pears on Sugared Puff Pastry with Caramel Sauce,
Nancy's Falafel Pistachios,https://www.epicurious.com/recipes/food/views/nancys-falafel-pistachios
Date Walnut Yogurt Ice Cream,
"Potato and Corn Salad with Bacon, Blue Cheese, and Sherry Vinaigrette",
Jack Rose,
Tuscan Beef Stew with Polenta,https://www.epicurious.com/recipes/food/views/tuscan-beef-stew-with-polenta-241243
Roasted Poultry Stock,
Orange and Date Baklava,https://www.epicurious.com/recipes/food/views/orange-and-date-baklava-4664
Orange Cheesecake with Caramel-Orange Sauce,
Balsamic-Blackberry Crème Brûlée,
Chocolate-Glazed Hazelnut Mousse Cake,
Shrimp Curry with Yu Choy and Kabocha Squash,
Creamy Shrimp Crostini,
"Multi-Grain Penne with Hazelnut Pesto, Green Beans, and Parmesan",https://www.epicurious.com/recipes/food/views/multi-grain-penne-with-hazelnut-pesto-green-beans-and-parmesan-355193
Boeuf Bourguignon,
Butter-Braised Root Vegetables and Green Beans,
Cider-Braised Cabbage,
Alambre de Camarones,
Cinnamon Popovers,
Crispy Gnocchi With Littleneck Clams,https://www.epicurious.com/recipes/food/views/crispy-gnocchi-with-littleneck-clams
Grilled East Coast Oysters with Corn Jalapeño Salsita,https://www.epicurious.com/recipes/food/views/grilled-east-coast-oysters-with-corn-jalapeno-salsita-358970
Orange Tapioca Pudding,
Poached Pears with Cranberry Purée,
French Apple Cake,
Roasted Pacific Cod with Spring Vegetables and Mint,https://www.epicurious.com/recipes/food/views/roasted-pacific-cod-with-spring-vegetables-and-mint-351832
Cilantro Mint Dip,https://www.epicurious.com/recipes/food/views/cilantro-mint-dip-239279
Pasta with Butternut Squash and Rosemary,
Grill-Roasted Garlic and Olive Relish with Toasts and Goat Cheese,https://www.epicurious.com/recipes/food/views/grill-roasted-garlic-and-olive-relish-with-toasts-and-goat-cheese-363189
Fresh Corn Soup Topped with Roasted Corn Guacamole,https://www.epicurious.com/recipes/food/views/fresh-corn-soup-topped-with-roasted-corn-guacamole-352975
Croque-Monsieur,
Almond Ice Cream Terrine with Chocolate Truffles and Raspberry Sauce,
Pecan-Crusted Catfish,
White Bean and Vegetable Soup,
Fresh Semolina Orecchiette,
Frozen Grand Marnier Torte with Dark Chocolate Crust and Spiced Cranberries,https://www.epicurious.com/recipes/food/views/frozen-grand-marnier-torte-with-dark-chocolate-crust-and-spiced-cranberries-236808
Vanilla Ice Cream with Kiwi and Banana in Lime Rum Syrup,
Penne with Sausage and Tomato Sauce,https://www.epicurious.com/recipes/food/views/penne-with-sausage-and-tomato-sauce-236013
Winter Fruit Compote with Ginger,
Sea Bass with Sherry Vinegar Glaze and Mushroom Sauté,https://www.epicurious.com/recipes/food/views/sea-bass-with-sherry-vinegar-glaze-and-mushroom-saute-102652
Squash with Dates and Thyme,
California Date Shakes,
Poppy Seed Chocolate Torte,
"Lima Bean, Potato, and Garlic Purée with Potato Crisps",
Seafood Risotto (Risotto ai Fruitti di Mare),https://www.epicurious.com/recipes/food/views/seafood-risotto-risotto-ai-fruitti-di-mare-51112620
Squid in Vinegar Sauce,
Potato-Onion Cakes,
Benne Seed Pita Toasts,
Goat Cheese and Black Pepper Biscuits with Smoked Salmon and Dill,https://www.epicurious.com/recipes/food/views/goat-cheese-and-black-pepper-biscuits-with-smoked-salmon-and-dill-231858
Rice with Fennel and Golden Raisins,https://www.epicurious.com/recipes/food/views/rice-with-fennel-and-golden-raisins-354197
"Long Bean, Cucumber, and Tomato Salad",
Mahón Cheese Ice Cream,
"Escarole with Olives, Raisins, and Pine Nuts",
Baccalà Mantecato: A Savory Spread of Whipped Salt Cod,
Pork Tenderloin with Plum Chutney,https://www.epicurious.com/recipes/food/views/pork-tenderloin-with-plum-chutney-51108390
Tarragon Scallop Gratins,
Curried Chicken and Rice Salad,
"Potato, Spinach and Red Bell Pepper Salad with Warm Bacon Vinaigrette",
Asian Pear and Frisée Salad,
Five-Spice Duck with Butternut Squash Ravioli and Broccoli Rabe,
Pepper and Coriander Scallop Skewers with Tarragon Salad,
Smoked Salmon and Dill Matzoh Brei,
Crisp Potato Pancakes with Goat Cheese on Mixed Greens,https://www.epicurious.com/recipes/food/views/crisp-potato-pancakes-with-goat-cheese-on-mixed-greens-1186
Lasagna with Turkey Sausage Bolognese,
Olive Oil Couscous Cake with Crème Fraîche and Date Syrup,
"Orecchiette with Rabbit, Tomato, and Basil Sauce",
Buttermilk Fruitcake,
Chicken Sauté with Green Olive Topping,
Damn the Weather II,
Milk Chocolate Pudding,
Roast Chicken Legs with Lemon and Thyme,
"Sage, Onion and Wild-Rice Risotto Cakes",
Turkey with Lemon-Sage Butter,https://www.epicurious.com/recipes/food/views/turkey-with-lemon-sage-butter-368268
Quick Sausage and Mushroom Lasagna,
Spiced Lamb in Pita,
Baked Halibut with Warm Sherry Onion Vinaigrette,
"Spaghetti with Mushrooms, Zucchini, and Tarragon",
Citrus and Pineapple Compote,
Pan-Seared Salmon with Pumpkin Seed-Cilantro Pesto,https://www.epicurious.com/recipes/food/views/pan-seared-salmon-with-pumpkin-seed-cilantro-pesto-368261
Chile-Ginger-Mint Jellies,https://www.epicurious.com/recipes/food/views/chile-ginger-mint-jellies-51137430
Lemon Curd Mousse,
"Sweet Granita With Blackberries, Toasted Almonds, and Mint",
Couscous with Fennel and Pinenuts,https://www.epicurious.com/recipes/food/views/couscous-with-fennel-and-pinenuts-351517
"Watercress, Melon and Almond Salad",
Chicken with White Wine and Herbs,
Peanut Butter-Berry Pie,
Green Beans with Pickled-Onion Relish,
Antipasto Salad,
Lemon Meringue Pie with Hazelnut Shortbread Crust,
Lobster Salad with Summer Vegetables,
Ginger-Soy Grilled Steak,
Beef Burger With Grilled Kale,
Salmon Fillets with a Wasabi Coating,
Lemon-Herb Chicken with Roasted Potatoes and Easy Caesar Salad,
Peppered Lamb with Pine Nut Sauce,
Molasses Corn Bread,
Sweet Tea,
"Tagliatelle with Mussels, Clams and Pesto",
Four Spirits Eggnog,
Trio of Sorbets with Raspberry Coulis,
Sauteed Pork Chops with Sweet-and-Sour Red Cabbage,
Baked Cheese Grits,
"Grilled Steak, Vegetable, and Quinoa Salad With Yogurt-Tahini Dressing",
"Mashed Potato, Cheese, and Chive Gratin",
"Penne with Chicken, Shiitake Mushrooms, and Capers",
Whole Baked Trout with Mushrooms,
Triple-Berry Margaritas,
To Sterilize Jars and Lids,
Green Salad with Caviar and Smoked Salmon,
Pear Cranberry Cake,
Herb and Mustard Turkey with Green Onion Gravy,
Fig Leaf,
Light Vegetable Stock,
Chocolate-Covered Mint Ice Cream Terrine,https://www.epicurious.com/recipes/food/views/chocolate-covered-mint-ice-cream-terrine-238970
"Pear, Chocolate, and Hazelnut Crostata",
Roasted Asparagus with Lemon,
Salumi with Peaches and Watercress,
Asparagus Velouté,
Quick Chicken Paella with Sugar Snap Peas,https://www.epicurious.com/recipes/food/views/quick-chicken-paella-with-sugar-snap-peas-358212
Wild Mushroom Pizza,
Creamy Broccoli and Carrot Slaw,
"Root Vegetable Tagine with Sweet Potatoes, Carrots, Turnips, and Spice-Roasted Chickpeas",https://www.epicurious.com/recipes/food/views/root-vegetable-tagine-with-sweet-potatoes-carrots-turnips-and-spice-roasted-chickpeas-361252
Antipasto-Stuffed Baguettes,https://www.epicurious.com/recipes/food/views/antipasto-stuffed-baguettes-12233
Indian-Spiced Rice with Lentils,
Spicy White Bean and Chicken Chili,
Shakshuka a la Doktor Shakshuka,
Chicken Soup,https://www.epicurious.com/recipes/food/views/chicken-noodle-soup
Pasta with Green Vegetables and Herbs,
Jasmine Tea Sorbet,https://www.epicurious.com/recipes/food/views/jasmine-tea-sorbet-10494
Chicken in Spicy Coconut Sauce,
Grilled Tamales with Poblanos and Fresh Corn,
Sauteed Vegetables with Chile-Tamarind Sauce,
Sea Scallops with Spiced Bacon,
Green Tomato Toast with Ricotta Salata and Lemon,https://www.epicurious.com/recipes/food/views/green-tomato-toast-with-ricotta-salata-and-lemon-56389823
Gourmet Magazine Grilling Procedures,https://www.epicurious.com/recipes/food/views/gourmet-magazine-grilling-procedures-242904
Double-Ginger Sour Cream and Bundt Cake with Ginger-Infused Strawberries,https://www.epicurious.com/recipes/food/views/double-ginger-sour-cream-and-bundt-cake-with-ginger-infused-strawberries-352071
"Pappardelle with Portobello Mushrooms, Spinach and Pine Nuts",
"Molasses, Rum, and Ginger Milk Punch",https://www.epicurious.com/recipes/food/views/molasses-rum-and-ginger-milk-punch-200887
"Whole-Wheat Linguine with Cauliflower, Pancetta, and Parmesan",https://www.epicurious.com/recipes/food/views/whole-wheat-linguine-with-cauliflower-pancetta-and-parmesan-233256
Trout with Pecan and Pine Nut Crust,
White Bean and Ham Hock Soup with Arugula and Corn Bread Croutons,https://www.epicurious.com/recipes/food/views/white-bean-and-ham-hock-soup-with-arugula-and-corn-bread-croutons-104225
Lamb and Eggplant Casserole (Moussaka),
Apple Pie with Oat Streusel,
Moroccan Lamb Stew,https://www.epicurious.com/recipes/food/views/moroccan-lamb-stew
Lime Tart with Blackberries and Blueberries,https://www.epicurious.com/recipes/food/views/lime-tart-with-blackberries-and-blueberries-359373
"Fried Calamari with Rouille, Cherry Peppers, and Lemon",
Feta and Red Bell Pepper Pizza,https://www.epicurious.com/recipes/food/views/feta-and-red-bell-pepper-pizza-103660
"Cranberry, Shallot, and Dried Cherry Compote",
Scallops and Spinach Fettuccine with Red Bell Pepper Cream Sauce,
Spicy Eggplant,
Snap Pea Salad,
Mixed-Peppercorn Steaks with Sherry-Marjoram Pan Sauce,https://www.epicurious.com/recipes/food/views/mixed-peppercorn-steaks-with-sherry-marjoram-pan-sauce-109585
Braised Chile-Spiced Short Ribs with Black Beans,
Fettuccine with Red Clam Sauce,https://www.epicurious.com/recipes/food/views/fettuccine-with-red-clam-sauce-1594
"Brisket with Dried Apricots, Prunes, and Aromatic Spices",
Sunday Supper Macaroni and Cheese,
Earl Grey–Bourbon Punch,https://www.epicurious.com/recipes/food/views/earl-grey-tea-bourbon-punch
Baby White Potatoes with Cipolline and Dill,
Broccoli Rabe and Red Bell Pepper Frittata,
Key Lime Pie with Passion Fruit Coulis and Huckleberry Compote,
Grilled Corn on the Cob with Glove-Box Recado,https://www.epicurious.com/recipes/food/views/grilled-corn-on-the-cob-with-glove-box-recado-51249420
Baked Eggs with Zucchini Ragoût,
Cosmopolitan Cocktail,https://www.epicurious.com/recipes/food/views/cosmopolitan-cocktail-200608
Corn Fritters with Arugula and Warm Tomato Salad,
Mango-Macadamia Nut Ice-Cream,
Glazed Pork Chops with Spiced Onion Marmalade,
Roasted Garlic Soup with Parmesan Cheese,
"Roast Leg of Lamb with Mint, Garlic, and Lima Bean Purée",
Green Olive Pesto,
Smoked-Paprika Pork Rib Roast with Sherry Raisin Vinaigrette,https://www.epicurious.com/recipes/food/views/smoked-paprika-pork-rib-roast-with-sherry-raisin-vinaigrette-233307
Toasted Salted Pumpkin Seeds,
Ricotta Whipped Potatoes,
Caramelized-Onion Pizza with Mushrooms,
"Grain Bowls With Chicken, Spiced Chickpeas, and Avocado",
Cornell,
Cheddar Dill Puffs,
Key Lime Cheesecake with Tropical Dried-Fruit Chutney,https://www.epicurious.com/recipes/food/views/key-lime-cheesecake-with-tropical-dried-fruit-chutney-234822
Springtime Bow Ties with Ham and Asiago,https://www.epicurious.com/recipes/food/views/springtime-bow-ties-with-ham-and-asiago-107934
Tomato-Anchovy Pasta,
Maple-Glazed Turkey with Dijon Gravy,
Gingered Mint Pesto,
Cranberry-Mint Tea,
Black Bean Soup with Cumin and Jalapeño,
Herbed Crepes with Smoked Salmon and Radishes,
Mocha Mousse with Kumquat Cranberry Sauce and Phyllo Pecan Crisps,https://www.epicurious.com/recipes/food/views/mocha-mousse-with-kumquat-cranberry-sauce-and-phyllo-pecan-crisps-14403
Tahini Chicken Salad,
"Pork, Mushroom, and Snow-Pea Stir-Fry",
Espresso Chocolate Sablés,
Indian Shrimp Curry,
Steamed Mussels with Tomatoes and Garlic Toasts,
Meat Loaf Plus,
Seared Rosemary Scallops,
Carrot-Beef Sushi with Caper-Basil Mustard,https://www.epicurious.com/recipes/food/views/carrot-beef-sushi-with-caper-basil-mustard-240976
Sheet-Pan Crispy Fish Tacos With Chili-Roasted Corn,
Date Squares,
Paprika-Roasted Cornish Hens and Vegetables,
Greek-Style Cucumber and Yogurt Dip with Dill,
Duck Legs Confit Cooked in a Pouch (“Confit” de Canard en Sous Vide),https://www.epicurious.com/recipes/food/views/duck-legs-confit-cooked-in-a-pouch-confit-de-canard-en-sous-vide
Walnut-Blackberry Torte with Mocha Buttercream,https://www.epicurious.com/recipes/food/views/walnut-blackberry-torte-with-mocha-buttercream-104579
Guinness Stout Ginger Cake,
Watercress Salad with Cotija Cheese and Fried Tortillas,https://www.epicurious.com/recipes/food/views/watercress-salad-with-cotija-cheese-and-fried-tortillas-107195
Pumpkin Plum Tart,
Sweet-Potato Sticks with Mustard Seeds and Ginger,
Pumpkin Spice Layer Cake with Caramel and Cream Cheese Frosting,
Aromatic Baby Back Ribs,
Sweet-Potato-Parmesan Gratin,
Smoked Peppered Mackerel and Sour Cream on Homemade Potato Chips,https://www.epicurious.com/recipes/food/views/smoked-peppered-mackerel-and-sour-cream-on-homemade-potato-chips-101192
Turkey Meatballs with Almonds,
Bittersweet Chocolate Mousse in Phyllo with Raspberry Sauce,
Knockout,
Pine Nut Vinaigrette,https://www.epicurious.com/recipes/food/views/pine-nut-vinaigrette-1119
"Herbed Rack of Lamb with Parsley, Mint, and Walnut Sauté",
Creamed Spinach Deluxe,
Whole Roasted Snapper with Artichokes and Aïoli,https://www.epicurious.com/recipes/food/views/whole-roasted-snapper-with-artichokes-and-aioli-235571
Pâte Sucrée,https://www.epicurious.com/recipes/food/views/pate-sucree-51123640
"Clam, Chard, and Bacon Pizza",https://www.epicurious.com/recipes/food/views/clam-chard-and-bacon-pizza-388658
Chicken Tikka Kebabs,
Corn Bread Stuffing,
Alaskan Black Cod with Hoisin and Ginger Sauces,https://www.epicurious.com/recipes/food/views/alaskan-black-cod-with-hoisin-and-ginger-sauces-357230
Strawberry Compote with Blood Orange Juice,
Mulled Pears and Apples,
Cream Gin Fizz,
"Tuna, Fennel, Avocado, and Tangerine Salad with Citrus Vinaigrette",
Greek Yogurt Bourekakia,
Hot Rum Tea,
"Green Bean, Watercress and Radish Salad",
Rhubarb Streusel Pie,
Stir-Fried Bok Choy,
Chilled Indian-Spiced Tomato Soup with Crabmeat,https://www.epicurious.com/recipes/food/views/chilled-indian-spiced-tomato-soup-with-crabmeat-108549
Broiled Lemon Thyme Pollock,
Mojito-Marinated Chicken Breasts,
Parsley-Root Soup with Truffled Chestnuts,https://www.epicurious.com/recipes/food/views/parsley-root-soup-with-truffled-chestnuts-240568
Seafood Paella,
Sake Kasu-Marinated Sea Bass with Coconut Green Curry Sauce,https://www.epicurious.com/recipes/food/views/sake-kasu-marinated-sea-bass-with-coconut-green-curry-sauce-15103
"Greek-Style Rice with Spinach, Feta, and Black Olives",
Poached Eggs in Tomato Sauce With Chickpeas and Feta,
Braised Beef Short Ribs,
Maple-Soy-Glazed Salmon,
Barbecued Chicken and Chickpea Quesadillas,
Grilled Shrimp and Caesar Salad,
Southeast Asian Turkey Burgers,
Corned Beef Sandwiches with Pickled Cabbage,https://www.epicurious.com/recipes/food/views/corned-beef-sandwiches-with-pickled-cabbage-363990
Orecchiette with Spiced Duck Ragù,
Mashed Root Vegetables with Horseradish,
Mediterranean Chicken Salad,
Whipped Cream Pastries with Jam and Coffee Glaze,
Fennel-Crusted Pork Chops with Potatoes and Shallots,https://www.epicurious.com/recipes/food/views/fennel-crusted-pork-chops-with-potatoes-and-shallots-51214810
Toasted Orecchiette With Veal Meatballs,https://www.epicurious.com/recipes/food/views/toasted-orecchiette-with-veal-meatballs
Plum Sherbert with Orange Juice and Plum Wine,https://www.epicurious.com/recipes/food/views/plum-sherbert-with-orange-juice-and-plum-wine-103299
"Celery Root ""Anna"" with Bacon and Olives",https://www.epicurious.com/recipes/food/views/celery-root-anna-with-bacon-and-olives-14456
Chicken Liver Pâté,
Spicy Spiked Hot Chocolate,
Lobster and Confetti Vegetable Salad,
Rum Cake with Rum Raisin Ice Cream and Island Fruit,
Sauteed Cod with Asparagus Sauce and Fennel,
Lime-Soy-Ginger Sauce,https://www.epicurious.com/recipes/food/views/lime-soy-ginger-sauce-51220010
Asian Chicken Salad with Roasted Peanuts,
Amaretto Ice Cream,
Pasta with Meat Sauce,
Cranberry Sauce with Pearl Onions and Golden Raisins,
Apricot-Pistachio Charoset,
Cuban-Style Burgers with Grilled Ham & Cheese,https://www.epicurious.com/recipes/food/views/cuban-style-burgers-with-grilled-ham-cheese-355969
Chocolate Coconut Date Bars,https://www.epicurious.com/recipes/food/views/chocolate-coconut-date-bars-51260430
Couscous Tabbouleh,
Maple Sugar Tartlets,
Cool-as-a-Cucumber Soup,
Lemon-Chile Green Bean Pickles,https://www.epicurious.com/recipes/food/views/lemon-chile-green-bean-pickles-56389919
Horseradish Coleslaw,
Layered Cobb Salad,
Rum Punch Glencoe Harbor Club,https://www.epicurious.com/recipes/food/views/rum-punch-glencoe-harbor-club-200675
Emily's Meat Loaf,https://www.epicurious.com/recipes/food/views/emilys-meat-loaf-51114410
Brazilian-Style Collard Greens,
Puff Pastry Apple Tarts Glazed with Honey,
Crumb Crust,
Republic of the Rio Grande Grilled Tuna and Grapefruit Supreme Salad,https://www.epicurious.com/recipes/food/views/republic-of-the-rio-grande-grilled-tuna-and-grapefruit-supreme-salad-363418
Pickled Carrot Sticks,
White Pepper Crème Brûlée with Fig and Prune Compote,https://www.epicurious.com/recipes/food/views/white-pepper-creme-brulee-with-fig-and-prune-compote-108592
Peach Gin Freeze,
Slow-Roasted Romano Beans,
Roasted Potato Salad with Green Onions,
Deviled Salmon Cakes,
Egg and Bacon Muffin Cups,https://www.epicurious.com/recipes/food/views/egg-and-bacon-muffin-cups-51262470
Pan-Seared Petrale Sole with Local Winter Vegetables,https://www.epicurious.com/recipes/food/views/pan-seared-petrale-sole-with-local-winter-vegetables-235808
Pecan-Bourbon Pie,
Apricot-Cherry Trifle,
"Fried Rice with Peppers, Onions and Shiitake Mushrooms",
New Potato and Cucumber Salad with Fresh Herbs,
Filets Mignons with Orange Fennel Crust,
Steamed Striped Bass with Ginger and Scallions,https://www.epicurious.com/recipes/food/views/steamed-striped-bass-with-ginger-and-scallions-109104
Creamy Zucchini Soup,
Blueberry Johnnycakes with Maple Syrup,
Champagne Pineapple Cocktail,
Dilled Cheddar Cheese Batter Bread,
"Pizza with Fontina, Prosciutto, and Arugula",
"Country-Bread Stuffing with Parmesan, Raisins, and Pine Nuts",https://www.epicurious.com/recipes/food/views/country-bread-stuffing-with-parmesan-raisins-and-pine-nuts-105803
Sweet Potato and Apple Purée,
Spiced Blush Wine Compote,
"Potato Salad with Olives, Green Beans and Red Onion",
Tequila Cooler,
Roast Pork Loin in Horseradish Crust,
Confit Duck Legs,
French Four Spice Blend,https://www.epicurious.com/recipes/food/views/french-four-spice-blend-243545
"Belgian Endive, Fuyu Persimmon, and Baby Spinach Salad with Honey Mustard Vinaigrette",https://www.epicurious.com/recipes/food/views/belgian-endive-fuyu-persimmon-and-baby-spinach-salad-with-honey-mustard-vinaigrette-236129
Skillet Corn Bread with Roasted Poblano and Oregano,
Seared Rainbow Chard with Leeks,https://www.epicurious.com/recipes/food/views/seared-rainbow-chard-with-leeks-103721
Christmas Cheesecake with English Toffee Filling,
Mustard and Herb Crusted Rack of Lamb,
Cranberry Raspberry Sauce,
Soba with Chicken and Peanut Sauce,https://www.epicurious.com/recipes/food/views/soba-with-chicken-and-peanut-sauce-238676
Warm Goat Cheese Salad with Pears and Walnuts,
Sweet Potato Streusel,
"""Redeye"" Braised Lamb Shanks and Beans",
"Carrot, Yellow Beet, and Apple Slaw with Caraway Seed Dressing",https://www.epicurious.com/recipes/food/views/carrot-yellow-beet-and-apple-slaw-with-caraway-seed-dressing-56389807
Mustard- and Rosemary-Roasted Game Hens,https://www.epicurious.com/recipes/food/views/mustard-and-rosemary-roasted-game-hens-62
Rio Grande Beef Burritos with Roasted Peppers,https://www.epicurious.com/recipes/food/views/rio-grande-beef-burritos-with-roasted-peppers-236193
Whitefish Salad and Roasted Beet Coleslaw,
Roasted Fingerling Potatoes with Chive Pesto,https://www.epicurious.com/recipes/food/views/roasted-fingerling-potatoes-with-chive-pesto-365189
Hoppin' John Risotto,
Braised Veal Shanks with White Bean Tomato Sauce,
Cheddar and Green Pepper Spread,
Spice-Rubbed Quail,https://www.epicurious.com/recipes/food/views/spice-rubbed-quail-107015
"Linguine with Zucchini, Carrots, and Mixed Herb Pesto",
Roasted Apricots with Honey-Vanilla Crème Fraîche,https://www.epicurious.com/recipes/food/views/roasted-apricots-with-honey-vanilla-creme-fraiche-359249
Gin Fix,
Orange Roughy with Tomato-Cilantro Salsa,
Grasshopper I,
Sauteed Shrimp on Parmesan Grits with Redeye Gravy,
Brothy Beans,
Saffron Alioli,
Cranberry Sauce with Pinot Noir,
Pistachio Crisps with Mascarpone Cheese and Grape Compote,
Fig and Stilton Salad with Port Wine Dressing,https://www.epicurious.com/recipes/food/views/fig-and-stilton-salad-with-port-wine-dressing-105971
"Citrus ""Jell-O"" with Honey and Mint",https://www.epicurious.com/recipes/food/views/citrus-jell-o-with-honey-and-mint-237833
"Barley, Cauliflower, and Herbs with Burrata",https://www.epicurious.com/recipes/food/views/barley-cauliflower-and-herbs-with-burrata-51214480
Halvah Vanilla Ice Cream,
Sweet Potatoes with Blue Cheese and Pecans,
Roast Turkey with White Wine Gravy,
Raspberry-Lemon Corn Muffins,
Pumpkin Cake with Sage Ice Cream and Pumpkin Cherry Compote,
Artichokes with Garlic Pimiento Vinaigrette,
Baked Chicken with Chile-Yogurt Marinade,
Duck Bigarade,https://www.epicurious.com/recipes/food/views/duck-bigarade-51197620
Apple Horseradish Aspic with Fennel,https://www.epicurious.com/recipes/food/views/apple-horseradish-aspic-with-fennel-238066
Scallops and Leeks in Star Anise-Orange Sauce,
Stuffed Portobello Mushrooms,https://www.epicurious.com/recipes/food/views/stuffed-marinated-portobello-mushrooms
Morel-Crusted Ribs with Polenta,https://www.epicurious.com/recipes/food/views/morel-crusted-ribs-with-polenta-106045
Slow-Cooked Tuscan Kale,https://www.epicurious.com/recipes/food/views/slow-cooked-tuscan-kale-51124300
Grilled Zucchini and Yogurt Dip,
Cherry Cheesecake with Chocolate Almond Crust,
Chicken and Mushroom Marsala,
Grilled-Onion Salad with Mixed Greens and Goat Cheese,https://www.epicurious.com/recipes/food/views/grilled-onion-salad-with-mixed-greens-and-goat-cheese-2220
"Provencal Chicken with Tomatoes, Olives, and Basil",https://www.epicurious.com/recipes/food/views/provencal-chicken-with-tomatoes-olives-and-basil-238795
Pumpkin-Seed-Crusted Trout,
"Chicken, Ham and Fennel Pot Pies",
Herbed Kalamata Olives,
Citrus-Glazed Carrots,
"Breakfast Polenta with Sausage, Onion and Peppers",
Pea and Lettuce Purée with Tarragon,https://www.epicurious.com/recipes/food/views/pea-and-lettuce-puree-with-tarragon-104896
Roasted Salmon with Horseradish Crème Fraîche,
Summer Melon with Basil-Mint Granita,
Penne with Sugar Snap Peas and Arugula Pesto,https://www.epicurious.com/recipes/food/views/penne-with-sugar-snap-peas-and-arugula-pesto-12285
Beef Aspic,
Curried Lentil Soup,
Gingered Squash and Ham Soup with Cornmeal Dumplings,
Asparagus Mimosa,
Old-Fashioned Potato Salad with Sweet Pickles,
Damn the Weather I,
Hot Molasses Milk Punch,
Yogurt Marinated Chicken Skewers With Toum Garlic Sauce,https://www.epicurious.com/recipes/food/views/yogurt-marinated-chicken-skewers-with-toum-garlic-sauce
Sauteed Chicken Breasts Stuffed with Cheese and Ham,
Cornmeal-Crusted Chicken with Toasted Corn Salsa,
Braised Chicken with Onions and Herbs,
Sisi's Corn Pudding,
"Baked Grits with Ham, Wild Mushrooms and Parmesan",
Italian Rice Pie (Pastiera di Riso),https://www.epicurious.com/recipes/food/views/italian-rice-pie-pastiera-di-riso-51233420
Truffled Mac 'N' Cheese,
White Butter Sauce with Cream Beurre Nantais,
Lentil and Vegetable Stew with Kale,
Crab Salad with Endive and Tomato-Cilantro Sauce,https://www.epicurious.com/recipes/food/views/crab-salad-with-endive-and-tomato-cilantro-sauce-594
"Fettuccine with Pork, Greens, and Beans",https://www.epicurious.com/recipes/food/views/fettuccine-with-pork-greens-and-beans-51155010
Carrot and Squash Ribbons,
Coffee-Marinated Skirt Steak,
Poached Peaches with Vanilla,
Baked Macaroni and Cheese,
Almond Cakes with Chocolate Passion-Fruit Sauce,
Grits Dressing,https://www.epicurious.com/recipes/food/views/grits-dressing-368277
"Veal Rib Eye with Ragoût of Pearl Onions, Peas and Artichokes",https://www.epicurious.com/recipes/food/views/veal-rib-eye-with-ragout-of-pearl-onions-peas-and-artichokes-5222
Fennel Tsatsiki,
Citrus Tart,
Braised Lamb Shanks with Rosemary,
Traditional Apple-Walnut Charoset,https://www.epicurious.com/recipes/food/views/traditional-apple-walnut-charoset-234298
Dilled Feta Ricotta Spread,
Coffee Chocolate Truffle Kisses,
"Onion, Anchovy, and Olive Pizzas",
Basic Italian Salad Dressing,
Fried Chicken with Spring Salad,
Watermelon and Cucumber Mint Tsatsiki Salad,
"Shrimp with Tomatoes, Fennel and Oregano",
"Artichoke, Lima Bean and Pea Salad",
Macadamia Lime Pie,
Spring Vegetable Medley,
"Pinto Bean, Tomato and Butternut Squash Soup",
"Penne with Grilled Zucchini, Ricotta Salata, and Mint",
Beet and Goat Cheese Salad with Pistachios,
Truffled Red Wine Risotto with Parmesan Broth,https://www.epicurious.com/recipes/food/views/truffled-red-wine-risotto-with-parmesan-broth-235854
Fried Mozzarella Balls,
Mussel Gratin,
Braised Duck Legs with Shallots and Parsnips,
Biscotti Parfaits,
Sliced Shell Steak on Parmesan Toast with Shallot and Sour Cream Sauce,https://www.epicurious.com/recipes/food/views/sliced-shell-steak-on-parmesan-toast-with-shallot-and-sour-cream-sauce-10340
Lemongrass-Shallot Sambal,https://www.epicurious.com/recipes/food/views/lemongrass-shallot-sambal-237070
Asparagus with Horseradish Butter,
Jacques's French Potato Salad,
Dilly Bean Potato Salad,
Super Seed Sprinkle,https://www.epicurious.com/recipes/food/views/super-seed-sprinkle-51169550
Chiles Poblanos Rellenos de Queso (Poblano Chiles Stuffed with Cheese),
Orange and Sour-Cream Drop Shortcakes with Assorted Berries,
Phyllo Cups with Chocolate Mousse and Fresh Fruit,
Pine Nut and Basil Rice,
Pear and Almond Frangipane with Apricot Sauce,
Zucchini and Carrots with Green Onions and Dill,
Carrot Fennel Soup,
3-Ingredient Seeded Crackers,https://www.epicurious.com/recipes/food/views/3-ingredient-seeded-crackers
Roquefort Dressing,https://www.epicurious.com/recipes/food/views/roquefort-dressing-14306
"Prune, Apple, and Chestnut Bread Pudding",https://www.epicurious.com/recipes/food/views/prune-apple-and-chestnut-bread-pudding-233406
Crostini with Sun-Dried-Tomato Tapenade,
Pumpkin Walnut Muffins,
"Flatbread Pizzas with Olives, Feta and Artichokes",
Basic Eggnog,
Fudgy Chocolate Birthday Cake,
"Burrata, Japanese Tomatoes, Panzanella, Wild Arugula",https://www.epicurious.com/recipes/food/views/burrata-japanese-tomatoes-panzanella-wild-arugula-237836
Calabrian Chile Oil,https://www.epicurious.com/recipes/food/views/calabrian-chile-oil-51224030
Parsnip and Cheddar Soufflé,
Sea Bass with Lemon Caper Fettuccine,
Sicilian Fennel and Orange Salad with Red Onion and Mint,
Spiced Green Tahini Sauce,
Basil Ice Cream,https://www.epicurious.com/recipes/food/views/basil-ice-cream-230779
Chickpeas with Spinach,
Coffee-Bean Granita,
Rice-Stick Noodle Salad with Vietnamese Shrimp,
Grilled Fillet of Beef with Tomato Ginger Vinaigrette,https://www.epicurious.com/recipes/food/views/grilled-fillet-of-beef-with-tomato-ginger-vinaigrette-10175
"Fontina, Corn and Jalapeño Quesadillas",
Seafood Empanaditas,https://www.epicurious.com/recipes/food/views/seafood-empanaditas-242309
The Scandalous Scandinavian,
Pomegranate and Fennel Glazed Rack of Lamb,
Mango Shrimp Summer Rolls,
"Crab Linguine with Basil, Lemon & Chile",
Chilled Yellow Squash and Leek Soup With Coriander and Lemon Crème Fraîche,
Easy Raspberry Trifle,
Apricot-Walnut Crisp,https://www.epicurious.com/recipes/food/views/apricot-walnut-crisp-235360
Parsley Mint Salsa Verde,
Sopa de Aguacate,
Easy Beef Lo Mein,
Corn and Bacon Chowder,
Chilled Red Pepper Soup with Basil and Croutons,
Winter Minestrone,
Hasty,
Oriental Lamb Steaks,https://www.epicurious.com/recipes/food/views/oriental-lamb-steaks-101721
"Sauteed Bass Fillets with Mushrooms, Scallions, and Soy",https://www.epicurious.com/recipes/food/views/sauteed-bass-fillets-with-mushrooms-scallions-and-soy-107585
Grilled Pizzas Provençale,
Pimm's Cup,
Peach-Raspberry Milk Shake,
French-American Potato Salad,
Tropical Fruit Sparkler,
Cheesecake Mousse with Rum-Poached Plums,https://www.epicurious.com/recipes/food/views/cheesecake-mousse-with-rum-poached-plums-101784
"Fresh Tomato, Kale, and Caper Berry Pasta",
Strawberry Shortcakes,
Yogurt with Pistachio Brittle,https://www.epicurious.com/recipes/food/views/yogurt-with-pistachio-brittle-51170850
"Blackberry, Lemon, and Gingersnap Cheesecake Pudding",https://www.epicurious.com/recipes/food/views/blackberry-lemon-and-gingersnap-cheesecake-pudding-360229
"Pear, Mushroom and Pomegranate Stuffing",https://www.epicurious.com/recipes/food/views/pear-mushroom-and-pomegranate-stuffing-361890
Mashed Yams and Apples,
Chicken with Tomatoes and Prunes,
"Bulgur, Pine Nut, and Red Pepper Pilaf",https://www.epicurious.com/recipes/food/views/bulgur-pine-nut-and-red-pepper-pilaf-10647
Chilled Minted Zucchini Soup,
Louise's Fruitcake,
Shaved-Radish Sandwiches with Herb Butter,https://www.epicurious.com/recipes/food/views/shaved-radish-sandwiches-with-herb-butter-395440
Braised Veal Shoulder with Gremolata and Tomato-Olive Salad,https://www.epicurious.com/recipes/food/views/braised-veal-shoulder-with-gremolata-and-tomato-olive-salad-364670
Asian Pear and Avocado Salad with Garam Masala Syrup,
Indian Corn Pudding,
"Leek, Mushroom and Bacon Stuffing with Tarragon",https://www.epicurious.com/recipes/food/views/leek-mushroom-and-bacon-stuffing-with-tarragon-100441
"Endive Salad with Apples, Walnuts and Gorgonzola",
Fettuccine with Shiitake Mushroom Sauce,
Southwestern Pinto Bean Soup,
Roast Quail with Apples and Pecans,
White Bordelaise Sauce,
Crab Hush Puppies with Tartar Sauce,https://www.epicurious.com/recipes/food/views/crab-hush-puppies-with-tartar-sauce-356057
Coke-Braised Pork Carnitas,https://www.epicurious.com/recipes/food/views/coke-braised-pork-carnitas-235844
Oatmeal Muffins,
Macadamia-Crusted Yellowtail with Mango-Papaya Salsa,https://www.epicurious.com/recipes/food/views/macadamia-crusted-yellowtail-with-mango-papaya-salsa-3068
Carrot Cake Smoothie,
"Sea Bass with Shallots, Garlic and Marsala",https://www.epicurious.com/recipes/food/views/sea-bass-with-shallots-garlic-and-marsala-15545
Linguine with Scampi,
"Spice-Coated Rack of Lamb for Two with Arugula, Avocado, and Blood Orange Salad",https://www.epicurious.com/recipes/food/views/spice-coated-rack-of-lamb-for-two-with-arugula-avocado-and-blood-orange-salad-351234
Yu Bo's Shiitake Mushrooms with Scallions,https://www.epicurious.com/recipes/food/views/yu-bos-shiitake-mushrooms-with-scallions-107965
Tequila Sunrise,https://www.epicurious.com/recipes/food/views/tequila-sunrise
African Curried Coconut Soup with Chickpeas,
Duck Breast with Roasted Peaches and Walnut-Parsley Fried Rice,
Peggy,
Fish Terrine,
Frisée and Carrot Ribbon Salad with Za'atar-Lemon Vinaigrette,https://www.epicurious.com/recipes/food/views/frisee-and-carrot-ribbon-salad-with-zaatar-lemon-vinaigrette-56390157
Yassa au Poulet II (Chicken Yassa),https://www.epicurious.com/recipes/food/views/yassa-au-poulet-ii-chicken-yassa-100674
"Beef, Mushroom, and Barley Soup",
Huckleberry Mostarda,https://www.epicurious.com/recipes/food/views/huckleberry-mostarda-240248
Whole Grain Mustard Aïoli,
Cube Steaks Dijon,https://www.epicurious.com/recipes/food/views/cube-steaks-dijon-107858
Minted Lobster Salad in Pitas,https://www.epicurious.com/recipes/food/views/minted-lobster-salad-in-pitas-12392
Apple Raisin Strudels,
Matcha Affogato With Green Tea Ice Cream,https://www.epicurious.com/recipes/food/views/matcha-affogato-with-green-tea-ice-cream
Spicy Braised Chicken with Mushrooms and Star Anise,
Eggplant Parmesan Heros,
Green Rice and Black Beans,
Baked Oysters with Bacon,
Raspberry and Aperol Floats,https://www.epicurious.com/recipes/food/views/raspberry-and-aperol-floats-51175390
Grilled Chicken Wings With Shishito Peppers and Herbs,
Zinfandel Beef Stock,https://www.epicurious.com/recipes/food/views/zinfandel-beef-stock-108942
Cherry-Almond Bars,
South-of-the-Border Sundaes,
"Simple Shrimp, Coconut and Eggplant Curry",
Kale and Mushrooms with Creamy Polenta,
Steamed Rice,
Spiced Bananas,
Anchoiade,
Romaine and Roasted-Beet Salad with Creamy Roquefort Dressing,https://www.epicurious.com/recipes/food/views/romaine-and-roasted-beet-salad-with-creamy-roquefort-dressing-4270
Indian Spiced Cauliflower and Potatoes,
Quick Raspberry Charlotte,https://www.epicurious.com/recipes/food/views/quick-raspberry-charlotte-241747
Chianti-Braised Stuffed Chicken Thighs on Egg Noodles,
Sweet and Spicy Chile Pepper Jelly,
Grilled Pork Chops with Maple-Cranberry Glaze,
"Bibb Lettuce, Avocado, and Dried Cranberry Salad",
Grilled T-Bone Steaks with Worcestershire-Chive Butter,
"Watermelon, Cantaloupe, and Red Pepper Salsa",
Crispy Curry-Roasted Chickpeas,https://www.epicurious.com/recipes/food/views/crispy-curry-roasted-chickpeas-56389735
Grapefruit and Avocado Salad with Ginger-Cassis Dressing,
Broiled Shrimp with Spicy Ginger-Lime Butter,
Sauteed Red Snapper Fillets with Fennel and Orange,
Slow-Baked Salmon with Avruga Caviar Sauce,
Marinated Halibut on Radish Sprout and Fennel Salad,
Hazelnut and Chocolate Pithiviers,
Chicken Cacciatora,
Squid Risotto,
Steak Tacos with Cilantro-Radish Salsa,https://www.epicurious.com/recipes/food/views/steak-tacos-with-cilantro-radish-salsa-51235400
Bittersweet Chocolate Marquise with Cherry Sauce,
Heirloom Tomato and Burrata Cheese Salad,
Steamed Savoy Cabbage and Mustard Greens with Bacon,
Pico de Gallo: Fresh Tomato Salsa,
"Hot Chocolate with Espresso, Lemon, and Anise",
Baked Bananas with Chocolate,
Fiesta Red Snapper,https://www.epicurious.com/recipes/food/views/fiesta-red-snapper-104173
Crown Roast of Pork with Lady Apples and Shallots,https://www.epicurious.com/recipes/food/views/ba-syn-crown-roast-of-pork-with-lady-apples-and-shallots
Tropical Rainbow,
Winter Fruit Chutney,
Golden Fruitcake,
Chicken with Peppers and Tomatoes,
Espresso Whipped Cream,
Roast Chicken with Artichokes and Gremolata Butter,
"Asparagus, Crab, and Orange Salad",
Irish Bacon,
Hot Sangria,
"Grilled Eggplant, Red Bell Pepper and Arugula Rolls",
Linguine with Pesto Trapanese,
"Apple, Dried Cherry, and Walnut Salad with Maple Dressing",https://www.epicurious.com/recipes/food/views/apple-dried-cherry-and-walnut-salad-with-maple-dressing-107064
Tarragon-Lime Chicken,
Banana Tarts,
Berry Rosé Sangria,
Blackened Steak Salad,
English Mint Sauce with Raspberry Vinegar,https://www.epicurious.com/recipes/food/views/english-mint-sauce-with-raspberry-vinegar-12335
Shaking Beef,
Banana Macadamia Pancakes with Orange Butter,
"Chilled Tomato, Roasted Garlic, and Basil Soup",
Malaysian-Style Chicken Curry,
"Pasta Salad with Mozzarella, Sun-Dried Tomatoes and Olives",
Boston Marathon Chili,https://www.epicurious.com/recipes/food/views/boston-marathon-chili-1720
Red Snapper and Eggplant with Red Bell Pepper Sauce,
Homemade Squid Ink Pasta,https://www.epicurious.com/recipes/food/views/homemade-squid-ink-pasta-51244010
Thai Chicken Stock,
Stabilized Whole-Milk Yogurt,
Lamb and Parsley Patties,
Grilled Iceberg Wedges with Buttermilk-Basil Dressing,https://www.epicurious.com/recipes/food/views/grilled-iceberg-wedges-with-buttermilk-basil-dressing-51237080
Cranberry and Pear Chutney,
Apricot-Glazed Chicken with Dried Plums and Sage,https://www.epicurious.com/recipes/food/views/apricot-glazed-chicken-with-dried-plums-and-sage-231957
Thai-Style Iced Tea,
Rhubarb Collins,
Chocolate-Covered Gingerbread Cake,
Blackberry and Nectarine Cobbler,
Spanish-Style Shrimp and Scallop Salad,
Spanish-Style Rice with Chicken and Seafood (Riz à la Valencienne),
Warm Asparagus Toast with Pancetta and Vinaigrette,https://www.epicurious.com/recipes/food/views/warm-asparagus-toast-with-pancetta-and-vinaigrette-237888
"Chicken, Shrimp and Beef Sates with Peanut Sauce",
Marinated Tofu with Peanuts and Charred Bean Sprouts,
Liberty,https://www.epicurious.com/recipes/food/views/liberty-200133
Ginger Fried Rice with Shiitake Mushrooms,
Grand Royal Fizz,
Stuffed Cornish Hens with Port Sauce,
Island Salsa,
Cobb Salad,
Marshmallows,
Ratatouille,
"Sweet-Potato Pumpkin Seed, and Chickpea Party Mix",https://www.epicurious.com/recipes/food/views/sweet-potato-pumpkin-seed-and-chickpea-party-mix-104629
"Lobster, Corn, Zucchini, and Basil Salad",
Roast Pork Lo Mein,https://www.epicurious.com/recipes/food/views/roast-pork-lo-mein-51149600
New England Fish Cakes with Herbed Tartar Sauce,
"Semolina Focaccia with Bell Peppers, Sun-Dried Tomatoes, and Garlic Confit",
Spinach and Madeira,
"Cheese, Herb, and Sun-Dried Tomato Phyllo Rolls",
Crown Roast of Lamb,
Raspberry Cream Cheese Brownies,
Cod Fillet with Roasted Vegetable Ragoût,
Ground Sirloin Patties with Red Wine Sauce,https://www.epicurious.com/recipes/food/views/ground-sirloin-patties-with-red-wine-sauce-105080
Dry Corn Bread for Bread Pudding,
Cranberry-Fig Compote,
Roast Magret Duck Breasts with Shaved Black Truffles,
Cumin-Chile Lamb Kebabs With Garlic Yogurt,
"Veal, Carrot and Chestnut Ragoût",https://www.epicurious.com/recipes/food/views/veal-carrot-and-chestnut-ragout-4671
Moroccan-Spiced Chicken Paillards,
White Chocolate Cheesecake with Cinnamon and Lemon,
Cucumber and Raisin Relish with Mustard Seeds,
Yummy Mummy Meatloaf,https://www.epicurious.com/recipes/food/views/yummy-mummy-meatloaf-355709
Chocolate-Pecan Torte,
Cinnamon Toast Flan (a Bread Pudding),
Tropical Carrot Cake with Coconut Cream Cheese Frosting,
Port Cobbler,
Croque Monsieur,
Spiced Pumpkin Cake with Cream Cheese Frosting and Chocolate Leaves,
Spicy Pasta with Tomatoes and Arugula,
Orzo with Spicy Sauce Schlussel-Leeds,
Cider-Glazed Carrots,
Warm Orange and Mushroom Spinach Salad,
Grilled Sausages,
French 75 Cocktail II,
Orange Nut Bread,
Sweet-and-Sour Cabbage,
Shrimp Uggie,
Crab Salad with Sun-Dried Tomato Louis Dressing,
Peach Raspberry Smoothie,
Tea-Marbled Eggs With Soy Balsamic Mayonnaise,
Tenderloin Steaks with Cranberry-Port Sauce and Gorgonzola Cheese,https://www.epicurious.com/recipes/food/views/tenderloin-steaks-with-cranberry-port-sauce-and-gorgonzola-cheese-102864
Toasted Nori Mayonnaise,https://www.epicurious.com/recipes/food/views/toasted-nori-mayonnaise
"Asparagus, Ham, and Cheese Melts",
Spinach Shakshuka,
Citrus Salad with Ginger Yogurt,
Mixed-Berry Crisp,
Pasta Fazool Casserole,
Gluten-Free Citrus Sugar Cookies,
Clams in Broth,
Sweet-and-Sour Cipolline Onions,
"Lobster, Corn, and Potato Salad with Tarragon",
Lobster and Pineapple Salad with Basil and Mint,
Baked Belgian Endive with Pecorino and Walnuts,https://www.epicurious.com/recipes/food/views/baked-belgian-endive-with-pecorino-and-walnuts-102926
Our Favorite Creamy Mashed Potatoes,
"Fall Salad of Corn, Cherry Tomatoes, and Oven-Roasted Green Onions",https://www.epicurious.com/recipes/food/views/fall-salad-of-corn-cherry-tomatoes-and-oven-roasted-green-onions-105667
Italian Vegetable Stew,
Tartines Provencales,
Roasted Yellow Pepper Soup and Roasted Tomato Soup with Serrano Cream,https://www.epicurious.com/recipes/food/views/roasted-yellow-pepper-soup-and-roasted-tomato-soup-with-serrano-cream-11554
Ginger Baked Apples,
Haddock in Charmoula Sauce,https://www.epicurious.com/recipes/food/views/haddock-in-charmoula-sauce-104887
"Prosciutto, Pear and Fennel Salad",https://www.epicurious.com/recipes/food/views/prosciutto-pear-and-fennel-salad-1032
"Chocolate, Cherry and Marsala Cassata",
Arugula Salad with Lemon-Pepper Dressing,
Red Wine-Macerated Winter Fruit,
Quinoa and Asparagus Salad with Mimosa Vinaigrette,
Basic Crab Stock,https://www.epicurious.com/recipes/food/views/basic-crab-stock-395370
"Pan-Baked Lemon Sole with Spinach, Olives, and Tomatoes",https://www.epicurious.com/recipes/food/views/pan-baked-lemon-sole-with-spinach-olives-and-tomatoes-107980
"Frittata with Bacon, Fresh Ricotta, and Greens",https://www.epicurious.com/recipes/food/views/frittata-with-bacon-fresh-ricotta-and-greens-233142
Chicken in Riesling,
Veal with Mushroom-Sage Ragoût,
Mixed Grill with Sweet and Spicy Bourbon Sauce,
Smoked Fish Platter with Mustard-Caper Sauce and Fennel-Cucumber Salad,https://www.epicurious.com/recipes/food/views/smoked-fish-platter-with-mustard-caper-sauce-and-fennel-cucumber-salad-239054
Cider-Braised Chicken With Apples and Kale,https://www.epicurious.com/recipes/food/views/cider-braised-chicken-with-apples-and-kale
"Orange, Fig, and Pine Nut Relish",https://www.epicurious.com/recipes/food/views/orange-fig-and-pine-nut-relish-12735
"Sauteéd Chicken Cutlets with Asparagus, Spring Onions, and Parsley-Tarragon Gremolata",https://www.epicurious.com/recipes/food/views/sauteed-chicken-cutlets-with-asparagus-spring-onions-and-parsley-tarragon-gremolata-352069
"Grapefruit, Avocado and Fennel Salad",
Room 4 Dessert Sour,
Mushroom and Brown Rice Veggie Burger,https://www.epicurious.com/recipes/food/views/mushroom-and-brown-rice-veggie-burger-51238470
Black Pepper Biscotti,
Shellfish Mixed Grill,https://www.epicurious.com/recipes/food/views/shellfish-mixed-grill-51241450
"Mango, Mint, and Pineapple Smoothie",https://www.epicurious.com/recipes/food/views/mango-mint-and-pineapple-smoothie
El Cid Chili,
Shrimp with Spiced Masala and Coconut Milk,
Chive and Cucumber Vichyssoise,
Chocolate Tangerine Roulade,
Champagne Fizz,
Soft Polenta with Leeks,
Mocha Custards,
Roasted Red PepperWalnut Dip,https://www.epicurious.com/recipes/food/views/roasted-red-pepper-walnut-dip-51112480
Tuna Noodle Casserole with Mushrooms and Fresh Herbs,
Hannah's Peanut Butter and White Chocolate Candies,https://www.epicurious.com/recipes/food/views/hannahs-peanut-butter-and-white-chocolate-candies-107721
Lemongrass Mojito,
"Italian Potato Salad with Rosemary, Lemon and Capers",
Roast Chicken with Pancetta and Olives,
Celery Root Mashed Potatoes,
Date and Walnut Phyllo Rolls with Greek Yogurt and Honey,https://www.epicurious.com/recipes/food/views/date-and-walnut-phyllo-rolls-with-greek-yogurt-and-honey-233722
Curried Cheddar Date Bites,https://www.epicurious.com/recipes/food/views/curried-cheddar-date-bites-15729
Chicken and Broccoli Stir-Fry,
Pink Gin,
Prune Armagnac Gingerbread,
Spinach and Mint Soup,
Oven-Roasted Vegetables with Fresh Herbs,
Apricot Iced Tea,
Pear Cranberry Sparklers,https://www.epicurious.com/recipes/food/views/pear-cranberry-sparklers-51136800
Coconut Creole Bread Pudding with Bourbon Sauce,
Smoked Fish with Fennel and Arugula Salad,
Prosciutto-Wrapped Asparagus Spears,
Smashed Potatoes and Peas,
Indonesian Fried Rice,
Sea Breeze,https://www.epicurious.com/recipes/food/views/sea-breeze-drink
Roasted Carrots with Cumin Yogurt,
Panfried Tofu with Asian Caramel Sauce,
Grilled Stone Fruit Sangria,https://www.epicurious.com/recipes/food/views/grilled-stone-fruit-sangria
Garlic-Curry Chicken Thighs With Yogurt Sauce,https://www.epicurious.com/recipes/food/views/garlic-curry-chicken-thighs-with-yogurt-sauce-56389736
Southwestern Succotash,
Lobster Gelees with Fresh Tarragon Oil,
"Warm Goat Cheese, Beet and Arugula Sandwiches",
Seared Duck Breasts with Red-Wine Sauce and Candied Kumquats,
"Roasted Chicken Thighs with White Beans, Lemon, and Capers",
Braised Red Cabbage with Vinegar,https://www.epicurious.com/recipes/food/views/braised-red-cabbage-with-vinegar-361255
Raspberries and Blackberries in Red-Wine Syrup,
Calvados Tarte Tatin,
Greek-Herbed Spinach Latkes with Feta-Yogurt Sauce,https://www.epicurious.com/recipes/food/views/greek-herbed-spinach-latkes-with-feta-yogurt-sauce-105954
Cilantro Salad,
Marinated Tri-Tip with Chinese Mustard Sauce and Roasted Green Onions and Mushrooms,https://www.epicurious.com/recipes/food/views/marinated-tri-tip-with-chinese-mustard-sauce-and-roasted-green-onions-and-mushrooms-237321
Brothy Heirloom Beans With Cream,https://www.epicurious.com/recipes/food/views/brothy-heirloom-beans-with-cream
Lamb Tagine With Chickpeas and Apricots,
"Spanish Anchovy, Fennel, and Preserved Lemon Salad",
Lime-Crab Soup,
Shiitake and Gruyère Pizzas,
Cowboy Beans,
"Angel Hair with Lemon, Kale, and Pecans",https://www.epicurious.com/recipes/food/views/angel-hair-pasta-lemon-kale-pecans
Potato Gratin with Porcini Mushrooms and Mascarpone Cheese,
Baked Cod and Potatoes with Horseradish Cream Sauce,
Oxtail Soup with Red Wine and Root Vegetables,
Blueberry Lemon Pound Cake,
Chicken Sauté with Paprika Sauce,
Chocolate-Chip Ice-Cream-Sandwich Cake with Butterscotch Sauce,https://www.epicurious.com/recipes/food/views/chocolate-chip-ice-cream-sandwich-cake-with-butterscotch-sauce-104842
Green Harissa,
Soy-Glazed Shiitake Mushrooms,https://www.epicurious.com/recipes/food/views/soy-glazed-shiitake-mushrooms-51140500
"Swiss Chard, Bacon, and Ricotta Ravioli with Tomato Sauce",https://www.epicurious.com/recipes/food/views/swiss-chard-bacon-and-ricotta-ravioli-with-tomato-sauce-12699
Vegetable and Feta Baked Frittata,
Lemongrass Pork Patties With Vietnamese Dipping Sauce,https://www.epicurious.com/recipes/food/views/lemongrass-pork-patties-with-vietnamese-dipping-sauce-51237010
"Herbed Goat Cheese, Roasted Beet, and Watercress Salad",
"Pears Poached in Red Wine, Cardamom and Orange",https://www.epicurious.com/recipes/food/views/pears-poached-in-red-wine-cardamom-and-orange-3162
Cameron's Kick,https://www.epicurious.com/recipes/food/views/camerons-kick-200082
"Butternut Squash, Sage, and Goat Cheese Ravioli with Hazelnut Brown-Butter Sauce",
Chicken and Cilantro Bites,
Country Ham Cheesecake,
Fast Favorite Garlic Dill Pickles,
Shrimp and Scallop Curry,
South African Curried Lamb Meatloaf,https://www.epicurious.com/recipes/food/views/south-african-curried-lamb-meatloaf-233539
Chile Jam Chicken With Caramelized Sweet Potatoes and Peaches,https://www.epicurious.com/recipes/food/views/chile-jam-chicken-with-caramelized-sweet-potatoes-and-peaches
"Orange Roughy with Arugula, Garlic and Tomatoes",
"Chicken, Rice, and Mango in Lettuce Wraps",
Ham Steak with Cider Raisin Sauce,
Warm Brussels Sprout and Spinach Salad with Bacon,
Green Poblano Rice (Arroz Verde al Poblano),
Minted Lamb Burgers,
Sausage Links with Apricot-Mustard Glaze,https://www.epicurious.com/recipes/food/views/sausage-links-with-apricot-mustard-glaze-105979
"Asian Shrimp, Pineapple, and Peanut Salad",https://www.epicurious.com/recipes/food/views/asian-shrimp-pineapple-and-peanut-salad-357392
Apple Cheese Quick Bread,
Hold-The-Lime Guacamole,https://www.epicurious.com/recipes/food/views/hold-the-lime-guacamole-56389663
Individual Pear and Maple Cobblers,
Sour Cream Bran Muffins,
Champagne Pick-Me-Up,
Curry-Dusted Scallops with Pea Purée,https://www.epicurious.com/recipes/food/views/curry-dusted-scallops-with-pea-puree-240953
Dark Ginger Rye Cake With Yogurt and Honey,https://www.epicurious.com/recipes/food/views/dark-ginger-rye-cake-with-yogurt-and-honey
Pan-Grilled Paillards of Duck,
Grilled Rib-Eye Steaks with Black Bean Sauce,
Maple-Oatmeal Sandwich Bread,https://www.epicurious.com/recipes/food/views/maple-oatmeal-sandwich-bread-241367
"Sautéed Fennel with Almonds, Raisins, and Saffron",https://www.epicurious.com/recipes/food/views/sauteed-fennel-with-almonds-raisins-and-saffron-243631
Moroccan Chicken with Preserved Meyer Lemons and Green Olives,
Shredded Sweet Potato and Carrot Fritters (Ukoy),https://www.epicurious.com/recipes/food/views/shredded-sweet-potato-and-carrot-fritters-ukoy
Mango-Curry Shrimp Salad in Wonton Cups,
Cornmeal Biscuits with Cheddar and Chipotle,
Baked Camembert with Hazelnut Crust,
Michael Romano's Secret-Ingredient Soup,https://www.epicurious.com/recipes/food/views/michael-romanos-secret-ingredient-soup-51156400
Coconut Chicken Curry With Turmeric and Lemongrass,https://www.epicurious.com/recipes/food/views/coconut-chicken-curry-with-turmeric-and-lemongrass
Hearts of Palm and Artichoke Aguachile Negro,https://www.epicurious.com/recipes/food/views/hearts-of-palm-and-artichoke-aguachile-negro-51264500
Fish with Curried Cucumber Tomato Water and Tomato Herb Salad,https://www.epicurious.com/recipes/food/views/fish-with-curried-cucumber-tomato-water-and-tomato-herb-salad-232307
"Vegetable Couscous, Goat Cheese, and Beets",
Mussels in Green Peppercorn Sauce,https://www.epicurious.com/recipes/food/views/mussels-in-green-peppercorn-sauce-358019
Roast Chicken with Pesto and Potatoes,
Morning Glory,
"Heirloom Tomatoes with Bacon, Blue Cheese, and Basil",
Jerusalem Artichoke and Artichoke Heart Linguine,https://www.epicurious.com/recipes/food/views/jerusalem-artichoke-and-artichoke-heart-linguine-51127600
Potted Shrimp,
Chicken Legs with Achiote Garlic Sauce,
Iced Horchata Latte,
Bacon-Wrapped Corn on the Cob,
"Citrus Shrimp, Rice, and Black Bean Salad",
Mixed Greens with Plums and Marinated Goat Cheese,
Frisée Salad with Cucumber and Radishes,
Filet of Beef Tournelle,https://www.epicurious.com/recipes/food/views/filet-of-beef-tournelle-101487
Sweetened Whipped Cream,https://www.epicurious.com/recipes/food/views/sweetened-whipped-cream-231046
To Trim Artichokes Italian Style,https://www.epicurious.com/recipes/food/views/to-trim-artichokes-italian-style-14975
Chicken Curry with Green Apple and Coconut Chutney,
Spicy Black Beans with Chorizo and Chipotle Cream,https://www.epicurious.com/recipes/food/views/spicy-black-beans-with-chorizo-and-chipotle-cream-353420
Make-Your-Own Salad with Lemon Garlic Dressing,
Red Pepper Hummus,
Pear-Ginger Strudel with Ginger-Custard Sauce,https://www.epicurious.com/recipes/food/views/pear-ginger-strudel-with-ginger-custard-sauce-105841
Acapulco Chicken,
Fennel and Orange Salad with Lemon-Ginger Vinaigrette,
Buttermilk Pancakes with Blueberry Compote,
Roasted Citrus Relish,
Chicken Tikka,
Lord Grey's Peach Preserves,https://www.epicurious.com/recipes/food/views/lord-greys-peach-preserves-366698
Five-Spice Shrimp,
Mixed Vegetable Relish,
Dixie,
Cornmeal Crepes with Ricotta and Ham,https://www.epicurious.com/recipes/food/views/cornmeal-crepes-with-ricotta-and-ham-109667
Quince and Cranberry Sauce,
Mussels with Herbed Bread Crumbs,
Sausage and Broccoli Rabe Torta,
Cinnamon-Sugar Plum Cake,
Middle Eastern Style Yogurt,
Chocolate-Cherry Tart,
"Swordfish, Bacon, and Cherry Tomato Kebabs",
Chipotle-Glazed Apples,
Potato Samosa Tartlets,
Salmon with Pistachio-Basil Butter,https://www.epicurious.com/recipes/food/views/salmon-with-pistachio-basil-butter-1103
"Apple, Endive and Parmesan Salad with Walnut Vinaigrette",
Eggplant and Beef Stir-Fry,
"Steamed Broccoli with Olive Oil, Garlic, and Lemon",
Mexican Pasta with Black Beans,
Sausage and Tomato Quiche,
Oil and Vinegar Potato Salad,
Squid with Ginger-Soy Sauce Marinade,https://www.epicurious.com/recipes/food/views/squid-with-ginger-soy-sauce-marinade-365609
Scallops Verde,
Rack of Lamb with Garlic and Herbs,
"Rosemary, Lemon, and Garlic Leg of Lamb with Roasted Potatoes",
Stir-Fried Cabbage,
Cardamom Pound Cake,
Steamed Mussels in Thai Curry Sauce,
"Couscous with Dried Apricots, Currants, and Pistachios",https://www.epicurious.com/recipes/food/views/couscous-with-dried-apricots-currants-and-pistachios-13240
Asiago-Pepper Frico,
Halvah Mille-Feuilles,
Gratineed Mustard Creamed Onions,
Rum Lime Mousses,
"Chicken Salad with Lentils, Peas and Mint",
Frozen Cognac Parfait and Spirited Fruit Compote,https://www.epicurious.com/recipes/food/views/frozen-cognac-parfait-and-spirited-fruit-compote-105088
"Mahi-Mahi with Blood Orange, Avocado, and Red Onion Salsa",
Apricot and Walnut Varenikis,
Hot Bacon Dressing,
Grilled Apple-and Herb-Marinated Pork Chops and Potatoes,
Turkey Tonnato,
Herbed Cheddar Pita Crisps,https://www.epicurious.com/recipes/food/views/herbed-cheddar-pita-crisps-10742
Hazelnut and Almond Macaroons with Orange Semifreddo,https://www.epicurious.com/recipes/food/views/hazelnut-and-almond-macaroons-with-orange-semifreddo-104904
"Trout with Peppercorn Crust, Bacon and Red Cabbage",
Sorghum Spice Cake,https://www.epicurious.com/recipes/food/views/sorghum-spice-cake-388702
Apple and Fig Custard,https://www.epicurious.com/recipes/food/views/apple-and-fig-custard
Cornbread Stuffing with Fresh and Dried Fruit,
Ratatouille and Goat Cheese Salad with Pesto Vinaigrette,
Lime-Spiked Seafood with Roasted Sweet Potatoes,
Mixed Cherry Tomatoes with Tamarind Dressing,
Crepes with Caramel Sauce and Toasted Pecans,
"Boysenberry, Cranberry and Pink Grapefruit Preserves",
"Chicken with Shallots, Prunes, and Armagnac",https://www.epicurious.com/recipes/food/views/chicken-with-shallots-prunes-and-armagnac-241327
Mushroom Risotto Cakes,
Grilled Chicken Summer Salad,
Tomato-Prosciutto Grilled Cheese,https://www.epicurious.com/recipes/food/views/tomato-prosciutto-grilled-cheese-51183600
Potato and Cabbage Bundles,
"Tomato, Black-Eyed Pea, and Bell Pepper Stew",
Sauteed Cod with Garlic-Herb Vinaigrette and Baked Portobello Mushrooms,https://www.epicurious.com/recipes/food/views/sauteed-cod-with-garlic-herb-vinaigrette-and-baked-portobello-mushrooms-235840
Roast Chicken with Potatoes and Onions,
Lemon and Parsley Skillet-Roasted Fingerling Potatoes,https://www.epicurious.com/recipes/food/views/lemon-and-parsley-skillet-roasted-fingerling-potatoes
Swiss Chard and Herb Tart,
Lemon-Mint Julep,
Blueberry Buttermilk Tart,
Chocolate-Cashew Torte,
Fluffy Cathead Biscuits With Honey Butter,https://www.epicurious.com/recipes/food/views/fluffy-cathead-biscuits-with-honey-butter
Snow-Cap Margarita,
Fontina Risotto Cakes with Fresh Chives,https://www.epicurious.com/recipes/food/views/fontina-risotto-cakes-with-fresh-chives-231263
Green Goddess Cocktail,https://www.epicurious.com/recipes/food/views/green-goddess-cocktail-56389526
"Tamarind-Braised Short Ribs with Truffle Sunchoke Purée, Watercress Purée, and Glazed Chanterelle Mushrooms",https://www.epicurious.com/recipes/food/views/tamarind-braised-short-ribs-with-truffle-sunchoke-puree-watercress-puree-and-glazed-chanterelle-mushrooms-51192810
Lemon-Herb Roast Chicken,
Chicken Velouté,
Sweet Potato Chips,
"Halibut Confit With Leeks, Coriander, and Lemon",
Peanut Butter Banana Cream Pie,
Chorizo Tamales,
Indian-Spiced Chicken With Tomato and Cream,https://www.epicurious.com/recipes/food/views/indian-spiced-chicken-with-tomato-and-cream-51214470
Pasta With Delicata Squash and Sage-Brown Butter,
Spinach-Cheddar Casserole,
White Chocolate and Raspberry Cheesecake,
Sauternes-Soaked Genoise with Candied Kumquats,https://www.epicurious.com/recipes/food/views/sauternes-soaked-genoise-with-candied-kumquats-109135
Southwestern Shepherd's Pie,
Hot Milk Cakes with Strawberries and Cream,
"Traditional Boiled Beef with Spinach Purée, Apple Horseradish Sauce, and Baby Vegetables",https://www.epicurious.com/recipes/food/views/traditional-boiled-beef-with-spinach-puree-apple-horseradish-sauce-and-baby-vegetables-231040
Barnum,https://www.epicurious.com/recipes/food/views/barnum-200472
Thai Chile-Herb Dipping Sauce,
Breakfast Banh Mi Sandwich with Eggs and Sausage,https://www.epicurious.com/recipes/food/views/breakfast-banh-mi-sandwich-with-eggs-and-sausage-51252290
Olive and Fennel Tuna Melts,
Potage Saint-Germain,
Mint Limeade,
Glazed Duck with Clementine Sauce,
Parmesan Monkfish with Pastina Pasta and White Clam Sauce,https://www.epicurious.com/recipes/food/views/parmesan-monkfish-with-pastina-pasta-and-white-clam-sauce-235883
Shrimp Toast with Pickled Ginger,
Hazelnut-Topped Apricot Bar Cookies,
Mushroom and Onion Gratins,
Lemony Rice Soup with Ham and Spring Vegetables,
"Detox Pho with Beef, Mushrooms, and Kale",https://www.epicurious.com/recipes/food/views/detox-pho-with-beef-mushrooms-and-kale-51260370
Warm Orzo Salad with Grilled Shrimp and Feta Downer-Hazell,https://www.epicurious.com/recipes/food/views/warm-orzo-salad-with-grilled-shrimp-and-feta-downer-hazell-15273
Chocolate Truffle Croquembouche,
Grilled Salmon in Corn Husks,
Tofu Rigatoni Casserole,
"White Chocolate, Cranberry, and Macadamia Nut Cookies",
Strawberry Preserves with Black Pepper and Balsamic Vinegar,
No-Bake Lemon Cream Tart,
Peppered Pork Tenderloin with Cherry Salsa,
Frozen Coffee-Fudge Torte with Vanilla Caramel Sauce,
Nutcracker Tart,
Crab with Dill on Cayenne Toasts,
Bulgur Risotto with Corn and Shrimp,
Mixed Spring Vegetables,
Purslane and Avocado Tacos with Pico de Gallo,https://www.epicurious.com/recipes/food/views/purslane-and-avocado-tacos-with-pico-de-gallo-51240610
Quinoa-Batter Fish Fry,https://www.epicurious.com/recipes/food/views/quinoa-batter-fish-fry-56389907
Chicken and Swiss Chard Enchilada Casserole,
Orecchiette with Broccoli Rabe and Fried Chickpeas,
"Irish ""Bacon"" and Cabbage",
White Cheddar Puffs with Green Onions,
Napa Valley Basil-Smoked Burgers,https://www.epicurious.com/recipes/food/views/napa-valley-basil-smoked-burgers-355970
Orange-Honey Sauce,
Fried Chicken Sandwich with Slaw and Spicy Mayo,
Stir-Fried Black Rice with Fried Egg and Roasted Broccoli,
Pork Medallions with Mustard-Chive Sauce,
Peppered Goat Cheese and Walnut Croutons,
Sweet Corn Tamale,
"Fruit Salad with Herb, Citrus, Mint-Maple, or Basic Syrup",
Steamed Whole Red Snapper with Asian Flavors,
"Watermelon, Arugula, and Pine Nut Salad",https://www.epicurious.com/recipes/food/views/watermelon-arugula-and-pine-nut-salad-109628
Foragers' Pie,
"Arugula, Blood Orange, and Blue Cheese Salad",
Chocolate Brownies with Orange Cream Cheese Frosting,
Beet and Arugula Salad,
Pasta with Grilled Vegetables and Feta,
"Grilled Chorizo, Goat Cheese, and Watercress Pita Pizzas",
Cucumber Nori Rolls,
Spiced Plum Chutney,
"Turkey, Tomato, Ricotta, and Mozzarella Lasagne",
Tecate Skirt-Steak Tacos,https://www.epicurious.com/recipes/food/views/tecate-skirt-steak-tacos-56389643
Vanilla-Maple French Toast with Warm Berry Preserves,https://www.epicurious.com/recipes/food/views/vanilla-maple-french-toast-with-warm-berry-preserves-231281
Spicy Lamb Stew with Apricots and Cardamom,
Saffron-Cardamom Rice,
Grilled Ham and Gouda Sandwiches with Frisée and Caramelized Onions,https://www.epicurious.com/recipes/food/views/grilled-ham-and-gouda-sandwiches-with-frisee-and-caramelized-onions-231733
Lemon-Herb Turkey with Lemon-Garlic Gravy,
Italian Sausage Rolls,
Lemon Pudding Cake with Cranberry Syrup,
"Poached Eggs with Roasted Tomatoes, Mushrooms, and Ham",
"Gingerbread with Dried Fig, Apricot and Cherry Compote",
Watermelon Sorbet with Wine Basil Gelée,https://www.epicurious.com/recipes/food/views/watermelon-sorbet-with-wine-basil-gelee-109666
"Salad of Winter Greens, Walnuts, Roasted Beets and Goat Cheese",
Spicy Cucumber-Avocado Soup,
Garlic Roast Pork,
Orange Angel Food Cake with Caramel Sauce and Tropical-Fruit Compote,https://www.epicurious.com/recipes/food/views/orange-angel-food-cake-with-caramel-sauce-and-tropical-fruit-compote-352097
"Scallops with Bell Peppers, Tomatoes, Avocado and Mango",
"Apple, Goat Cheese, and Honey Tartlets",
Walnut Cake,
Laxmi's Fresh Coconut Milk,https://www.epicurious.com/recipes/food/views/laxmis-fresh-coconut-milk-101278
Roasted Canadian Bacon,
"Beef, Mushroom, and Broccoli Stir-Fry",
Nectarine and Mascarpone Tart in Gingersnap Crust,https://www.epicurious.com/recipes/food/views/nectarine-and-mascarpone-tart-in-gingersnap-crust-106868
Turkey Soup with Orzo and White Beans,
Brown Turkey Stock,
Berry-Yogurt Smoothie,
Jalebi,https://www.epicurious.com/recipes/food/views/ba-syn-jalebi
Mushroom Barley Soup,
Whispers of the Forest,https://www.epicurious.com/recipes/food/views/whispers-of-the-forest-200233
Ivory Carrot Soup with a Fine Dice of Orange Carrots,https://www.epicurious.com/recipes/food/views/ivory-carrot-soup-with-a-fine-dice-of-orange-carrots-51153210
Beet and Goat Cheese Tartines,
"Black Bean, Sausage, and Sweet Potato Soup",
Roasted-Almond Ricotta Pesto with Olives,https://www.epicurious.com/recipes/food/views/roasted-almond-ricotta-pesto-with-olives-354480
"Rice with Summer Squash, Red Peppers, and Roasted Pepitas",https://www.epicurious.com/recipes/food/views/rice-with-summer-squash-red-peppers-and-roasted-pepitas-353400
"Potato, Cucumber, and Fresh Dill Salad",
Hearty Lamb and Vegetable Stew,
Cucumbers in Yogurt,
Beef and Green Pepper Stir-Fry,
Charred Romaine Greek Salad With Quinoa-Crusted Feta,https://www.epicurious.com/recipes/food/views/charred-romaine-greek-salad-with-quinoa-crusted-feta-56389585
Island Rum Punch,
Classic Meat Loaf with Roasted Vegetables,
Ziti with Skillet-Roasted Root Vegetables,
"Pork, Vegetable, and Tamarind Stew",https://www.epicurious.com/recipes/food/views/pork-vegetable-and-tamarind-stew
Irish Weekend Fry-Up,https://www.epicurious.com/recipes/food/views/irish-weekend-fry-up-51145610
Butter Pastry Dough,
Spiced Pumpkin Soup,
Chipotle Mayonnaise Dip with Carrots,
Seafood Salad with Fennel and Green Beans,
"Corn, Tomato, and Lobster Salad",https://www.epicurious.com/recipes/food/views/corn-tomato-and-lobster-salad
New Potatoes Stuffed with Smoked Salmon and Horseradish,
Chilled Zucchini Soup with Lemon-Cumin Shrimp and Cilantro Cream,https://www.epicurious.com/recipes/food/views/chilled-zucchini-soup-with-lemon-cumin-shrimp-and-cilantro-cream-354300
Orange and Ginger Mayonnaise,
Roasted Potato Slices with Caviar,
S'mores with a Twist,
Quickest Madeira-Mushroom Gravy,
"Tuna, Fresh Mozzarella, and Basil Pizza",https://www.epicurious.com/recipes/food/views/tuna-fresh-mozzarella-and-basil-pizza-242120
Oatmeal Trail Mix Cookies,
"Chicken, Black Bean and Goat Cheese Toastadas",https://www.epicurious.com/recipes/food/views/chicken-black-bean-and-goat-cheese-toastadas-4498
Coconut Tofu,
Blackberry and Hazelnut Sundaes,
Asian Dumpling Soup,
Licorice Pudding,
Milk-Braised Pork,
Foster's Omelets,
Lemon Tart,
Baby Bellini,
Pasta with Arugula and Plum Tomatoes,
Vegetarian Mushroom Gravy,
Herbed Lamb Chops with Pinot Noir Sauce,
Cheddar Jalapeño Corn Sticks,
Frozen Brandy Alexander,
Scrambled Egg Pasta,
"""Top Tier"" Devil's Food Cake with Sour Cream-Fudge Frosting",
Green Goddess Spinach Dip,
Hearts of Romaine with Blue Cheese and Caper Dressing,https://www.epicurious.com/recipes/food/views/hearts-of-romaine-with-blue-cheese-and-caper-dressing-1164
Wild Rice Dressing with Apples and Chestnuts,
Basmati Rice,
Smoked Trout Mousse,
French Apple-Almond Tart,
Roasted Chicken with Za'atar Stuffing,
Cashew Orange Biscotti,
Pear Cobbler with Dried Blueberries and Stone-Ground Corn Biscuits,
Sweet Potato Bread with Caramel and Aleppo-Spiced Pecans,https://www.epicurious.com/recipes/food/views/sweet-potato-bread-with-caramel-and-aleppo-spiced-pecans-51249830
Grilled Chicken with Soy-Lime Sauce,
"Butternut Squash, Rosemary, and Blue Cheese Risotto",
Shallot Yogurt,https://www.epicurious.com/recipes/food/views/shallot-yogurt-51169580
"Morel, Ham and Brie Omelet",https://www.epicurious.com/recipes/food/views/morel-ham-and-brie-omelet-1656
Chickpeas and Chard with Poached Eggs,
Shrimp Cakes with Wasabi Vinaigrette,https://www.epicurious.com/recipes/food/views/shrimp-cakes-with-wasabi-vinaigrette-107191
Mixed Berry Pie Bars,
Warm Cauliflower and Herbed Barley Salad,
Egg Salad Tartines With Mixed Herbs,https://www.epicurious.com/recipes/food/views/ba-syn-egg-salad-tartines-with-mixed-herbs
Vegetarian Red Pozole with Red Beans,https://www.epicurious.com/recipes/food/views/vegetarian-red-pozole-with-red-beans-369571
Brook Trout Müllerin,https://www.epicurious.com/recipes/food/views/brook-trout-mullerin-51208420
Italian Sausage Pasta Salad,
Orange-Almond Lace Cookies,
Duck Confit Hash,
Fettucine with Porcini Mushroom Sauce,
Mango and Coconut Rice Salad,
Hurricane Marilyn's Couscous and Lentil Salad,https://www.epicurious.com/recipes/food/views/hurricane-marilyns-couscous-and-lentil-salad-14177
Hot Rum Toddy,
Grilled Ratatouille Salad with Feta Cheese,
Caldo Tlalpeno,
Fresh Citrus Compote,
Chocolate Orange Cheesecake with Orange-Tangerine Glaze,
"Succotash of Fresh Corn, Lima Beans, Tomatoes and Onions",
Upside-Down Butterscotch Apple Sour Cream Cake,
Chocolate and Pecan Tartlets,
Lobster and Stone Crab Enchilado,
Crab and Corn Chowder with Bacon,
Cream Cheese and Chive Scrambled Eggs,
Roasted Chicken Wings with Smoked-Paprika Mayonnaise,
"Steak with Ham, Provone and Mushroom Sauce",
Tofu Stir Fry,
Grilled Spice-Rubbed Skirt Steak,
Caramelized-Nectarine and Ginger Shortcakes with Sour Cream,
Smoked Salmon and Chive Mascarpone Mousse with Pink Pickled Onions,https://www.epicurious.com/recipes/food/views/smoked-salmon-and-chive-mascarpone-mousse-with-pink-pickled-onions-13083
Croissant Egg Sandwiches,
Oat Crisps with Blueberries and Crème Fraîche,
Provençal Chicken Stew,
"Grilled Leg of Lamb with Red Wine, Garlic, Mustard and Sage",
Cocoa-Peanut Butter Heart-Shaped Sandwich Cookies,
Spicy Butternut Squash with Bacon and Lime,
Chocolate-Covered Poached Pears with Apricot-Pecan Stuffing and Chile Sabayon,https://www.epicurious.com/recipes/food/views/chocolate-covered-poached-pears-with-apricot-pecan-stuffing-and-chile-sabayon-231941
Ginger Molasses Lace Cookies,
Sweet Spiced Nuts,
Blueberry-Lime Ice Pops,https://www.epicurious.com/recipes/food/views/blueberry-lime-ice-pops-1222203
Mexican Grasshopper,
Fig and Fennel Bread,
Roast Chicken with Potatoes and Olives,
Bacon-Wrapped Salmon with Wilted Spinach,
Semolina–Lemon Syrup Cakes,https://www.epicurious.com/recipes/food/views/semolina-lemon-syrup-cakes
Pork Tenderloin with Apricot Mustard,
Chocolate Mint Layer Cake with Mint Cream Cheese Frosting,
Froth Blower,
Chocolate-Raspberry Soufflé,
Herbed Faux-tisserie Chicken and Potatoes,https://www.epicurious.com/recipes/food/views/herbed-faux-tisserie-chicken-and-potatoes-51224020
Lobster Claw Toasts,https://www.epicurious.com/recipes/food/views/lobster-claw-toasts-236656
Warm Goat-Cheese Timbales,
Agave-Glazed Turkey Breast with Sherry Gravy,https://www.epicurious.com/recipes/food/views/agave-glazed-turkey-breast-with-sherry-gravy-369377
Citrus-Infused Custard Sauce,
Beet Carpaccio,
Cornish Hens with Caraway Cabbage,
Cold Sesame Spinach,https://www.epicurious.com/recipes/food/views/cold-sesame-spinach-11730
"Chocolate, Pecan, and Pumpkin Seed Pie With Gingersnap Crust",https://www.epicurious.com/recipes/food/views/chocolate-pecan-and-pumpkin-seed-pie-with-gingersnap-crust-56390158
Three-Cheese Chicken Breasts in Tomato Sauce,https://www.epicurious.com/recipes/food/views/three-cheese-chicken-breasts-in-tomato-sauce-434
Goat Cheese Cake with Mixed Berries,https://www.epicurious.com/recipes/food/views/goat-cheese-cake-with-mixed-berries-51169420
Ceviche Clásico (Classic Ceviche),https://www.epicurious.com/recipes/food/views/ceviche-clasico-classic-ceviche-56389772
Gingerbread,
Smoked Salmon Toasts with Malt Vinegar Syrup,https://www.epicurious.com/recipes/food/views/smoked-salmon-toasts-with-malt-vinegar-syrup-388795
Turkey Sausage-Spinach Lasagna with Spicy Tomato Sauce,
"Bulgur and Black-Eyed Pea Salad with Tomatoes, Onions, and Pomegranate Dressing",
Espagnole Sauce,
Rum Raisin Shortbread,https://www.epicurious.com/recipes/food/views/rum-raisin-shortbread-363335
Biddy's Flapjacks,
Raspberry Fool,
Salted Chocolate Caramel Tart,
Carroty Mac and Cheese,
Chilled Honey-Roasted Peach and Cardamom Soup with Vanilla Cream,https://www.epicurious.com/recipes/food/views/chilled-honey-roasted-peach-and-cardamom-soup-with-vanilla-cream-235579
Wagon-Wheel Pasta & Goat Cheese,https://www.epicurious.com/recipes/food/views/wagon-wheel-pasta-goat-cheese-243107
Braised Eggplant with Onion and Tomato,
Red Pea Bisque with Rum Flambé,
Turkey with Chardonnay and Herbs,
No-Bake Butterscotch-Coconut Cookies,https://www.epicurious.com/recipes/food/views/no-bake-butterscotch-coconut-cookies
Crispy Roast Duck with Blackberry Sauce,
Crostini,
Tuscan Turkey Soupy Noodles,https://www.epicurious.com/recipes/food/views/tuscan-turkey-soupy-noodles-358113
Indian-Spiced Sturgeon with Mint Yogurt Sauce,
Apricot Miso Jam,https://www.epicurious.com/recipes/food/views/apricot-miso-jam-395450
Braised Turnip Greens with Turnips and Apples,
Chicken and Vegetable Sauté Over Herbed Polenta Triangles,
Summer Rolls with Baked Tofu and Sweet-and-Savory Dipping Sauce,
Apple Noodle Kugel,
Scrambled Eggs with Sausage and Thyme,
"Penne with Tuna, Basil, and Lemon",
Pecan-Vanilla Tea Bread,
Peanut Butter and Chocolate Pie,
Blown Eggs,
Currant Mustard-Glazed Ham,
Shrimp Tempura with Lemon and Olive Mayonnaise,
Soba Salad with Miso Dressing,https://www.epicurious.com/recipes/food/views/soba-salad-with-miso-dressing-51156200
Roasted Savoy Cabbage with Raisins,
Caramelized Pineapple Sundaes with Chocolate-Coconut Sauce,
Vanilla Peach Pie,
Maryland Fried Chicken with Cream Gravy,
Cinnamon-Chocolate Brownies with Chocolate Ganache,
Snappy Red Bell Pepper Dip with Shrimp,
Lemon-Coriander Game Hens,
Sea Scallops with Cilantro Gremolata and Ginger Lime Beurre Blanc,
Smoked Cheddar-Jalapeño Ranch Meat Loaf,
Ginger Marmalade Chicken Salad,
Greek Chicken and Potatoes,
Southwestern Club Sandwich,https://www.epicurious.com/recipes/food/views/southwestern-club-sandwich-86
Rosemary-Roasted Salmon,
"Chicken, Arugula and Red Bell Pepper Sandwiches",
Curried Chicken Coconut Noodle Soup,
Seared Scallops with Brussels Sprouts and Bacon,
Rum Punch,
Pâte Brisée,https://www.epicurious.com/recipes/food/views/pate-brisee-101581
Grilled Pork Tenderloin with Molasses and Mustard,
"Black Bean, Green Pepper, and Red Onion Dip",
Chinese Beef Noodle Soup,
Sensation,
Mustard-Roasted Chicken with Warm Frisée Salad and Fingerlings and Bacon,
Hazelnut Linzertorte with Cranberry-Apricot Filling,https://www.epicurious.com/recipes/food/views/hazelnut-linzertorte-with-cranberry-apricot-filling-105847
Lemon Ice Cream,
"Roasted Vidalia Onion, Cherry Tomato, and Bacon Salad",
Glazed Japanese Chicken Meatballs on Skewers,https://www.epicurious.com/recipes/food/views/glazed-japanese-chicken-meatballs-on-skewers-51237210
Spinach and Leek Gratin with Roquefort Crumb Topping,https://www.epicurious.com/recipes/food/views/spinach-and-leek-gratin-with-roquefort-crumb-topping-232888
Mussels with Basil Cream,
Tarragon and Lemon Roast Chicken,https://www.epicurious.com/recipes/food/views/tarragon-and-lemon-roast-chicken-56390090
Mediterranean Vinaigrette,
Pan-Roasted Halibut with Herbed Corona Beans,https://www.epicurious.com/recipes/food/views/pan-roasted-halibut-with-herbed-corona-beans-51263770
Caramel-Nut Tart,
"Cheddar, Bacon, and Fresh Chive Biscuits",
Bell Pepper and Dried Apricot Chutney,https://www.epicurious.com/recipes/food/views/bell-pepper-and-dried-apricot-chutney-107375
Mustard-Braised Chicken,
Cecil Pick-Me-Up,https://www.epicurious.com/recipes/food/views/cecil-pick-me-up-200443
"Blinis with Tapioca Caviar, Candied Fruits, Toasted Pecans, and Crème Fraîche",https://www.epicurious.com/recipes/food/views/blinis-with-tapioca-caviar-candied-fruits-toasted-pecans-and-creme-fraiche-236795
Vanilla Bean Pound Cake with Sour Cream Ice Cream and Strawberries,
Spinach Soufflé with Roasted Red Pepper Sauce,
Bell Peppers with Shrimp and Coconut Rice,
Bananas Foster Coffee Parfaits,
Grilled Corn and Shrimp Salad,
Grilled Mango,
Sweet Potato Corn Bread,
Steamed Artichokes with Herb-Caper Mayonnaise,https://www.epicurious.com/recipes/food/views/steamed-artichokes-with-herb-caper-mayonnaise-241907
Garlic-Lemon Croutons,
Catfish and Okra with Pecan Butter Sauce,https://www.epicurious.com/recipes/food/views/catfish-and-okra-with-pecan-butter-sauce-236398
Potato and Cheese Ravioli with Fresh Tomato Sauce,
Pork Loin Stuffed with Fuji Apples,
"Iroquois Stew with Beef, Chicken and Pork",https://www.epicurious.com/recipes/food/views/iroquois-stew-with-beef-chicken-and-pork-865
Brussels Sprouts with Chestnuts and Bacon,
Lemony Green Beans and Peas,
Dilled Tuna-Cucumber Salad,
Pear-Cranberry Mincemeat Lattice Pie,
Citrus-Stuffed Branzini,https://www.epicurious.com/recipes/food/views/citrus-stuffed-branzini
"Potato, Cheddar, and Chive Soup",
Buttermilk Pancakes with Caramelized Bananas,
Rice Pudding,
"Roasted Green Bean, Red Onion, and Beet Salad",
"Beef, Barley, and Vegetable Soup",
Roasted Red Pepper Tomato Sauce,
Mint Raita,
Minted Gin Pineapple Cocktail,
Romaine Wedges with Tangy Blue Cheese Vinaigrette,https://www.epicurious.com/recipes/food/views/romaine-wedges-with-tangy-blue-cheese-vinaigrette-241848
Egg Noodles with Morel Mushrooms and Garbanzo Beans,
Sweet Potato and Brussels Sprout Okonomiyaki,
Florida Jambalaya,
Gumbo Z'herbes with Red Beans,https://www.epicurious.com/recipes/food/views/gumbo-zherbes-with-red-beans-14272
Tiramisu Yule Log,
Peel-and-Eat Hot Pepper Shrimp,
"Scottish Salmon with Shallot-Truffle Honey Glaze, Lump Crab and Green Apple Risotto, and Quince Jam",https://www.epicurious.com/recipes/food/views/scottish-salmon-with-shallot-truffle-honey-glaze-lump-crab-and-green-apple-risotto-and-quince-jam-363590
Asian Turkey-Noodle Soup with Ginger and Chiles,
Quick and Rich Turkey Stock,
Smokey Clam Chowder,
Hearty Beef and Vegetable Soup,
Sour Cherry Salsa,
Summer Punch,
Beer Americano,
Beet and Sugar Snap Pea Salad,
Jacques's Savory-Stuffed Roast Chicken,https://www.epicurious.com/recipes/food/views/jacquess-savory-stuffed-roast-chicken-102263
Papaya Salsa,
Strawberry Lemon Bavarian Cake,
Salmon with Horseradish,
Roasted-Pepper and Chicken Heros,
Sweet Potato and Kim Chi Pancakes,
Hemingway Daiquiri,
Lemon-Whiskey Bundt Cake,
Fresh Tuna Sandwich,
Chicken Soup with Root Vegetables,
Dried-Fruit Mincemeat Pie,
Veal Breast Stuffed with Corn Bread and Sausage,
Fig and Pistachio Stuffing,
Pickled Beet and Endive Salad with Goat Cheese and Walnuts,
Raspberry-Cassis Ice Cream,https://www.epicurious.com/recipes/food/views/raspberry-cassis-ice-cream-235175
Zucchini Ribbons with Tarragon,https://www.epicurious.com/recipes/food/views/zucchini-ribbons-with-tarragon-242587
Grilled Chicken Breasts in Spiced Yogurt,
Lobster Pasta with Herbed Cream Sauce,
Spring Carrots with Yellow Rice,
Lemon and Pistachio Praline Meringue Torte,https://www.epicurious.com/recipes/food/views/lemon-and-pistachio-praline-meringue-torte-446
Crispy Celery Salad,
Porterhouse Steaks with Arugula and Parmesan Cheese,https://www.epicurious.com/recipes/food/views/porterhouse-steaks-with-arugula-and-parmesan-cheese-106845
Colcannon,https://www.epicurious.com/recipes/food/views/ba-syn-colcannon
Pear and Raspberry Phyllo Flowers,
Pollo en Pipian Verde,
Blueberry-Lemon Bread,
Eye Opener I,
Quick Anadama Bread,
Brown Rice and Barley,
Pork Dumplings,
Black Gold Cookies,
Oat and Apple Pancakes With Yogurt,
Warm Frisée Salad with Fingerlings and Bacon,
Lemon-Pepper Chicken,
"Herb-Grilled Chicken Breasts, Thai Style",
Collards,
Mango BBQ'd-Grilled Swordfish,
Red Snapper Chowder,
Spicy Chicken Cacciatore,
Pumpkin Hazelnut Compote,
Simple Syrup II,
Broiled Peaches with Cookie-Crumb Topping,
Garbanzo Bean and Tahini Burgers,
Green Dragon I,
Instant Veal Piccata,
Almond French Toast,
Pineapple Grapefruit Punch,
Grilled Hearts of Romaine with Blue Cheese Vinaigrette and Pickled Onions,https://www.epicurious.com/recipes/food/views/grilled-hearts-of-romaine-with-blue-cheese-vinaigrette-and-pickled-onions-363190
Chestnut and Bacon Dressing,
"Cauliflower with Bacon, Capers, Peppers, and Raisins",
Steamed Mussels with Lemon-Saffron Sauce,
Orange Fluff Mold,
Cheese Ravioli with Herbs in Meat Broth,
Large Shell Pasta with Seafood Sauce,
Mushroom Salad with Endive and Roquefort Cheese,https://www.epicurious.com/recipes/food/views/mushroom-salad-with-endive-and-roquefort-cheese-105070
Peach and Passion-Fruit Phyllo Tarts,https://www.epicurious.com/recipes/food/views/peach-and-passion-fruit-phyllo-tarts-100748
Roasted Zucchini and Yogurt Spread,
"Crispy Brown Rice ""Kabbouleh""",https://www.epicurious.com/recipes/food/views/crispy-brown-rice-kabbouleh-51236470
My Mother's Italian-American Meatloaf,https://www.epicurious.com/recipes/food/views/my-mothers-italian-american-meatloaf-232204
Sweet Bell Pepper and Onion Salad,
Banana Cream Pie with Chocolate-Chip-Cookie Crust,
Lamb Kebabs with Pomegranate-Cumin Glaze,
"Crown Roast of Lamb with Shallots, Mustard and Mint",https://www.epicurious.com/recipes/food/views/crown-roast-of-lamb-with-shallots-mustard-and-mint-1818
Green Beans and Zucchini with Sauce Verte,https://www.epicurious.com/recipes/food/views/green-beans-and-zucchini-with-sauce-verte-359389
Citrus Cooler,
Steamed Radishes with Lemon Dill Butter,
Almond Cookies,
Pelau,
Macaroni and Cheese with Prosciutto and Taleggio,https://www.epicurious.com/recipes/food/views/macaroni-and-cheese-with-prosciutto-and-taleggio-235816
Spicy Lamb and Lentils,
Balsamic-Strawberry Pops,
Roast Wild Turkey with Blue Cornbread-Shrimp Stuffing,
Cider-Caramel Sauce,
"Purple Potato, Sugar Snap Pea, and Mint Salad",
Iceberg and Watercress Salad with Blue Cheese Dressing,
Pine Nut Dolmades with Yogurt-Feta Dip,https://www.epicurious.com/recipes/food/views/pine-nut-dolmades-with-yogurt-feta-dip-1643
Crispy Chicken with Shallots,
Roasted Bell Pepper Bruschetta,
"Farro with Pistachios, Mixed Herbs, and Golden Raisins",https://www.epicurious.com/recipes/food/views/farro-with-pistachios-mixed-herbs-and-golden-raisins
Chile-Infused Aperol,https://www.epicurious.com/recipes/food/views/chile-infused-aperol-51161010
Chicken Athena,
Roasted Bell Pepper and Onion Tart,
Angel Hair Pasta with Broccoli and Herb Butter,
Frisée and Endive Salad with Warm Brussels Sprouts and Toasted Pecans,
Lamb and Zucchini Fusilli Tossed with Basil Butter,
Riesling-Braised Sauerkraut and Apples,https://www.epicurious.com/recipes/food/views/riesling-braised-sauerkraut-and-apples-107225
Beet Yogurt with Herbs,https://www.epicurious.com/recipes/food/views/beet-yogurt-with-herbs-51169090
"Peach, Prosciutto, and Goat-Cheese Pizzas",
Apple Streusel Tart with Honey Crust,
Thai-Style Seafood Salad with Herbs,
Vietnamese Chicken Noodle Soup,
Sorbet in Grapefruit Cups,https://www.epicurious.com/recipes/food/views/sorbet-in-grapefruit-cups-56389731
Grilled Spice-Rubbed Pork with Tomato Garlic Sauce,
Sweet Potato Soup,
Sunday Frittata with Frizzled Leeks,https://www.epicurious.com/recipes/food/views/sunday-frittata-with-frizzled-leeks-51186240
Eggs Baked in Crispy Prosciutto Baskets,https://www.epicurious.com/recipes/food/views/eggs-baked-in-crispy-prosciutto-baskets-recipe
Forager Sandwich,https://www.epicurious.com/recipes/food/views/forager-sandwich-51248210
"Pork Chops with Cranberry, Port, and Rosemary Sauce",
Smoked Turkey in Fancy Coats,
Blue Cheese and Pecan Crackers,
Saffron and Leek Butter,
"Bread Pudding with Dried Apricots, Dried Cherries and Caramel Sauce",
"Creamy Mint-Cilantro ""Chutney""",
Beef and Avocado Fajitas,
Classic Sangria,
Turkey Reubens,
"Green Bean, Yellow Pepper, and Bacon Salad with Oregano Vinaigrette",
"Cornbread Casserole and Butternut Squash, Mushrooms, and Ancho Mole",https://www.epicurious.com/recipes/food/views/cornbread-casserole-and-butternut-squash-mushrooms-and-ancho-mole-233151
Panna Cotta with Fresh Berries and Red Berry Juice,
Cheddar Corn Muffins with Jalapeño Butter,
Tarragon Shallot Egg Salad Sandwiches,https://www.epicurious.com/recipes/food/views/tarragon-shallot-egg-salad-sandwiches-107974
Green Onion-Dill Matzo Balls,
Hot and Sticky Apricot-Glazed Chicken,
"Red Cabbage Salad with Green Apple, Lingonberry Preserves, and Toasted Walnuts",https://www.epicurious.com/recipes/food/views/red-cabbage-salad-with-green-apple-lingonberry-preserves-and-toasted-walnuts-356771
Curried Plum and Green Bean Stir-Fry,
Raisin Rye Bread,
Parmesan Polenta Squares,
Spiced Sweet Potato Bundt Cake,
"Squid Salad with Cucumber, Watercress, and Cilantro",https://www.epicurious.com/recipes/food/views/squid-salad-with-cucumber-watercress-and-cilantro-56389674
Pousse l'Amour,https://www.epicurious.com/recipes/food/views/pousse-lamour-200449
Grilled Leg of Lamb with Thyme and Allspice,
Potato Nests with Sauteed Shiitake Mushrooms,https://www.epicurious.com/recipes/food/views/potato-nests-with-sauteed-shiitake-mushrooms-11581
"Watercress, Radish, and Endive Salad with Mustard Seed Vinaigrette",
Milk Chocolate and Orange Hot Chocolate,
Double-Crusted Turkey Sausage Pizza,
Herbed Bean and Pasta Soup,
Pineapple Celery Punch,
Fig Balsamic-Glazed Duck with Pearl Onion and Pear Hash,https://www.epicurious.com/recipes/food/views/fig-balsamic-glazed-duck-with-pearl-onion-and-pear-hash-231436
Winter Salsa with Chipotle and Orange,
Orange-Soy-Braised Pork Ribs,
Lemon and Salmon Roe Pasta,
Marjoram-Honey Vinaigrette,https://www.epicurious.com/recipes/food/views/marjoram-honey-vinaigrette-240032
Lebkuchen Spice Mix (Lebkuchengewurz),https://www.epicurious.com/recipes/food/views/lebkuchengewurz-lebkuchen-spice-mix
"Fennel with Shallots, Rosemary and Goat Cheese",https://www.epicurious.com/recipes/food/views/fennel-with-shallots-rosemary-and-goat-cheese-15647
To Finely Grate Parmigiano-Reggiano,https://www.epicurious.com/recipes/food/views/to-finely-grate-parmigiano-reggiano-107726
Mango and Red Onion Chutney,
Sauteed Leek and Sausage Omelet,
Molasses Jumbos with Ginger Filling,https://www.epicurious.com/recipes/food/views/molasses-jumbos-with-ginger-filling-235643
Barbecued Cheddar Burgers,
Spicy Spinach and Goat Cheese Pizzas,
Prune Armagnac Sorbet,
Moroccan Chicken with Green Olives and Lemon,
Cranberry-Citrus Sorbet,
Bunuelos de Chorizo,https://www.epicurious.com/recipes/food/views/bunuelos-de-chorizo-362991
Penne Puttanesca with Chicken,
"Rosemary-Brined, Buttermilk Fried Chicken",
Grilled Chicken with Peach and Apple Salsa,
Chili-Braised Boneless Short Ribs,
Porcini-Rubbed Beef Rib Roast,https://www.epicurious.com/recipes/food/views/porcini-rubbed-beef-rib-roast
Balsamic Short Ribs,
Whole Wheat Cinnamon Sticky Buns,
California Rolls,
Chicken with Parsley and Thyme Stuffing and Roasted Potatoes,
"Tomato, Eggplant and Black Olive Sauce with Rosemary",
Steak in Lettuce Rolls,
Frozen Papaya and Passion-Fruit Rum Cocktail,
Southeast Asian Steak Salad,
"Roasted Beet, Shallot and Pecan Salad",
Country Ham with Redeye Gravy,https://www.epicurious.com/recipes/food/views/country-ham-with-redeye-gravy-56389462
Tri-Tip With Chimichurri,
Quick Minestrone Soup,
Beef Sates with Peanut Sauce,https://www.epicurious.com/recipes/food/views/beef-sates-with-peanut-sauce-234637
Scallops with Spice Oil,
Tropical Fruit Kebabs with Lime Cream,
Arnie’s Gimlet Slush,https://www.epicurious.com/recipes/food/views/arnies-gimlet-slush
Tomato Relish,
Seared Tuna Steaks with Wasabi-Green Onion Mayonnaise,
Favortie,https://www.epicurious.com/recipes/food/views/favortie-200513
Fennel-Crusted Ahi Tuna with Lemon Aïoli Over Couscous,https://www.epicurious.com/recipes/food/views/fennel-crusted-ahi-tuna-with-lemon-aioli-over-couscous-232551
Strawberry Daiquiri Slush with Honeydew Melon,
"Mahimahi with Onion, Capers, and Lemon",https://www.epicurious.com/recipes/food/views/mahimahi-with-onion-capers-and-lemon-234257
My Green Papaya Salad,
Pumpkin Cheesecake with Bourbon Sour Cream Topping,
Spiced Pork Tenderloin and Avocado Salsa,
Baked Fish Sticks Diablo,https://www.epicurious.com/recipes/food/views/baked-fish-sticks-diablo-107697
Grapefruit and White Beets with Yogurt and Tarragon,
Blackberry-Poblano Margarita,
Warm Red Cabbage Salad with Roast Chicken and Gorgonzola Cheese,
Passion-Fruit Caipirinha,
"Iceberg with Tomatoes, Blue Cheese, and Bacon",https://www.epicurious.com/recipes/food/views/iceberg-with-tomatoes-blue-cheese-and-bacon
Mulligatawny Soup,
Plum Chutney,
Cheddar and Chive Rounds,
"Hearty Rutabaga, Carrot, Parsnip and Sausage Soup",https://www.epicurious.com/recipes/food/views/hearty-rutabaga-carrot-parsnip-and-sausage-soup-2744
Banana Layer Cake with White Chocolate-Cream Cheese Frosting and Walnuts,
Johnson's Spareribs,https://www.epicurious.com/recipes/food/views/johnsons-spareribs-236710
Curried Stuffed Eggs,
Hot-Smoked Salmon with Caper Cream Cheese,https://www.epicurious.com/recipes/food/views/hot-smoked-salmon-with-caper-cream-cheese-51193480
Herbed Quinoa,
Baked Beans with Bacon Breadcrumbs,
Boeuf en Daube Provençale,https://www.epicurious.com/recipes/food/views/boeuf-en-daube-provencale-101470
Beef and Pork Stew (Marosszeki Heranytokany),
Scallion Mashed Potatoes,
Chicken Thighs with Creole Mustard-Orange Sauce,
Mama Teresa's Vegetable Soup,https://www.epicurious.com/recipes/food/views/mama-teresas-vegetable-soup-233968
Blade Steaks with Rosemary White-Bean Purée,https://www.epicurious.com/recipes/food/views/blade-steaks-with-rosemary-white-bean-puree-350886
Apple Pie with Walnut Streusel,
Garlic Pita Chips,
Blueberry Lemon Cream Tarts,https://www.epicurious.com/recipes/food/views/blueberry-lemon-cream-tarts-108364
"Broccoli Rabe, Black Olive, and Smoked Mozzarella Pizza",
Escarole Soup with Bacon and Croutons,
Caramel-Peanut Butter Mousse Tart,
Chipotle Chicken Tacos with Potatoes and Guacamole,
Pesce Per Due,https://www.epicurious.com/recipes/food/views/pesce-per-due-232210
Leek and Salmon Chowder,
Roast Turkey with Prosciutto-Hazelnut Crust,
Grilled Chicken with Root Beer Barbecue Sauce,
Korean Steak Tartare,
Cherry-Ginger Compote,
Veal Bocconcini with Porcini and Rosemary,
Braised Escarole with Apples,https://www.epicurious.com/recipes/food/views/braised-escarole-with-apples-103194
Miniature Tartufi,
Cantaloupe Granita,
"Savory Bread Pudding with Asparagus, Gruyère, and Fines Herbes",
Corn Pudding with Basil,
Pineapple-Orange Margarita,
Steak Salad with Shallots and Red Wine,
"Tuna, Black-Eyed Pea and Radish Salad",
Roasted Rack of Lamb with Spring Succotash and Wilted Spinach,
Melissa Hotek's Granola,https://www.epicurious.com/recipes/food/views/melissa-hoteks-granola-242864
Bloody Mary Shrimp,
"Almond, Chocolate, and Pistachio Spumoni",
Glazed Vegetables,https://www.epicurious.com/recipes/food/views/honey-glazed-vegetables
3-Ingredient Pork Chops With Roasted Apples and Sage,https://www.epicurious.com/recipes/food/views/3-ingredient-pork-chops-with-roasted-apples-and-sage
Rigatoni with Shrimp in Tomato and Feta Sauce,
Spiced Apple Cider,
"Tomato, Cucumber, and Avocado with Lemon Vinaigrette",
Tequila Sunrise II,
Chocolate “Creme Egg” Tart,https://www.epicurious.com/recipes/food/views/chocolate-creme-egg-tart
"Parsley, Kale, and Berry Smoothie",
"Phyllo Triangles with Basil, Zucchini and Pine Nuts",
Trenton Tomato Pie Pizza,https://www.epicurious.com/recipes/food/views/trenton-tomato-pie-pizza
Sparkling Panakam,https://www.epicurious.com/recipes/food/views/sparkling-panakam-365049
"Open-Face Grilled Chicken, Maytag Blue Cheese, and Toasted Pecan Sandwich",https://www.epicurious.com/recipes/food/views/open-face-grilled-chicken-maytag-blue-cheese-and-toasted-pecan-sandwich-395410
Scallops with Mushrooms in White-Wine Sauce,
Scotch Eggs with Fresh Herbs,
Open-Face Crab Burgers with Red Pepper Dressing,https://www.epicurious.com/recipes/food/views/open-face-crab-burgers-with-red-pepper-dressing-352591
Streusel Sour Cream Coffeecakes,
Duck Breast and Frisée Salad,
Mushroom and Goat Cheese Strudel with Balsamic Syrup,
Tiny Choux Puffs,
Whipped Cream Cakes with Peaches and Raspberries,
Spicy Roasted Squash Soup with Pumpkin Seed Pesto,
Cucumber-Daikon Relish,https://www.epicurious.com/recipes/food/views/cucumber-daikon-relish-107658
Chicken and Celery Pot Stickers,https://www.epicurious.com/recipes/food/views/chicken-and-celery-pot-stickers-358116
Figs and Dried Cherries Poached in Vanilla-Honey Syrup with Pistachios,
Persimmon Salad with Sweet Ginger Vinaigrette,
Sauteed Flank Steak with Arugula and Roasted Cauliflower and Red Peppers,https://www.epicurious.com/recipes/food/views/sauteed-flank-steak-with-arugula-and-roasted-cauliflower-and-red-peppers-231654
Guava and Cream Cheese Pastry,
Blueberry Raspberry Pie,
Caramelized Nut Tart,
"Leek, Potato, and Sausage Soup",
Vegetarian-Style Congee (Xi-fan),
Bobbie Mills's Cinnamon Cake,
Coconut Beef Curry,
Goat Cheese Souffles in Phyllo Cups with Frisée Salad,https://www.epicurious.com/recipes/food/views/goat-cheese-souffles-in-phyllo-cups-with-frisee-salad-107962
My Grandmother's Spaghetti,
Mashed Sweet Potatoes with Maple Syrup,
Chipotle-Lime Grilled Chicken,https://www.epicurious.com/recipes/food/views/chipotle-lime-grilled-chicken-234987
Roasted Lobster with Basil-Mint Pesto,
"Red Leaf Lettuce, Watercress, and Cucumber Salad with Buttermilk Dressing",
Braised Red Cabbage,
Shrimp and Cucumber Salad with Horseradish Mayo,https://www.epicurious.com/recipes/food/views/shrimp-and-cucumber-salad-with-horseradish-mayo-395904
Tagliatelle with Baby Vegetables and Lemon-Parmesan Sauce,https://www.epicurious.com/recipes/food/views/tagliatelle-with-baby-vegetables-and-lemon-parmesan-sauce-352033
Tomato and Corn Salsa,
Rhubarb and Strawberry Compote with Fresh Mint,
Sea Bass with Roasted Tomatoes and Green Beans,
Smoked Chicken and Sun-Dried Tomato Sandwiches with Basil Olive Pesto,
Black Bean and Tomato Quinoa,
"Arugula, Endive, and Radicchio Salad",
Summer Garden Tortelloni,https://www.epicurious.com/recipes/food/views/summer-garden-tortelloni-239252
Smoked-Salmon and Cream Cheese Frittata,
Lima Bean Paella,
Goat Cheese and Mushroom Canapés,https://www.epicurious.com/recipes/food/views/goat-cheese-and-mushroom-canapes-361851
"Pepper, Rosemary, and Cheese Bread",https://www.epicurious.com/recipes/food/views/pepper-rosemary-and-cheese-bread-12792
"Roasted Striped Bass with Fennel, Tomatoes, and Oil-Cured Olives",https://www.epicurious.com/recipes/food/views/roasted-striped-bass-with-fennel-tomatoes-and-oil-cured-olives-358535
Blueberry Julep,
Pumpkin Chiffon Pie with Gingersnap Pecan Crust,
Baby Greens with Artisinal Cheeses and Charcuterie,
Mixed Berry Crumble With Oats and Almonds,https://www.epicurious.com/recipes/food/views/mixed-berry-crumble-with-oats-and-almonds
Grilled Porterhouse Steak with Horseradish Cream,
Chocolate-Peanut Butter Cake with Cream Cheese and Butterfinger Frosting,
Cream Cheese Flan,
Cinnamon-Plum Fool,https://www.epicurious.com/recipes/food/views/cinnamon-plum-fool-360531
Country Hash,
Braised Kale Crostini,https://www.epicurious.com/recipes/food/views/braised-kale-crostini-103417
Cream of Potato Soup with Watercress,
Banana-Oatmeal Bars with Chocolate Chunks,
Red Velvet Cupcakes with Mascarpone Cream Cheese Icing,
"Honey, Almond, and Date Ice-Cream Sauce",
Hazelnut Granola,
Turkey Burgers with Mushroom Gravy,
"Garbanzo Bean, Tuna and Onion Salad with Creamy Lemon Dressing",
Seitan Skewers with Chimichurri Citrus-Herb Sauce,https://www.epicurious.com/recipes/food/views/seitan-skewers-with-chimichurri-citrus-herb-sauce-368472
Pine Nut Honey Ice Cream,
Lemon Syrup Cake with Berries and Lemon-Curd Cream,
Mignonette Sauce,
Curried Monkfish with Apple and Date Compote,
Pear Crostata with Figs and Honey,
Clam and Bacon Pizza,https://www.epicurious.com/recipes/food/views/clam-and-bacon-pizza-51187020
"Artichoke Hearts with Garlic, Olive Oil and Parsley",
Artichoke Fennel Sauce with Prosciutto,https://www.epicurious.com/recipes/food/views/artichoke-fennel-sauce-with-prosciutto-354481
Cherry and Almond Clafoutis,
Lemony Chicken Milanese with Arugula Salad,
Fresh Pea Hummus Crostini with Pea Tendril Garnish,
Spinach Salad with Lamb and Basil,
"Buckwheat Pancakes with Sausage, Scallions and Fried Eggs",https://www.epicurious.com/recipes/food/views/buckwheat-pancakes-with-sausage-scallions-and-fried-eggs-51263880
Green Beans Braised with Tomatoes and Basil,
"Tropical Carrot, Turmeric, and Ginger Smoothie",https://www.epicurious.com/recipes/food/views/tropical-carrot-turmeric-and-ginger-smoothie
Molasses Barbecue Sauce,
Two Peas in a Pasta,
Yum Yum Nut Sweets,https://www.epicurious.com/recipes/food/views/yum-yum-nut-sweets-369549
Banana-Walnut Spring Rolls with Caramel-Rum Sauce,https://www.epicurious.com/recipes/food/views/banana-walnut-spring-rolls-with-caramel-rum-sauce-4275
Chive Jive New Potatoes,
Seafood Stew with Tomatoes and Basil,
Tuna Pasta Salad,
Frozen Limes Filled with Sangrita and Tequila,
Beef Short Ribs with Red Chili Sauce,
Leg of Lamb with Raita,
"Date, Goat Cheese and Mesclun Salad",
Chicken Sauté with Wilted Endive and Brussels Sprouts,
Oat and Dried Fruit Cereal with Honey and Yogurt,
Magpie Dough for Flaky Piecrust,https://www.epicurious.com/recipes/food/views/magpie-dough-for-flaky-piecrust
Potato and Broccoli Croquettes,
Raspberry Summer Pudding,
Salade Composee,
Broccoli-Parmesan Gratin,https://www.epicurious.com/recipes/food/views/broccoli-parmesan-gratin-351413
Long Island Iced Tea,https://www.epicurious.com/recipes/food/views/long-island-iced-tea
Yellow Tomato Soup,
Tofu Yum-Yum Rice Bowl,https://www.epicurious.com/recipes/food/views/tofu-yum-yum-rice-bowl-56389364
Beef Paillards with Watercress and Herb Salad,https://www.epicurious.com/recipes/food/views/beef-paillards-with-watercress-and-herb-salad-104881
Grilled Pork Tenderloin with Fresh Cherry Chutney,
Cranberry Mustard,
Sausage and Bell Pepper Ziti,
Orange-Almond Shortcakes with Cranberry Parfait,https://www.epicurious.com/recipes/food/views/orange-almond-shortcakes-with-cranberry-parfait-240706
Lemon-Garlic Lamb Chops,
Dolmades with Yogurt-Mint Sauce,https://www.epicurious.com/recipes/food/views/dolmades-with-yogurt-mint-sauce-2054
Strawberry Syrup,
Jasmine Rice Timbales with Black and White Sesame Seeds,https://www.epicurious.com/recipes/food/views/jasmine-rice-timbales-with-black-and-white-sesame-seeds-103017
Fallen Chocolate Cake Squares à la Mode with Butterscotch Sauce,https://www.epicurious.com/recipes/food/views/fallen-chocolate-cake-squares-a-la-mode-with-butterscotch-sauce-14038
Quick Preserved Lemon Zest,
"Nectarine, Plum, and Raspberry Pie",https://www.epicurious.com/recipes/food/views/nectarine-plum-and-raspberry-pie-51238250
Clams Casino,
Chicken and Dumplings,
"Pomegranate, Beet, and Blood Orange Salad",
White Bean Ragoût with Lemon Oil and Shiitake Mushrooms,
"Plum, Raspberry and Red Wine Compote",
Japanese Beef and Scallion Rolls,
Sweet Potato Flan,
Creamy Chive Potatoes,
Charred Tomato Mint Salsa,
Onion-Fennel Flatbread,https://www.epicurious.com/recipes/food/views/onion-fennel-flatbread-406
Green Beans with Ginger Butter,
Sherried Stilton and Green Peppercorn Spread,https://www.epicurious.com/recipes/food/views/sherried-stilton-and-green-peppercorn-spread-13524
Cheesy Chicken and Mushroom Lasagne,
Mushrooms with Garlic and Madeira,
"Butternut Squash Purée with Orange, Ginger, and Honey",
Toasted Spice Vinaigrette,
Tomato and Celery-Infused Beef Consommé with Tiny Choux Puffs,https://www.epicurious.com/recipes/food/views/tomato-and-celery-infused-beef-consomme-with-tiny-choux-puffs-105485
Garlic and Pepper Marinated Flank Steak,
Super Slaw,
New Orleans Vegetable Stew,
Chicken Soup with Egg and Cheese,
"Ham-Stuffed Chicken Legs with Sweet Pepper, Honey and Onion Compote",
Tuna and Red Onion Spiedini,https://www.epicurious.com/recipes/food/views/tuna-and-red-onion-spiedini-103620
"Chilled Beet Soup With Buttermilk, Cucumbers, and Dill (Chlodnik)",
Sports Bars with Dried Fruit and Peanut Butter,
Meatballs in Winter Tomato Sauce,
Fresh Vegetable Pickles,
Gratin of Endive and Ham,
Moroccan Lamb Tagine with Dates and Pearl Onions,
Popped Amaranth and Toasted Wheat Berry Fool,https://www.epicurious.com/recipes/food/views/popped-amaranth-and-toasted-wheat-berry-fool-51123000
Goat Cheese with Grilled Eggplant and Roasted Peppers on Olive Bread,https://www.epicurious.com/recipes/food/views/goat-cheese-with-grilled-eggplant-and-roasted-peppers-on-olive-bread-102912
Mussel Chowder,
Rustic Bread Stuffing with Bell Pepper and Fresh Thyme,https://www.epicurious.com/recipes/food/views/rustic-bread-stuffing-with-bell-pepper-and-fresh-thyme-236496
Fried Fingerling Potatoes with Tarragon Sauce,https://www.epicurious.com/recipes/food/views/fried-fingerling-potatoes-with-tarragon-sauce-367735
Blue Hill at Stone Barns Cure Mix,https://www.epicurious.com/recipes/food/views/blue-hill-at-stone-barns-cure-mix-232206
Rack of Lamb with an Herb Crust,
Amaretto Coffee,
Chicken Sauté with White Wine,
Upscale Macaroni and Cheese,
American Beauty,
Chicken with Herbed Vegetable Sauce,
My Mother's Brisket,
Grilled Steak with Arugula and Shaved Parmesan,
"Watercress, Endive and Apple Salad with Cider Dressing",
Vegetable Barley Soup with Poached Egg,
Greek-Style Quesadillas,
"Pasta with 15-Minute Garlic, Oil, and Anchovy Sauce",
Cauliflower with Tarator Sauce,
Boneless Chicken Breasts with Red Chili Sauce,
Ginger and Curry Leaf Rasam,
Grilled Steak and Bell Pepper Salad,
"Stir-Fried Chicken with Radishes, Chipotles, and Lime",
Horseradish-Glazed Brisket and Short Ribs with Root Vegetable Mash,https://www.epicurious.com/recipes/food/views/horseradish-glazed-brisket-and-short-ribs-with-root-vegetable-mash-361254
Strawberry-Topped Lime Mousse Tart,
Lemon Cream Cheese Icing,
Black-Pepper Beef Ribs,
Coconut-Sweet Potato Cheesecake,
Minted Vegetable Salad,
Chocolate Gateaux,
Seared Mahimahi with Hot-and-Sour Mango Relish,
Fried Rice with Crab,
Chili-Lime Cream Sauce,
Scandinavian Vegetable Soup with Shrimp,
To Crack and Grate Fresh Coconut,
Chocolate Chip Cookie and Mint Ice Cream Sandwiches,
Grapefruit–Poppy Seed Loaf Cake With Yogurt Glaze,
Garlic Soup,
Caribbean Breeze,
Lentil Soup with Minted Yogurt,
Salmon Fillets with Lemon-Thyme Sauce,
Christmas Continental,
"Seafood ""Cataplana"" with Saffron, Vermouth, and Sorrel",https://www.epicurious.com/recipes/food/views/seafood-cataplana-with-saffron-vermouth-and-sorrel-15625
"Grilled Sausages, Peppers, and Onions on Rolls",
Beer-Braised Carnitas,
Salade Chaude aux Lentilles Avec Vinaigrette à la Moutarde,
Miraval Omelette,https://www.epicurious.com/recipes/food/views/miraval-omelette-230307
Garlic-and-Chili-Rubbed Steaks,
Vegetable Lasagna,
Butternut Squash and Cannellini Soup with Bacon,
Lime Shortbread Cookies with White Chocolate and Almonds,
Hot Slaw a la Greyhound Grill,https://www.epicurious.com/recipes/food/views/hot-slaw-a-la-greyhound-grill
Soupe au Pistou,
Chipotle Pork Cheeseburgers,
Candied Ginger-Cardamom Bars,
Persimmon Salsa,
Rosemary Garlic Red-Wine Vinegar,
Broiled Salmon with Curried Eggplant Chutney and Steamed Haricots Verts and Potatoes,
"Scrod with Tomatoes, Bacon, and Sherry",https://www.epicurious.com/recipes/food/views/scrod-with-tomatoes-bacon-and-sherry-13363
Blueberry-Nectarine Crisp,
Fried Calamari with Peperoncini Mayonnaise,
Apple-Cranberry Shortcakes with Cinnamon Cream,
Potato Gnocchi with Beef Ragù,
Yellow Tomato Coulis,
"Roast Chicken with Orange, Lemon, and Ginger",
Aged Rib Eye with Onion Purée,https://www.epicurious.com/recipes/food/views/aged-rib-eye-with-onion-puree-367149
Sweet Potato and Kale Pizza,
Frozen Mint Chocolate Checkerboard,https://www.epicurious.com/recipes/food/views/frozen-mint-chocolate-checkerboard-108191
Beef Stew with Curry and Lemongrass,
Buck's Fizz I,
Sugar-Crusted Chocolate Chip and Cherry Bread Puddings,
Asian Risotto with Pancetta and Mussels,
Mediterranean Grilled Lamb Steaks,
Wild Rice and Chive Bâtardes,https://www.epicurious.com/recipes/food/views/wild-rice-and-chive-batardes-355788
"Ham, Gruyère, and Tomato Toast with Dijon Mustard",
Gingerbread Pancakes with Butterscotch Apples,
Yogurt & Matcha Swirl with Mango,
Polenta-Cheese Timballos with Eggs and Spinach,https://www.epicurious.com/recipes/food/views/polenta-cheese-timballos-with-eggs-and-spinach-4553
Buttermilk Ice Cream,https://www.epicurious.com/recipes/food/views/buttermilk-ice-cream
Parmesan Dip,
Ancho Mole,
Eggplant Pilaf with Pistachios and Cinnamon,
Peach Raspberry Küchen,
"Prosciutto, Fried Egg, and Parmesan on Country Bread",https://www.epicurious.com/recipes/food/views/prosciutto-fried-egg-and-parmesan-on-country-bread-239166
Green Bean Succotash,
Thistle,https://www.epicurious.com/recipes/food/views/thistle-200081
Brown-Sugar Spice Cake with Cream and Caramelized Apples,
Modern Mince Pie,
Bourbon Baby Back Ribs,
"Pasta Shells with Escarole, Sausage, and Cheese",
Grilled Sea Bass with Tomatoes and Herb Cream Sauce,
Potato Pancakes with Chunky Vegetable Stew,
Eggplant Caprese with Grilled Tomato and Basil Vinaigrette,
Savory Lobster Bread Puddings with Vanilla Chive Sauce,https://www.epicurious.com/recipes/food/views/savory-lobster-bread-puddings-with-vanilla-chive-sauce-15620
Sausage and Bean Soup,
"Fettuccine with Shredded Zucchini, Fresh Ricotta, and Lemon Zest",
Spicy Cabbage Salad With Turkey and Peanuts,
Salt-and-Vinegar Rösti,
Grilled Brined Vegetables,https://www.epicurious.com/recipes/food/views/grilled-brined-vegetables
Butternut Squash Soup with Cider Cream,
Roast Chicken Noodle Soup with Chrysanthemum,
Silken Tofu and Carrot with Soy-Ginger Sauce,
Five-Vegetable Stir-Fry,
Cherry-Almond Clafouti,
"Baked Sweet Potatoes Stuffed with Cranberries, Pears, and Pecans",
Grilled Baby Back Pork Ribs with Mustard-Bourbon Sauce,
Quatre-Épices,
Plain Hamburgers,
Shrimp Salad Rolls,
Sauteed Kale,
Green Mole,
Turkey and Mushroom Risotto,
Les Quatres Mendiants,
Cardamom-Orange Sugar Cookies,
D.I.Y. Ricotta,
Frisée and Apple Salad with Dried Cherries and Walnuts,https://www.epicurious.com/recipes/food/views/frisee-and-apple-salad-with-dried-cherries-and-walnuts-243387
Veal Stew (Blanquette de Veau),
Cantaloupe Raspberry Shake,
Microwave Egg Sandwich With Cheddar and Avocado,
Chicken Marbella,https://www.epicurious.com/recipes/food/views/chicken-marbella-56389452
Salt and Pepper Squid,
Caesar Dip with Crudites,
Frisée Salad with Lardons and Poached Eggs,
Scarborough Fair Shortbread,
The Ruby Diamond,https://www.epicurious.com/recipes/food/views/the-ruby-diamond-56390143
Fricassee of Game Hen with Creamy Leeks and Vadoum,https://www.epicurious.com/recipes/food/views/fricassee-of-game-hen-with-creamy-leeks-and-vadoum-243606
Parsley Pesto and Feta Phyllo Pizza,
Zucchini Fritters,https://www.epicurious.com/recipes/food/views/ba-syn-zucchini-fritters-2
Cranberry Quince Sauce,
Roasted Lemongrass Chicken,
Goat Cheese and Leek Galette,
"Yellow and Green Bean Salad with Olives, Cherry Tomatoes and Summer Savory",
"Lemon-Roasted Salmon With Escarole, Asparagus, and Potatoes",
Egg Wash,
Dessert Pancakes with Custard and Berries,
New MexicoStyle Pot Roast,https://www.epicurious.com/recipes/food/views/new-mexico-style-pot-roast-355589
Beef Wellingtons with Gorgonzola,
Herb-Marinated Squid,
Lime-in-the-Coconut Macaroons,
Potato Croquetas with Saffron Alioli,https://www.epicurious.com/recipes/food/views/potato-croquetas-with-saffron-alioli-230736
Pineapple and Lime Cocktails,
Chicken Curry with Pineapple,
Plantain-Stuffed Chipotles Chiles in Escabèche,
Edamame and Sauteed Vegetable Soup,
"Pan-Seared Rib-Eye Steaks with Goat Cheese, Caper and Sun-Dried Tomato Butter",https://www.epicurious.com/recipes/food/views/pan-seared-rib-eye-steaks-with-goat-cheese-caper-and-sun-dried-tomato-butter-103131
Citrus Tilapia,https://www.epicurious.com/recipes/food/views/citrus-tilapia-356149
Dark Chocolate-Lime Souffles,https://www.epicurious.com/recipes/food/views/dark-chocolate-lime-souffles-236208
Linguine with Green Olive Sauce and Zesty Breadcrumbs,https://www.epicurious.com/recipes/food/views/linguine-with-green-olive-sauce-and-zesty-breadcrumbs-56389646
Coconut Pad Thai,
Mexican Chicken and Vegetable Casserole,
Dorade With Potatoes and Burst Tomato Sauce,https://www.epicurious.com/recipes/food/views/dorade-fish-with-potatoes-and-burst-tomato-sauce
Grilled Marinated Pork Chops,
3-Ingredient Hazelnut Cookies,https://www.epicurious.com/recipes/food/views/3-ingredient-hazelnut-cookies
Chicken Breasts with Cornmeal-Coriander Crust and Black Bean-Mango Salsa,https://www.epicurious.com/recipes/food/views/chicken-breasts-with-cornmeal-coriander-crust-and-black-bean-mango-salsa-101381
Baked Fish with Ratatouille,
Pork and Noodle Soup with Shiitake and Snow Cabbage,
Pork Chops with Curried Apple-Onion Sauce,
Red Bean and Bacon Soup,
Swiss Chard and Crisp Shallot Rolls with Cilantro Raita,https://www.epicurious.com/recipes/food/views/swiss-chard-and-crisp-shallot-rolls-with-cilantro-raita-107003
Pan-Roasted Sea Bass with Citrus and Avocado Oil,
Roast Pork Tenderloin with Apricot-Miso Glaze,https://www.epicurious.com/recipes/food/views/roast-pork-tenderloin-with-apricot-miso-glaze-362929
"Melon, Nectarine, Grape, and Plum Compote",https://www.epicurious.com/recipes/food/views/melon-nectarine-grape-and-plum-compote-12832
Provençal Vegetable Soup (Soupe au Pistou),
"Smoked Ham, Barley, and Vegetable Soup",https://www.epicurious.com/recipes/food/views/smoked-ham-barley-and-vegetable-soup-103243
Strawberries with Marsala,
Dairy-Free Lemon Crèmes With Oat-Thyme Crumble,https://www.epicurious.com/recipes/food/views/dairy-free-lemon-cremes-with-oat-thyme-crumble-51238460
Roast Pork Tenderloin and Vegetable Salad,
Colombian Avocado Salsa,
Pancetta- and Herb-Roasted Pork with Fig Jam,https://www.epicurious.com/recipes/food/views/pancetta-and-herb-roasted-pork-with-fig-jam-108952
Apple Cider Cupcakes with Cider Cream Cheese Icing,
Collard Greens with Red Onions and Bacon,
Sweet and Sour Pickles,https://www.epicurious.com/recipes/food/views/sweet-and-sour-pickles-56389775
Frisee with Crisped Salmon Skin and Warm Sherry Vinaigrette,
Spaghetti alla Puttanesca,
Hot Tea Punch,
Dulce de Platanos,
Israeli Couscous with Roasted Butternut Squash and Preserved Lemon,
Pineapple Grapefruit Swirl,
Brined and Barbecued Turkey,
Cauliflower Maque Choux,
Homemade Coconut Yogurt,https://www.epicurious.com/recipes/food/views/homemade-coconut-yogurt-56389461
Plum and Red-Wine Sorbet,https://www.epicurious.com/recipes/food/views/plum-and-red-wine-sorbet-239280
Low-Fat Mango Flan with Orange and Mango Salad,
Roast Pork Tenderloin with Fresh and Dried Fruit,
Coconut Rice Puddings with Crispy Coconut,
Frozen Mango Daiquiri,
Praline Pecan Tarts,
Asian Shrimp and Noodle Salad,
Bobby Burns,https://www.epicurious.com/recipes/food/views/bobby-burns-51256880
Chorizo Hash Browns,https://www.epicurious.com/recipes/food/views/chorizo-hash-browns-358095
Curried Chicken Soup with Carrots,
Cinnamon-Dusted Mini Churros,
Cabbage Slaw,
Zucchini in Pecan Brown Butter,
"Zucchini-Wrapped Red Snapper with Tomato, Cumin, and Orange Sauce",https://www.epicurious.com/recipes/food/views/zucchini-wrapped-red-snapper-with-tomato-cumin-and-orange-sauce-10045
Pasta with Potato Sauce alla Decaro,
Rum Raisin Apple Pie,
Crown Roast of Pork with Apple and Pork Stuffing and Cider Gravy,
Mango-Coconut Ice Cream Pies with Blackberry Sauce,
Spinach Soufflé with Shallots and Smoked Gouda Cheese,
Goat Cheese Crostini with Blood Orange and Black Pepper Marmalade,https://www.epicurious.com/recipes/food/views/goat-cheese-crostini-with-blood-orange-and-black-pepper-marmalade-240672
Duck and Wild Mushroom Gumbo,https://www.epicurious.com/recipes/food/views/duck-and-wild-mushroom-gumbo-108579
Texican Rice,
Cajun Shrimp Stew,
Gazpacho with Avocado Purée,
Feta with Rosemary Pepper Honey,
Wende's Blue-Ribbon Apple Pie with Candied Ginger,
Grilled Cumin-Lamb Pitas with Couscous and Yogurt,
Cherry and Coconut Granola with Yogurt,https://www.epicurious.com/recipes/food/views/cherry-and-coconut-granola-with-yogurt-51244620
Tuna and Roasted Pepper Crostini,
Three-Cheese Cornmeal Pizzette,https://www.epicurious.com/recipes/food/views/three-cheese-cornmeal-pizzette-13475
"Pineapple, Jalapeño-Infused Agave, Lime",https://www.epicurious.com/recipes/food/views/pineapple-jalapeno-infused-agave-lime-51242420
Buckwheat Blinis with Smoked Salmon and Crème Fraîche,
Brioche Bread Pudding,
Dried Apple and Cheddar Strudel,
Potato Soup with Swiss Cheese,
Roast Turkey with Herb Butter and Caramelized-Onion Gravy,
"Roasted Parsnips, Turnips, and Rutabagas with Ancho-Spiced Honey Glaze",https://www.epicurious.com/recipes/food/views/roasted-parsnips-turnips-and-rutabagas-with-ancho-spiced-honey-glaze-361291
Sweet-Potato Coconut Purée,
Grilled Shrimp with Ancho Pasilla Sauce,
Fruit Salad with Ginger Syrup,
Beef Tenderloin Steaks with Mustard-Cognac Sauce,https://www.epicurious.com/recipes/food/views/beef-tenderloin-steaks-with-mustard-cognac-sauce-236192
Sauteed Radishes and Sugar Snap Peas with Dill,
Double-Chocolate Almond Brownies,
Pomegranate Molasses-Glazed Carrots,https://www.epicurious.com/recipes/food/views/pomegranate-molasses-glazed-carrots-51134530
Spicy Tomato Chutney,
Roasted-Garlic Basil Sauce,
Mom's Noodle Kugel,
Skillet Polenta with Tomatoes and Gorgonzola,https://www.epicurious.com/recipes/food/views/skillet-polenta-with-tomatoes-and-gorgonzola-108620
Coconut Pineapple Cake,
Poached Apricots in Vanilla-Thyme Syrup with Crème Fraîche,https://www.epicurious.com/recipes/food/views/poached-apricots-in-vanilla-thyme-syrup-with-creme-fraiche-105037
Sweet Potatoes with Cuban-Style Beef Picadillo,
Spiced Brown Butter Linzer Cookies,https://www.epicurious.com/recipes/food/views/spiced-brown-butter-linzer-cookies
Coconut Relish,
Penne alla Gorgonzola,https://www.epicurious.com/recipes/food/views/penne-alla-gorgonzola-108673
Green Juice,
Linguine with Zucchini and Mint,
Strawberry-Rhubarb Sundaes,
Herb Butter,
Brussels Sprouts with Bacon and Raisins,
Dance with a Dream,https://www.epicurious.com/recipes/food/views/dance-with-a-dream-102773
Vegetable Slaw with Miso Dressing,
Cranberry-Orange Scones,
Apricot Sunburst,
Corn and Black Bean Tortilla Cakes,
Garlic-Herb Naan,https://www.epicurious.com/recipes/food/views/garlic-herb-naan
Roast Turkey with Pear and Port Gravy,
Chicken Escalopes with Watercress-Green Onion Mayonnaise,
Berry and Banana Frullato,
Roast Lamb with Lamb Sausage Crust and Fresh Grape Pan Sauce,
Mini Chocolate Sandwich Cookies,
Spaghetti with Mussels and White Beans,
Duck Confit with Oranges and Watercress,
Smokin' Rub,https://www.epicurious.com/recipes/food/views/smokin-rub-365410
Celery and Cilantro Relish,
Cracked Green Olives with Herbs and Preserved Lemon,
"My Cobb Salad: Iceberg, Tomato, Avocado, Bacon, and Blue Cheese",https://www.epicurious.com/recipes/food/views/cobb-salad-iceberg-tomato-avocado-bacon-and-blue-cheese
French Toast Bread Pudding,
Sesame-Pepper Bean Sprouts,https://www.epicurious.com/recipes/food/views/sesame-pepper-bean-sprouts-51140470
Minted Eggplant Rounds,
Caramelized Figs with Vanilla Ice Cream and Aged Balsamic Vinegar,https://www.epicurious.com/recipes/food/views/caramelized-figs-with-vanilla-ice-cream-and-aged-balsamic-vinegar-105434
"Scalloped Potatoes with Fennel, Mushrooms and Goat Cheese",
Blueberry and Cream Cookies,
"Herbed Crepes with Ricotta, Green Bell Pepper, and Spring Tomato Sauce",https://www.epicurious.com/recipes/food/views/herbed-crepes-with-ricotta-green-bell-pepper-and-spring-tomato-sauce-11763
Minted Asparagus Frittata,
Chile and Chorizo Cornbread,
Pork Chops with Sauteed Red Cabbage,
"Cinnamon, Brown Sugar, and Walnut Shortbread Crescents",
Soft-Shelled Crab Sandwiches,
Rosemary and Garlic Lamb Chops,
Rigatoni with Marinara Sauce and Ricotta,
Canton Ginger Kick,https://www.epicurious.com/recipes/food/views/canton-ginger-kick-355517
Prunes in Wine with Toasted-Almond Cookies,https://www.epicurious.com/recipes/food/views/prunes-in-wine-with-toasted-almond-cookies-241519
Dark Chocolate Brown Sugar Pound Cake with Chocolate Glaze,
Victory Garden Chicken-Vegetable Soup,
"Swordfish with Olive, Pinenut, and Parsley Relish",
"Singapore ""Carrot Cake""",
Steamed Haricots Verts and Potatoes,
Parmesan Roasted Potatoes,
"Pear, Pancetta, and Walnut Salad",
Grilled Chicken Hearts,
Grilled Salmon Fillets with Creamy Horseradish Sauce,
"Broiled Tomato, Corn, and Okra",
Pork Satay,
Orange Shallot Mayonnaise,https://www.epicurious.com/recipes/food/views/orange-shallot-mayonnaise-108359
Crustless Mini Quiches,
Herbed Oyster Stuffing,
Indian Clarified Butter (Ghee),https://www.epicurious.com/recipes/food/views/indian-clarified-butter-ghee-233032
"""Blanketed"" Eggplant",
"Baked Eggs with Merguez Sausage, Tomatoes, and Smoky Paprika",
"Castellane Pasta with Sausage, Peppers, Cherry Tomaotes, and Marjoram",
Indian-Style Cucumber Salad,
Braised Pheasant with Red Cabbage Wild Rice,
Pineapple Cake with Cream Cheese Frosting and Almonds,
Homemade Ginger Ale,https://www.epicurious.com/recipes/food/views/homemade-ginger-ale
Rosemary Mashed Potatoes,
Spiced Braised Lamb with Carrots and Spinach,
Grapefruit with Campari Syrup,
Oat and Walnut Buttermilk Braid,https://www.epicurious.com/recipes/food/views/oat-and-walnut-buttermilk-braid-524
Lima Beans with Wild Mushrooms and Chard,
Beef with Mushrooms and Glazed Onions,
Grilled Leg of Lamb with Herb Salt,
Grilled Shrimp and Scallions with Southeast Asian Dipping Sauces,
Saffron Potatoes,
Crisp Chipotle Shrimp with Corn and Scallions,
Pork Chops with Spiced Sweet Potatoes and Apples,
Easy Lamb Tagine With Pomegranate,https://www.epicurious.com/recipes/food/views/easy-lamb-tagine-with-pomegranate
Boston Brown Bread,https://www.epicurious.com/recipes/food/views/boston-brown-bread-51122630
Tehina,
Stuffed Masa Pockets with Green Chiles and Cheese,
Snapper Sashimi with Seaweed and Fennel,https://www.epicurious.com/recipes/food/views/snapper-sashimi-with-seaweed-and-fennel-56389896
Red Snapper Roasted with Fennel and Breadcrumbs,
Salad of Grilled Asparagus with Taleggio Cheese and Serrano Ham,
Salmon with Bacon and Lentils,
Braised Halibut Fillets in Coconut and Lemongrass with Smoked Eggplant and Tomato Ginger Chutney,https://www.epicurious.com/recipes/food/views/braised-halibut-fillets-in-coconut-and-lemongrass-with-smoked-eggplant-and-tomato-ginger-chutney-362938
White Chocolate-Sambuca Cream,
Braised Endive with Ham and Gruyère,
Spaghetti with Braised Kale,https://www.epicurious.com/recipes/food/views/spaghetti-with-braised-kale-355213
Vegetable Patch Pasta Salad,
Herb and Garlic-Crusted Beef Tenderloin with Red and Yellow Pepper Relish,https://www.epicurious.com/recipes/food/views/herb-and-garlic-crusted-beef-tenderloin-with-red-and-yellow-pepper-relish-102657
"Pasta with Veal, Sausage and Porcini Ragù",
Chef's Salad,
Shrimp Fried Rice with Ginger,
Poblano Corn Chowder with Shrimp,https://www.epicurious.com/recipes/food/views/poblano-corn-chowder-with-shrimp-107062
Beef and Andouille Burgers with Asiago Cheese,https://www.epicurious.com/recipes/food/views/beef-and-andouille-burgers-with-asiago-cheese-105297
Three Dipping Sauces,
Confit Cherry Tomatoes,
"Israeli Couscous, Peas, Preserved Lemons, Mint & Goat's Cheese",https://www.epicurious.com/recipes/food/views/israeli-couscous-peas-preserved-lemons-mint-goats-cheese-56389616
Shrimp Palermo,
Roast Chicken with Mashed-Potato Stuffing and Root Vegetables,
Five-Spice Roast Chicken,https://www.epicurious.com/recipes/food/views/five-spice-roast-chicken-352011
Harvest Hash,
Quinoa-Mushroom Frittata With Fresh Herbs,https://www.epicurious.com/recipes/food/views/quinoa-mushroom-frittata-with-fresh-herbs
Crisp Eggplant Chips,
Lemon-Poppy Seed Waffles with Blueberry Sauce,
Sauteed Shrimp with Lemon-Garlic Butter,
Cannellini with Pork and Rosemary,https://www.epicurious.com/recipes/food/views/cannellini-with-pork-and-rosemary-350926
Acme Hot Fudge Sundaes,
Apple-Date Compote with Apple-Cider Yogurt Cheese,https://www.epicurious.com/recipes/food/views/apple-date-compote-with-apple-cider-yogurt-cheese-5696
Garlic and Rosemary Stuffed Mushrooms,
Pasta with Chorizo and Chickpeas,
Onions Filled with Hashed-Brown Potatoes and Bacon,
"Ham with Bourbon, Molasses, and Pecan Glaze",
Avocado and Tropical-Fruit Salsa,
Cumin-Roasted Potatoes with Caviar and Smoked Salmon,https://www.epicurious.com/recipes/food/views/cumin-roasted-potatoes-with-caviar-and-smoked-salmon-231297
Passion-Fruit Ice Cream,
Mashed Baked Potatoes With Chives,
Sweet Potato Noodle Stir-Fry with Choy Sum and Shiitake Mushrooms,
Asparagus Gremolata,
Mascarpone Cheesecake with Roasted Cashew Crust and Passion Fruit Caramel Sauce,https://www.epicurious.com/recipes/food/views/mascarpone-cheesecake-with-roasted-cashew-crust-and-passion-fruit-caramel-sauce-107717
Cider Vinaigrette,
Sunday Sauce with Sausage and Braciole,
Shrimp Tempura Cocktail,
Roasted Root Vegetables with Romesco Sauce,https://www.epicurious.com/recipes/food/views/roasted-root-vegetables-with-romesco-sauce-51116210
Sweet Shallot Vinaigrette,https://www.epicurious.com/recipes/food/views/sweet-shallot-vinaigrette-358930
Mexican Oysters,
Shrimp and Jalapeño Brochettes,
Roasted Peppers with Nectarines,https://www.epicurious.com/recipes/food/views/roasted-peppers-with-nectarines-395485
"Gluten-Free Shells with Beets, Ricotta, and Pistachios",https://www.epicurious.com/recipes/food/views/gluten-free-shells-with-beets-ricotta-and-pistachios-51263910
Broccoli and Brussels Sprouts Slaw,https://www.epicurious.com/recipes/food/views/broccoli-and-brussels-sprouts-slaw
Orange Cream Cheese Frosting,
"Salmon, Cream Cheese and Caviar on Pumpernickel Rounds",
Grilled Cheese Tacos,https://www.epicurious.com/recipes/food/views/grilled-cheese-tacos
Barbecue Bean Soup,
"Grilled Shrimp, Corn and Black Bean Tostada Salad",
"Sweet Potato, Crème Fraîche, and Caviar Bites",
Baked Mini Pumpkin Pots,https://www.epicurious.com/recipes/food/views/baked-mini-pumpkin-pots-51200620
"Grilled Seafood with Tomato, Caper and Olive Vinaigrette",
Sugarcane Shrimp,https://www.epicurious.com/recipes/food/views/sugarcane-shrimp-358593
Asian Noodles with Pan-Seared Flank Steak,
Roast Chicken with Lemon and Thyme,
Honeymoon,
Roasted Pineapple with Star Anise Pineapple Sorbet,
Prune Tequila Ice Cream,
Herbed Mustard Sauce,
African Adobo-Rubbed Tuna Steaks,
Marinated Feta With Roasted Lemon,https://www.epicurious.com/recipes/food/views/ba-syn-marinated-feta-with-roasted-lemon
"Grilled Cheddar, Tomato and Bacon Sandwiches",
Clams and Chorizo with Tomato and Garlic,
Halibut with Zucchini Salsa Verde,https://www.epicurious.com/recipes/food/views/halibut-with-zucchini-salsa-verde-360269
Celery-Root Soup with Bacon and Green Apple,
Stir-Fried Pork with Five Vegetables,https://www.epicurious.com/recipes/food/views/stir-fried-pork-with-five-vegetables-105552
Passion-Fruit Meringues,
"Bread Pudding with Apple, Raisins and Figs",
Pasta in Almond Garlic Sauce,https://www.epicurious.com/recipes/food/views/pasta-in-almond-garlic-sauce-352291
Salted Caramel Ice Cream,
Yellow Watermelon & Mint Pops,https://www.epicurious.com/recipes/food/views/yellow-watermelon-mint-pops-51201630
Blue Cheese Vinaigrette,
Strawberry–Pistachio Crumble Pie,
Autumn Soup with Crispy Bacon,
Santa Sangria,
Rich and Sticky Gingerbread with Marmalade,https://www.epicurious.com/recipes/food/views/rich-and-sticky-gingerbread-with-marmalade-109496
Sweet and Sour Strawberry Semifreddo with Black Sesame,https://www.epicurious.com/recipes/food/views/sweet-and-sour-strawberry-semifreddo-with-black-sesame-56389534
Tuscan Chicken with Warm Bean Salad,
Steamed Mussels with Sofrito,
French Toast,
Moroccan Garbanzo Bean and Feta Pitas,
Sorbet and Ice Cream Terrine with Blackberry Compote,
Risotto-Style Barley with Mushrooms,
Pasta and Chicken Gratin,
Hazelnut-Stuffed Pears with Maple Glaze,
"Roasted Squash, Red Pepper, and Jack Cheese Quesadillas with Chipotle Lime Sour Cream Dip",https://www.epicurious.com/recipes/food/views/roasted-squash-red-pepper-and-jack-cheese-quesadillas-with-chipotle-lime-sour-cream-dip-13075
Mashed Sweet Potatoes with Sage Butter,
Southern Fried Catfish,
Fresh Cream Cheese,
Mid-Atlantic Mushroom and Chestnut Stuffing,
Tequila Cosmopolitan,
Creamed Rutabaga and Sweet Potato,
Pan-Seared Scallops with Smoked-Tomato Butter and Warm Spinach Salad,
"Rhubarb, Cherry, and Golden Raisin Chutney",
Baked Alaska Peanut S'mores,
Elegant,
Island Pork Tenderloin Salad,
Barbecue Chicken Pizza,
"Garlicky Eggplant, Tomato and Basil Bobolis",
Pope,
Blade Steaks with Mushrooms,
Penne with Broccoli and Mushrooms,
Granola with Mixed Nuts and Coconut,
Bluewater Bread Pudding with Caramel Sauce,
"Farfalle with Baby Spinach, Walnuts, and Ricotta",https://www.epicurious.com/recipes/food/views/farfalle-with-baby-spinach-walnuts-and-ricotta-104947
Hawaiian II,
Roasted Lamb Chops with Charmoula and Skillet Asparagus,
"Roast Capon with Lemon, Thyme, and Onions",https://www.epicurious.com/recipes/food/views/roast-capon-with-lemon-thyme-and-onions-235739
"Arugula, Roquefort, and Roasted-Squash Salad",
"Braised Lamb Shanks with Fennel, Tomatoes, Turnips and Carrots",
Cream of Mushroom Soup,
Chocolate-Amaretti Custard with Fresh Fruit,
Diner-Style Patty Melt,https://www.epicurious.com/recipes/food/views/diner-style-patty-melt
3-Ingredient Lemony Green Beans With Frizzled Leeks,
Spiced Shrimp,
Panfried Almond-and Sesame-Dusted Chicken,
"Cantaloupe, Honeydew, and Almond Bombe",
"Smoked Fish with Mustard, Dill and Caper Sauce",
"Marinated Cauliflower, Olive, and Arugula Salad",
Panfried Steak with Quick Barbecue Sauce,
Blue and Red Flannel Hash,
The Mezcal Sunset,https://www.epicurious.com/recipes/food/views/the-mezcal-sunset
Quinoa Cakes with Eggplant-Tomato Ragù and Smoked Mozzarella,https://www.epicurious.com/recipes/food/views/quinoa-cakes-with-eggplant-tomato-ragu-and-smoked-mozzarella-241481
Baked Whitefish with Tomatoes and Garlic,
"Rigatoni with Red Peppers, Wild Mushrooms, and Fontina",
Corn and Bell Pepper Salad,
Quick Fruit Crisp,
"Sardine Roulade with Jalapeño, Monterey Jack, and Tomato Sauce",
Carolina Mustard Sauce,
Sauteed Polenta with Sweet Italian Sausage and Broccoli Rabe,
Lemon Panna Cotta with Blackberry Sauce,https://www.epicurious.com/recipes/food/views/lemon-panna-cotta-with-blackberry-sauce-107943
Potatoes and Snap Peas with Egg Mint Mimosa,
"Polenta Bites with Blue Cheese, Tomatoes, and Pine Nuts",
Spicy Yogurt Dip with Chips and Vegetables,
Eggplant Steaks with Sun-Dried Tomatoes and Olives,
Tomato and Fennel Orzo,
Patty Melts with Charred Onions,
Mushroom and Goat Cheese Tart,
Pork Tenderloin with Tomato-Peach Compote,
Cinnamon Biscuits,
Cranberry-Tangerine Christmas Cooler,
Roast Cornish Game Hen with Spicy Fruit Salsa,
"Pan-Seared Swordfish Steaks with Shallot, Caper, and Balsamic Sauce",
Blade Steaks with Lemon Herb Sauce,
"Cauliflower, Swiss Chard, and Chicken Soup",
Maple-Almond Granola with Dried Berries,https://www.epicurious.com/recipes/food/views/maple-almond-granola-with-dried-berries-360610
Lamb Stew with Lemon and Figs,
Lamb Pot Roast with Oranges and Olives,
Sweet-Pea Canapes,
Picadillo Tostadas,
Cold Tomato and Sour Cream Soup,
Cinnamon Chicken with Couscous and Dried Fruit,
Self's Better-Body Chili,
The Elvis,
Tequila Mockingbird Marinade,
Sautéed Beef with White Wine and Rosemary,https://www.epicurious.com/recipes/food/views/sauteed-beef-with-white-wine-and-rosemary-357470
"The Only Barbecue Sauce You Need For Pork, Beef, and Anything Else You Pull off the Grill",https://www.epicurious.com/recipes/food/views/the-only-barbecue-sauce-you-need-for-pork-beef-and-anything-else-you-pull-off-the-grill-51175670
Cumin-Dusted Sea Bass on Green Rice,https://www.epicurious.com/recipes/food/views/cumin-dusted-sea-bass-on-green-rice-102940
Creole Nectarines,https://www.epicurious.com/recipes/food/views/creole-nectarines-102091
Roast Leg of Lamb with Rosemary and Garlic,
Cauliflower Fritters,
Ecclefechan Tart,https://www.epicurious.com/recipes/food/views/ecclefechan-tart-109500
Paradise,
Black and Tan Sauces,
Cranberry Oat Bars,
Homemade Cheese Spread With Garlic and Herbs,https://www.epicurious.com/recipes/food/views/homemade-cheese-with-garlic-and-herbs
Cranberry Mojitos,
Chicken with Lots of Garlic,
Porchetta-Style Roast Turkey Breast,https://www.epicurious.com/recipes/food/views/ba-syn-porchetta-style-roast-turkey-breast
Dan's Baked Stuffed Shrimp,
Mint Chip Ice Cream,
Malted Milk Ice Cream Cake with Blackberry Topping,
Sweet Potato Matzo Ball Tzimmes with Apricot Sauce,
Cucumber Salad with Pineapple and Jalapeño,
Corn Muffins with Green Onions and Sour Cream,
Yellow Rice Pilaf,https://www.epicurious.com/recipes/food/views/ba-syn-yellow-rice-pilaf
Smoked Trout Cakes with Horseradish Cream,https://www.epicurious.com/recipes/food/views/smoked-trout-cakes-with-horseradish-cream-5143
Thai-Style Tomato and Shrimp Salad,
Noodle Pudding,
Chocolate-Orange Easter-Egg Truffles,https://www.epicurious.com/recipes/food/views/chocolate-orange-easter-egg-truffles-104974
Grapefruit and Coconut Angel Pie,
"Roast Chicken Breasts with Garbanzo Beans, Tomatoes, and Paprika",
Shrimp and Corn Chowder,
Sauté of Spring Peas with Tarragon,
Mulled Grapefruit Juice,
"Pasta With Rock Shrimp, Chile, and Lemon",
Macaroni and Cheese,
Oval Masa Cakes with Goat Cheese Filling,https://www.epicurious.com/recipes/food/views/oval-masa-cakes-with-goat-cheese-filling-108025
Swordfish with Herb Sauce,
Flan with Pink Grapefruit and Mint Syrup,
Spice-Rubbed Chicken and Vegetable Tacos with Cilantro Slaw and Chipotle Cream,https://www.epicurious.com/recipes/food/views/spice-rubbed-chicken-and-vegetable-tacos-with-cilantro-slaw-and-chipotle-cream-235158
Spicy Grape-Ricotta Crostini,https://www.epicurious.com/recipes/food/views/spicy-grape-ricotta-crostini-56389974
"Vegetable, Barley and Chicken Chowder",
"Lamb Chops with Cumin, Cardamom, and Lime",
Tropical Fruit Foster Split,
Cavatelli with Italian Sausage and Brocolli Rabe,
Bronx Golden,https://www.epicurious.com/recipes/food/views/bronx-golden-200199
Chocolate-Orange Bûche de Noël,
Sun Dried Tomato Marinade,
Plum Tarts with Honey and Black Pepper,https://www.epicurious.com/recipes/food/views/plum-tarts-with-honey-and-black-pepper-51239610
Roast Racks of Lamb with New Potatoes and Mint Pesto,
Lemon Chicken and Artichokes with Dill Sauce,
Asian Garlic Chicken,
Beef and Snow Peas with Panfried Noodles,
Grilled Zucchini and Bell Pepper Couscous,
Peach White-Wine Sangria,
Curried Mussel and Potato Chowder with Peas,https://www.epicurious.com/recipes/food/views/curried-mussel-and-potato-chowder-with-peas-4467
"Cauliflower ""Couscous"" With Dried Fruit and Almonds",
Shaved Raw Brussels Sprouts with Castelrosso,
Chunky Gazpacho,
"Basmati Rice, Microwave Method for Cooking",
Toasted Manioc Flour With Eggs and Scallions (Farofa de Ovo e Cebolinha),
Thai-Style Chicken and Vegetable Stir-Fry,
Beer-Marinated Flank Steak with Aji and Guacamole,
Cornish Game Hens with Dried Fruit and Honey,
Dried Cherry and Ginger Cannoli,
Bacon-Wrapped Turkey Breast with Hazelnut Mole,
Marinated Rack of Lamb with Mustard and Vinegar,
"Grilled Chicken with Oregano, Cinnamon and Paprika",
Middle Eastern Nut-Filled Multilayered Pastry (Baklava),
Iced Mint Tea,
Ricotta and Cherry Strudel,
Mexican Fruit Cooler,
Eggnog Cremes,
Build-Your-Own Thanksgiving Pie Bar,https://www.epicurious.com/recipes/food/views/build-your-own-thanksgiving-pie-bar
"Pink Grapefruit, Grape, Raspberry, and Olive Oil Salad with Minted Yogurt",
Spinach Ohitashi,https://www.epicurious.com/recipes/food/views/spinach-ohitashi
Asian Cabbage Salad,
Chile-Lime Cashews,https://www.epicurious.com/recipes/food/views/chile-lime-cashews-51117460
Garlic-Rosemary Turkey with Mushroom Gravy,
Rigatoni with Duck Ragù,
"Cheddar, Red Pepper, and Horseradish Spread",
Broccoli and Broccoli Rabe with Roasted Red Peppers,
Marinated Shrimp with Pickled Watermelon Rind,https://www.epicurious.com/recipes/food/views/marinated-shrimp-with-pickled-watermelon-rind-12668
Pan-Seared Venison with Rosemary and Dried Cherries,https://www.epicurious.com/recipes/food/views/pan-seared-venison-with-rosemary-and-dried-cherries-104558
Steak Mole with Cilantro,
Incredible Melted Ice-Cream Cake,
Cranberry-Crab Rangoon,
Leek and Chestnut Soup,
Hoisin Chicken in Lettuce Leaves,
Beet and Cabbage Salads,
Spaghetti with Tomatoes and Anchovy Butter,
Fried Grits with Red Pepper Sauce,
Crab-Corn Chowder,
"Tuna Salad with Olives, Orange and Bell Pepper",
"Sausage, Cranberry, and Pecan Stuffing",
Fennel and Orange Salad,
Texas-Style Smoked Brisket,https://www.epicurious.com/recipes/food/views/texas-style-smoked-brisket-51175220
Water Spinach with Shrimp,
Basil Buttermilk Dressing,
Roasted Eggplant and Pickled Beet Sandwiches,https://www.epicurious.com/recipes/food/views/roasted-eggplant-and-pickled-beet-sandwiches-51155480
Lamb and Eggplant Moussaka,
Pasta With Mushrooms and Prosciutto,https://www.epicurious.com/recipes/food/views/ba-syn-pasta-with-mushrooms-and-prosciutto
Braised Onions with Orange and Balsamic Vinegar,
Fridge-Dive Pesto Pasta,https://www.epicurious.com/recipes/food/views/fridge-dive-pesto-pasta
Bruschette with Chickpea Purée and Arugula,
Hazelnut Meringue Drops,
Beef and Wild Mushrooms,
Red Potato and Green Bean Salad with Dijon Vinaigrette,
Marinated Olives with Tangerine and Rosemary,
"Shrimp, Crab, and Oyster Gumbo",
Coconut Almond Granola:topping for Salad,
Berries and Rum,
Corn and Okra Stew,
"Scallops with Vegetables, Ginger and Cream",
"Roast Beef, Saga Blue, and Watercress with Horseradish Mayonnaise on French Bread",https://www.epicurious.com/recipes/food/views/roast-beef-saga-blue-and-watercress-with-horseradish-mayonnaise-on-french-bread-10477
Veal Osso Buco (Ossobuco alla Milanese),https://www.epicurious.com/recipes/food/views/veal-osso-buco-ossobuco-alla-milanese-51112230
Seafood Mold,
Coffee-Marinated Bison Short Ribs,
Stone Fruit Cobbler,
Chili Bean Soup,
Beef and Potato Pasties,https://www.epicurious.com/recipes/food/views/beef-and-potato-pasties
"Tarragon, Chive and Goat Cheese Omelet",https://www.epicurious.com/recipes/food/views/tarragon-chive-and-goat-cheese-omelet-4073
Stir-Fried Spinach with Ginger and Garlic,https://www.epicurious.com/recipes/food/views/stir-fried-spinach-with-ginger-and-garlic-13455
Almond-Cherry Chocolate Bark,
Swedish Meringue Cake with Strawberries and Orange Filling,
Carrot Cardamom Soup,
Minted Mediterranean Couscous Salad,
Tuna and Artichoke Panini,
Olive-Oil Cake with Candied Orange,
Tangerine-Ginger Caipirinhas,https://www.epicurious.com/recipes/food/views/tangerine-ginger-caipirinhas-238279
Grilled Broccoli and Arugula Salad,https://www.epicurious.com/recipes/food/views/grilled-broccoli-and-arugula-salad
Root Vegetable Fries,
Mediterranean Eggplant and Barley Salad,https://www.epicurious.com/recipes/food/views/mediterranean-eggplant-and-barley-salad-235753
Mango and Avocado Salad with Peanut Dressing,
Apricot Almond Scones,
Barbecued Pork Fried Rice,
Curried Spinach Dip,
Pear Apple Sauce,
Creamy Chia Coconut Ginger-Carrot Soup,
Shrimp Escabèche with Blood Orange Mojo,https://www.epicurious.com/recipes/food/views/shrimp-escabeche-with-blood-orange-mojo-109063
"Bulgur with Onion, Tomato, and Feta",
Chunky Orange and Pomegranate Marmalade,
Watercress and Boston Lettuce Salad with Walnuts,https://www.epicurious.com/recipes/food/views/watercress-and-boston-lettuce-salad-with-walnuts-13299
Spicy Macaroni and Cheese,
Grilled Pineapple and Banana Sauce with Honey and Lime,
Indian Lamb Chops wih Curried Cauliflower,https://www.epicurious.com/recipes/food/views/indian-lamb-chops-wih-curried-cauliflower-356730
Molasses Cookie Baskets with Lemon Sorbet and Gingered Fruit,
"Dried Cranberry, Walnut, and Lemon Scones",
"Red Leaf, Radish, and Pine Nut Salad",https://www.epicurious.com/recipes/food/views/red-leaf-radish-and-pine-nut-salad-351899
Warm Mussel and Marinated Vegetable Salad,
Pecan and Chocolate Tart with Bourbon Whipped Crème Fraîche,https://www.epicurious.com/recipes/food/views/pecan-and-chocolate-tart-with-bourbon-whipped-creme-fraiche-51123160
Cashew-Coconut Tart in Chocolate Crust,
Chicken Tagine with Spring Vegetables,
Sherried Sweet Potatoes and Apples,
"Roast Side of Salmon with Mustard, Tarragon, and Chive Sauce",
Grilled Clams on the Half Shell with Ginger Mignonnette,
Fish Skewers with Tarragon Vinaigrette,
Grilled Brined Chicken with Chimichurri Sauce,
Applesauce with Butter Pecan Crumbs,
Swiss Chard Ricotta Gnudi with Fall Mushrooms,https://www.epicurious.com/recipes/food/views/swiss-chard-ricotta-gnudi-with-fall-mushrooms-355214
Maple-Glazed Acorn Squash with Currants,
Arugula Salad with Garlic Balsamic Vinaigrette,
Braised Swiss Chard With Bacon and Hot Sauce,https://www.epicurious.com/recipes/food/views/braised-swiss-chard-with-bacon-and-hot-sauce
Sweet Corn Pie,
Blue Corn Bread,
Tea-and-Lemon Gravy,
Baklava,
Herbed Spaetzle in Brown Butter,https://www.epicurious.com/recipes/food/views/herbed-spaetzle-in-brown-butter-360734
"Scrambled Eggs with Tomato, Goat Cheese, and Mint",
Thai Red Curry Paste,
Seafood Chowder with Squash,https://www.epicurious.com/recipes/food/views/seafood-chowder-with-squash-51212610
Mexican Chocolate Torte,https://www.epicurious.com/recipes/food/views/mexican-chocolate-torte-11559
Pizzaiola Burgers,
Pickled Red Onions with Cilantro,
Strawberry Napoleons with Lemon Cream,
Curried Beef and and Sugar Snap Peas Over Rice Noodles,
Herbed Tomato Pasta Salad,
Poppy Seed Layer Cake with Strawberries and White Chocolate Cream,
Moroccan-Spiced Pastitsio with Lamb and Feta,https://www.epicurious.com/recipes/food/views/moroccan-spiced-pastitsio-with-lamb-and-feta-364070
Spiced Lamb Patties with Nutty Garlic Sauce,
"Chicken, Onion, and Raisin Stew",
Roast Beef Sandwiches with Sweet-and-Sour Red Onions and Blue Cheese,https://www.epicurious.com/recipes/food/views/roast-beef-sandwiches-with-sweet-and-sour-red-onions-and-blue-cheese-106962
Caneton a l'Orange,
Chocolate Chip-Macadamia Nut Bars with Shortbread Crust,
Steamed Salmon Salad with Grapefruit-Ginger Dressing,
Linguine with Herbed Clam Sauce,
Coconut-Mango Rice Noodle Salad,
Pat's Chicken with Peaches and Jalapenos,https://www.epicurious.com/recipes/food/views/pats-chicken-with-peaches-and-jalapenos-13002
Alternative Oatmeal-Raisin Cookies,
Cheer Cooler,https://www.epicurious.com/recipes/food/views/cheer-cooler-200905
Salmon Chowder,https://www.epicurious.com/recipes/food/views/salmon-chowder
Chicken with Roasted Lemon and Rosemary Sauce,
Cucumber Dill Spears and Chips,https://www.epicurious.com/recipes/food/views/cucumber-dill-spears-and-chips-51190830
Kiwi-Pomegranate Angel Pies,https://www.epicurious.com/recipes/food/views/kiwi-pomegranate-angel-pies-236431
Pork Chops with Leeks in Mustard Sauce,
Strawberries with Zabaglione,
Maple-Walnut Granola with Dried Cranberries,
Japanese-Style Fried Rice (Chahan),https://www.epicurious.com/recipes/food/views/japanese-style-fried-rice-chahan
Chicken and Biscuits,
Greek Yogurt Ice Cream,
Creamy Chocolate-Cheese Flan with Hibiscus Sauce,https://www.epicurious.com/recipes/food/views/creamy-chocolate-cheese-flan-with-hibiscus-sauce-51202810
Roasted Pepper Turkey with Orange Liqueur,https://www.epicurious.com/recipes/food/views/roasted-pepper-turkey-with-orange-liqueur-358349
Turnip Soup with Turnip Greens,https://www.epicurious.com/recipes/food/views/turnip-soup-with-turnip-greens-368511
Wilted Autumn Greens with Honey Mustard Vinaigrette,
Mixed-Pepper Steak with Onions,
Littleneck Clams with New Potatoes and Spring Onions,
Barbecued Shrimp,
Lemon Custard with Raspberry Sauce,https://www.epicurious.com/recipes/food/views/lemon-custard-with-raspberry-sauce-51201810
Goat Cheese and Herb Dip,
Baked Halibut with Chopped Olive Salad,
"Herb-Stuffed Chicken with Caramelized Onion, Lentil, and Feta Salad",https://www.epicurious.com/recipes/food/views/herb-stuffed-chicken-with-caramelized-onion-lentil-and-feta-salad-108338
Spiced Beef Stew with Carrots and Mint,
Cassoulet Soup,
Spinach Herb Sauce,
Curried Lentil and Spinach Soup,
To Sterilize Jars and Lids for Preserving,
Celery Root and Apple Salad with Hazelnut Vinaigrette,https://www.epicurious.com/recipes/food/views/celery-root-and-apple-salad-with-hazelnut-vinaigrette-357255
Roasted Chayote and Red Pepper Salad with Tangerine Dressing,
"Curried Potato, Spinach and Garbanzo Bean Soup",
Grilled Tuna with Tarragon Mayonnaise,
Chicken Divan,
"Eggplant, Green Olive, and Provolone Pizza",
Coriander Noodles with Zucchini and Carrots,
Chicken Mole with Chipotles,
Italian Chicken Soup,
Lobster Bisque,
Dark Chocolate Pretzel Cake,
Broccoli Rabe with Pine Nuts and Raisins,https://www.epicurious.com/recipes/food/views/broccoli-rabe-with-pine-nuts-and-raisins-233098
Brined Pork Chops,
"Corn, Cheese, and Chili Tamales with Tomatillo-Avocado Salsa",
Creamy Strawberry Rice Pudding,
Seared Bass with Cauliflower Duo,https://www.epicurious.com/recipes/food/views/seared-bass-with-cauliflower-duo-243529
"Sweet, Tart, and Spicy Shrimp and Cucumber Salad",
Orange Chicken,https://www.epicurious.com/recipes/food/views/chinese-orange-chicken-51168000
"Onion, Parsley, and Fontina Lasagna",https://www.epicurious.com/recipes/food/views/onion-parsley-and-fontina-lasagna-13476
Skirt Steak Fajitas with Lime and Black Pepper,
Duck Egg Cake with Rosemary,https://www.epicurious.com/recipes/food/views/duck-egg-cake-with-rosemary-51197420
Roasted Apricot Sorbet,
Chocolate-Orange Carrot Cake,
Fresh Ricotta and Fava Bean Bruschetta,
Meyer Lemon Shortcakes with Meyer Curd and Mixed Citrus,https://www.epicurious.com/recipes/food/views/meyer-lemon-shortcakes-with-meyer-curd-and-mixed-citrus-357535
Chicken Breasts with Goat Cheese and Rosemary,https://www.epicurious.com/recipes/food/views/chicken-breasts-with-goat-cheese-and-rosemary-967
Broiled Chicken with Bacon Over Egg Fried Rice,https://www.epicurious.com/recipes/food/views/broiled-chicken-with-bacon-over-egg-fried-rice-353636
Pink Gin Spritzer,
Caramelized-Honey Nut and Seed Tart,
Spaghetti with Creamy Sun-Dried Tomato Sauce,
Asparagus with Walnut-Chive Vinaigrette,
Pecan Shortbread Cookies,
Fresh Indian Cheese,
New England Boiled Dinner,
"Cream Tart with Oranges, Honey, and Toasted-Almond Crust",https://www.epicurious.com/recipes/food/views/cream-tart-with-oranges-honey-and-toasted-almond-crust-357275
Chocolate-Pecan Sheet Pie With Molasses,
Coconut Tarts with Prickly Pear Sauce,
Roasted Red Pepper Harissa,https://www.epicurious.com/recipes/food/views/roasted-red-pepper-harissa
Potato-Green Chile Gratin,
Mango Mint Sparklers,
"Halibut Steamed with Oranges, Tomatoes, and Olives",https://www.epicurious.com/recipes/food/views/halibut-steamed-with-oranges-tomatoes-and-olives-107632
California Vegetable and Chickpea Chili,
Corned Beef with Horseradish Mustard Sauce,
Veal with Leek and Roquefort Sauce,https://www.epicurious.com/recipes/food/views/veal-with-leek-and-roquefort-sauce-1845
Turkey Breast Roulade with Green Chiles and Feta,https://www.epicurious.com/recipes/food/views/turkey-breast-roulade-with-green-chiles-and-feta-109589
Greek Yogurt Cheesecake with Pomegranate Syrup,https://www.epicurious.com/recipes/food/views/greek-yogurt-cheesecake-with-pomegranate-syrup-51123080
Thai Spices Shrimp Salad with Asian Greens and Pesto Dressing,
"Meringue, Chocolate, and Kirsch Cream Layer Cake",
Lamb and Eggplant Pastitsio,
Savory Mint Lamb Chops,
"Fettuccine with Morels, Asparagus, and Goat Cheese",https://www.epicurious.com/recipes/food/views/fettuccine-with-morels-asparagus-and-goat-cheese-11924
Cinnamon Hot Chocolate,
Giant Southwestern Omelet,
Simple Sugar Syrup,
Vichyssoise,
Bavarian Cream with Raspberry Coulis,https://www.epicurious.com/recipes/food/views/bavarian-cream-with-raspberry-coulis-235956
Southwestern Slaw,https://www.epicurious.com/recipes/food/views/southwestern-slaw-353709
Triple-Chocolate Cranberry Oatmeal Cookies,
"Cranberry Sauce with Red Wine, Pomegranate Molasses, and Mediterranean Herbs",https://www.epicurious.com/recipes/food/views/cranberry-sauce-with-red-wine-pomegranate-molasses-and-mediterranean-herbs-355781
Beet Soup with Horseradish Cream,
Wild Mushroom-Shallot Gravy,
"Mustard Greens, Roasted Squash, and Hazelnut Salad",
Crisp Fried Fish Fillets Oriental,
Coconut-Rum Pie with Pineapple,
Crispy Rice and Fruit Bark,
Beets Don't Kale My Vibe Salad,https://www.epicurious.com/recipes/food/views/beets-dont-kale-my-vibe-salad-56389570
Mexican Corn-Bread Pudding,
Chilled Tarragon Tomato Soup with Vegetable Confetti,
Tequila and Lime Chicken Tacos,https://www.epicurious.com/recipes/food/views/slow-cooker-tequila-lime-chicken-tacos-recipe
To Make Lobster Stock,
Greek-Style Shrimp,
Goat Cheese-Stuffed Turkey Burgers with Roasted Red Pepper Relish,https://www.epicurious.com/recipes/food/views/goat-cheese-stuffed-turkey-burgers-with-roasted-red-pepper-relish-2279
Fruit Salad with Poppy Seed Dressing,
Rosemary-Balsamic Onions,https://www.epicurious.com/recipes/food/views/rosemary-balsamic-onions-51239760
Stuffed Artichokes,https://www.epicurious.com/recipes/food/views/stuffed-artichokes-240554
Grilled Italian Sausages,
Grand Marnier Souffles with Crème Anglaise,
Chinese Broccoli with Crabmeat,
Plum Chili Salsa,https://www.epicurious.com/recipes/food/views/plum-chili-salsa-10362
Smoked Salmon on Cream Cheese Toasts with Chives,
"Sunflower Seed ""Risotto"" With Squash and Mushrooms",https://www.epicurious.com/recipes/food/views/sunflower-seed-risotto-with-squash-and-mushrooms
Skewered Honey-Glazed Scallops with Peach Salsa,
"Curried Rice, Beans and Vegetable Pilaf",
The Dandy Lion,https://www.epicurious.com/recipes/food/views/the-dandy-lion-394702
Indian Sweet Coconut Dumplings,
Whole Grain Pancakes with Wild Blueberry-Maple Syrup,
Dilled Walnut and Cottage Cheese Cloverleaf Rolls,
Roasted Beet and Feta Gratin with Fresh Mint,https://www.epicurious.com/recipes/food/views/roasted-beet-and-feta-gratin-with-fresh-mint-361249
Mixed Seafood Grill with Paprika-Lemon Dressing,https://www.epicurious.com/recipes/food/views/mixed-seafood-grill-with-paprika-lemon-dressing-238229
"Spit-Roasted Chicken with Herbs Under the Skin, Garden Vegetables, Toasted Country Bread, and Roasti",https://www.epicurious.com/recipes/food/views/spit-roasted-chicken-with-herbs-under-the-skin-garden-vegetables-toasted-country-bread-and-roasti-105878
Baked Eggs with Spinach,
Gingered Beet Risotto,
Salsa Vinaigrette,
Sweet Potato and Gruyère Soufflé,
Pesto,
"Poisson Cru (""Tahitian Salad"")",https://www.epicurious.com/recipes/food/views/poisson-cru-tahitian-salad-242084
"White Bean, Kale and Roasted Vegetable Soup",
Sliced Steak with Arugula,
Rhubarb Ginger Cooler,
Fried Squid with Aïoli,
Roast Pork Tenderloin with Creamed Corn and Apple-Raisin Chutney,https://www.epicurious.com/recipes/food/views/roast-pork-tenderloin-with-creamed-corn-and-apple-raisin-chutney-107862
"Stuffed Turkey with Lemon, Oregano, and Red Onions",
Hazelnut Panforte,
Apricot Almond Linzertorte,
Warm Pumpkin Salad with Polenta and Candied Pumpkin Seeds,
Egg Noodles with Brown Butter and Feta,https://www.epicurious.com/recipes/food/views/egg-noodles-with-brown-butter-and-feta-235028
Mâitre d'Hôtel Butter,https://www.epicurious.com/recipes/food/views/maitre-dhotel-butter-56389549
Ditalini Risotto,
Steak and Eggs Korean Style,
Scrambled Eggs with Onions and Smoked Salmon,
Fettuccine With Brussels Sprouts and Pine Nuts,
Meatballs in Tomato-Serrano Chile Sauce,
Orecchiette with Cannellini and Broccoli,https://www.epicurious.com/recipes/food/views/orecchiette-with-cannellini-and-broccoli-107854
Red Wine-Raspberry Sorbet,https://www.epicurious.com/recipes/food/views/red-wine-raspberry-sorbet-363438
Broiled Salmon Steaks with Horseradish Crust,
BBQ Beef Brisket,
Miso-Marinated Cod with Balsamic Vinegar and Grapefruit,
Rib-Eye Steak with Warm Tomato Corn Salad,
Cherry-Chocolate Chunk Ice Cream,
Smoked-Chicken and Cranberry Salad,
Apple Cider Vinaigrette,
Shrimp and Mushrooms in Spicy Black Bean Oyster Sauce,
Jenga Ribs,https://www.epicurious.com/recipes/food/views/jenga-ribs-51143000
Jerked Shrimp with Melon Salsa,
Cardamom Rice Pudding (Payasam),
Salmon Tournedos with Herb Sauce,
"Linguine with Gorgonzola, Prosciutto, and Spinach Caffè Phoenix",https://www.epicurious.com/recipes/food/views/linguine-with-gorgonzola-prosciutto-and-spinach-caffe-phoenix-13031
Butternut Squash Lasagna Rolls,
Apple-Prune Crisp with Hazelnut Topping,
Steamed Fiddleheads with Horseradish Scallion Sauce,https://www.epicurious.com/recipes/food/views/steamed-fiddleheads-with-horseradish-scallion-sauce-11926
Pork Fricassée with Mushrooms and Carrots,
White Bean Soup with Duck Confit,https://www.epicurious.com/recipes/food/views/white-bean-soup-with-duck-confit-243546
Hummus & Curried Cauliflower Tartine,https://www.epicurious.com/recipes/food/views/hummus-curried-cauliflower-tartine-51180220
Estouffade de Noël,
Savoy Cabbage and Radicchio Slaw with Blood Orange Dressing,
"Sauted Scallops with Cherry Tomatoes, Green Onions, and Parsley",
Shrimp and Scallops with White Bean and Herb Sauce,
Clams with Andouille Sausage,
Hanoi Turmeric Grilled Fish with Dill and Onion,
Lime-Cilantro Yogurt Sauce,
Boiled Lobster Dinner with Sesame Mayonnaise,https://www.epicurious.com/recipes/food/views/boiled-lobster-dinner-with-sesame-mayonnaise-354173
"Velvet Chicken with Mushrooms, Spinach, and Ginger-Lemon Sauce",
Tomato Water Bloody Mary,
Cinnamon and Clove Cranberry Sauce,
Chimichurri Rojo,
Bacon and Egg Sandwiches with Pickled Spring Onions,
"Rosemary-Sage Burgers with Apple Slaw and Chive ""Mayo""",https://www.epicurious.com/recipes/food/views/rosemary-sage-burgers-with-apple-slaw-and-chive-mayo-231148
Cheller's Chews,
Creamy Fettuccine with Bacon,
Thai Spareribs,
Coconut-Vegetable Slaw,https://www.epicurious.com/recipes/food/views/coconut-vegetable-slaw
Mango-Cucumber Wine Cooler,https://www.epicurious.com/recipes/food/views/mango-cucumber-wine-cooler-366416
Linguine with Tomato-Leek Sauce,
Pan-Grilled Salmon on Toast with Scallion Mayonnaise,
Carrot Soup with Orange and Tarragon,
Black Olive Aïoli,https://www.epicurious.com/recipes/food/views/black-olive-aioli-51204620
Hanger Steak with Mushrooms and Red Wine Sauce,https://www.epicurious.com/recipes/food/views/hanger-steak-with-mushrooms-and-red-wine-sauce-367758
Shaved Cauliflower Salad,
"Roasted Butternut Squash Ribbons with Arugula, Pancetta, and Hazelnut Salad",
Curried Turkey Burgers,
Chinese-Style Rice,
"Pasta with White Beans, Tomatoes, and Escarole",
Kreplach,
Apple and Blackberry Sorbet,
Vegetarian Cassoulet,
Golden Crisp Daikon Cake with Spicy Herb Soy Sauce,https://www.epicurious.com/recipes/food/views/golden-crisp-daikon-cake-with-spicy-herb-soy-sauce-237085
Grilled Marinated London Broil,
Arugula Salad with Carrot and Yellow Pepper,
Orange Almond Torte with Orange Sauce and Marsala Cream,https://www.epicurious.com/recipes/food/views/orange-almond-torte-with-orange-sauce-and-marsala-cream-541
"Cauliflower Pizzas With Mozzarella, Kale, and Lemon",
Creamy Stone-Ground Grits,https://www.epicurious.com/recipes/food/views/creamy-stone-ground-grits-241178
"Pancetta, Leek, and Goat Cheese Tartlets",
Panettone Panzanella with Pancetta and Brussels Sprouts,
"Roasted Onion, Caper, and Tarragon Sauce",
Spring Vegetable Risotto with Poached Eggs,https://www.epicurious.com/recipes/food/views/spring-vegetable-risotto-with-poached-eggs-51154950
Waiting for Wilma Pie (Chocolate Caramel Pecan Pie),
White Chocolate and Orange Soufflé,
Farfalle with Tomatoes and Feta Cheese,
Scallop Potatoes with Gouda and Fennel,
"Potato, Cucumber and Dill Salad",
Spinach-Stuffed Chicken Breasts,
Cheesecake Ice Cream with Strawberry Sauce,
Spiced-Pear Pie,
Pecorino-Crusted Chicken with Mushroom Salad,https://www.epicurious.com/recipes/food/views/pecorino-crusted-chicken-with-mushroom-salad-395063
Zucchini-Blossom Quesadillas,
Sour Cream Chocolate Cake,
Turkey Cheddar Sandwiches with Honey Mustard,https://www.epicurious.com/recipes/food/views/turkey-cheddar-sandwiches-with-honey-mustard-101442
Fish Stew with Fennel and Baby Potatoes,https://www.epicurious.com/recipes/food/views/fish-stew-with-fennel-and-baby-potatoes-51232040
Maple-Walnut Espresso Torte,https://www.epicurious.com/recipes/food/views/maple-walnut-espresso-torte-231899
Baked Sea Bass with Walnut-Breadcrumb Crust and Lemon-Dill Sauce,
Summer Seafood Stew,
Deep-Fried Masa Turnovers with Crab,
Poached Eggs in Pipérade,
Branzino with Herbs and Tomato Jam,https://www.epicurious.com/recipes/food/views/branzino-with-herbs-and-tomato-jam-51175000
Chocolate and Mixed Nut Tart in Cookie Crust,
Kombu Celery,https://www.epicurious.com/recipes/food/views/kombu-celery
Spicy Sweet-and-Sour Grilled Chicken,https://www.epicurious.com/recipes/food/views/spicy-sweet-and-sour-grilled-chicken-51137440
Milk Punch with Brandy and Rum,
Grilled Salmon with Quick Blueberry Pan Sauce,
"Pasta Shells with Prosciutto, Ricotta and Mushrooms",
"Pasta Salad with Melon, Pancetta, and Ricotta Salata",https://www.epicurious.com/recipes/food/views/pasta-salad-with-melon-pancetta-and-ricotta-salata-51108220
Herb-Braised Ham,https://www.epicurious.com/recipes/food/views/herb-braised-ham-108884
Ginger and Pink Grapefruit Cheesecake,
Liptauer Cheese,https://www.epicurious.com/recipes/food/views/liptauer-cheese-11040
Mustard-Glazed Baby Carrots,
Muffuletta Spread,
Cumin-Crusted Lamb with Apricots,
Pretzel-Crusted Pork Chops with Orange-Mustard Sauce,
Grilled Spiced Garlic Skirt Steak,
Barbecue Turkey Sandwiches,
The Last Word,
Confit of Winter Fruits,
Chocolate Egg Cream,
Butternut Squash Flan with Parmesan Sage Sauce,https://www.epicurious.com/recipes/food/views/butternut-squash-flan-with-parmesan-sage-sauce-230738
Parmesan Mustard Chicken Wings,
Apricot Raspberry Pie,
Garlic Rosemary Bagel Crisps,https://www.epicurious.com/recipes/food/views/garlic-rosemary-bagel-crisps-10746
Farmers Market Salad with Aged Gouda and Roasted Portabellas,https://www.epicurious.com/recipes/food/views/farmers-market-salad-with-aged-gouda-and-roasted-portabellas-354521
Roasted Tomato and Bell Pepper Salsa,
Roast Pork Tenderloin with Mustard-Tarragon Sauce,
Roasted Turkey Breast with Balsamic Glaze and Bell Pepper-Onion Sauté,
Baked Scallops with Herbed Breadcrumb Topping,
Green Beans with Ginger and Cashews,
"Basmati Rice with Raisins, Nuts and Peas",
Roasted Fennel with Olives and Garlic,
Braised Short Ribs with Carrots and Onions,
Peanut Butter and Banana Sandwiches,
Asian Chicken and Water Chestnut Patties,
Tomato Gratin with White Cheddar Breadcrumbs,
Cherry Tomato Polenta Tartlets with Basil Mayonnaise,https://www.epicurious.com/recipes/food/views/cherry-tomato-polenta-tartlets-with-basil-mayonnaise-108429
Mexican Corn,
Mustard-Roasted Salmon with Lingonberry Sauce,
Chilled Minted Cucumber Honeydew Soup,
Wood-Smoked Tri-Tip with Sicilian Herb Sauce,https://www.epicurious.com/recipes/food/views/wood-smoked-tri-tip-with-sicilian-herb-sauce-238793
Korean-Style Noodles with Vegetables,
Thai Green Curry with Seafood,
Honeyed Chestnut Corn Bread,
Garlic Mojo Hot Dogs,https://www.epicurious.com/recipes/food/views/garlic-mojo-hot-dogs-353836
Tapioca with Stewed Apples and Apricots,https://www.epicurious.com/recipes/food/views/tapioca-with-stewed-apples-and-apricots-51137400
"Mâche, Frisée, and Radish Salad with Mustard Vinaigrette",https://www.epicurious.com/recipes/food/views/mache-frisee-and-radish-salad-with-mustard-vinaigrette-238446
Chai-Poached Apricots and Plums,https://www.epicurious.com/recipes/food/views/chai-poached-apricots-and-plums-233809
Persian-Style Carrots and Black-Eyed Peas,https://www.epicurious.com/recipes/food/views/persian-style-carrots-and-black-eyed-peas
"Kale, Potato, and Onion Frittata",
"Sauteed Fennel, Capers and Arugula",
Seared Sea Bass with Fresh Herbs and Lemon,
Ginger and Garlic Broccoli,
Puerco Asado,
Slow Cooker Bone Broth,
Grilled Salmon Fillets with Balsamic Glaze,
"Three-Onion, Sun-Dried Tomato, Olive Tart",https://www.epicurious.com/recipes/food/views/three-onion-sun-dried-tomato-olive-tart-11087
Warm Chocolate Cake with Chocolate Almond Brittle,
Lemon Tart Brûlée,
Cream of Cauliflower Soup,
Ipanema Punch,https://www.epicurious.com/recipes/food/views/ipanema-punch-363306
Ruby Fizz,https://www.epicurious.com/recipes/food/views/ruby-fizz-200440
Melon Carpaccio,
Green Beans with Red Onion and Olives,
Warm Lemon Chiboust with Lemon Thyme Infused Milk Chocolate Velouté,https://www.epicurious.com/recipes/food/views/warm-lemon-chiboust-with-lemon-thyme-infused-milk-chocolate-veloute-236370
Pantry Pasta,
Oil-Poached Tuna with Escarole and Lima Beans,
Braised Meat with Butternut Squash,
Golden Granola,
"Kale, Butternut Squash, and Pancetta Pie",
Little Gem Lettuce With Green Goddess Dressing,https://www.epicurious.com/recipes/food/views/little-gem-lettuce-with-green-goddess-dressing
"Linguine with Arugula, Pine Nuts and Parmesan Cheese",
No-Bake Chocolate Torte Salamon,https://www.epicurious.com/recipes/food/views/no-bake-chocolate-torte-salamon-15272
Grilled Butterflied Prawns with Sriracha-Lemongrass Butter,https://www.epicurious.com/recipes/food/views/grilled-butterflied-prawns-with-sriracha-lemongrass-butter-51239010
Charmoula,
Smoked Mozzarella and Roasted Pepper with Olive Dressing on Italian Bread,
"Shrimp, Mango, and Avocado Salad with Sweet Chili-Ginger Vinaigrette",https://www.epicurious.com/recipes/food/views/shrimp-mango-and-avocado-salad-with-sweet-chili-ginger-vinaigrette-359951
"Tomato Salad with Cucumbers, Arugula, and Sardines",
"Fennel, Arugula, and Smoked-Trout Salad with Horseradish Dressing",
Apple and Walnut Whole-Wheat Bread Pudding,
Roast Beef Sandwiches with Whole Grain Mustard and Cranberries,https://www.epicurious.com/recipes/food/views/roast-beef-sandwiches-with-whole-grain-mustard-and-cranberries-354305
Skirt Steak with Red-Wine Sauce,
Bolo,
Melon and Prosciutto with Balsamic Vinegar and Mint,
Chocolate Currant Cake with Tangy Chocolate Frosting,
Mussels in Romesco Sauce,
Mexican-Style Cheese and Sausage Casserole,
Jasmine Whipped Cream,
Spiced Sliders with Date Ketchup,https://www.epicurious.com/recipes/food/views/spiced-sliders-with-date-ketchup-51234020
Honey-Lemon Custard with Fruit,https://www.epicurious.com/recipes/food/views/honey-lemon-custard-with-fruit-51104290
Spicy Red Rice with Chicken and Vegetables,
Best Cranberry Relish,
Potato and Garlic Soup with Herbs,
"Greek-Spiced Game Hen with Clementines, Artichokes, and Olives",https://www.epicurious.com/recipes/food/views/greek-spiced-game-hen-with-clementines-artichokes-and-olives-109079
"Quinoa, Bacon, and Blue Cheese Fritters with Horseradish-Yogurt Sauce",https://www.epicurious.com/recipes/food/views/quinoa-bacon-and-blue-cheese-fritters-with-horseradish-yogurt-sauce-51125000
Tomatoes Stuffed with Bulgur and Pine Nuts,https://www.epicurious.com/recipes/food/views/tomatoes-stuffed-with-bulgur-and-pine-nuts-105228
Mashed Potatoes with Crimini Mushrooms,
Basic Crab Pan Sauce,
Chile-Macadamia Brittle,
Minty Blueberry Shake,
Great Curry in a Hurry,
"Italian Turkey, Bean, and Tomato Soup",
Seared Salmon with Thai Vegetables,
Cantaloupe and Pancetta Cream Sauce for Pasta,https://www.epicurious.com/recipes/food/views/cantaloupe-and-pancetta-cream-sauce-for-pasta
Coconut-Vegetable Curry,
Wild Rice and Mushroom Stuffing,
Apricot Almond Tart,
Pepperoni and Asiago Pinwheels,
Moroccan Roasted Chicken,
Chewy Almond-Raspberry Sandwich Cookies,
Fried Anchovies with Salbixtada Sauce,
White Nectarine Sorbet with White Peach Ice Cream,
Crown Roast of Pork with Onion and Bread-Crumb Stuffing,
"Banana, Raisin, and Oatmeal Pancakes",
Broccoli Rabe and Provolone Grinders,https://www.epicurious.com/recipes/food/views/broccoli-rabe-and-provolone-grinders-388710
Roasted Vegetables with Balsamic-Lemon Vinaigrette,
Yogurt and Sumac Sauce,https://www.epicurious.com/recipes/food/views/yogurt-and-sumac-sauce-51175240
Goat Cheese and Olive-Stuffed Chicken Breasts,https://www.epicurious.com/recipes/food/views/goat-cheese-and-olive-stuffed-chicken-breasts-101151
Lemony Brussels Sprouts With Bacon and Breadcrumbs,https://www.epicurious.com/recipes/food/views/ba-syn-lemony-brussels-sprouts-with-bacon-and-breadcrumbs
Jive Turkey Deep-Fried Turkey,
Kaimuki Daiquiri,https://www.epicurious.com/recipes/food/views/kaimuki-daiquiri-51175610
Xanthia,https://www.epicurious.com/recipes/food/views/xanthia-200354
Gingerbread Layer Cake with Candied Kumquats,
Maple Walnut Ice Cream,
Breaded Skinless Fish Fillets with Red Pepper Mayonnaise,https://www.epicurious.com/recipes/food/views/breaded-skinless-fish-fillets-with-red-pepper-mayonnaise-241113
Maple Pecan Baked Apples,
Fried-Egg Caesar with Sun-Dried Tomatoes and Prosciutto Breadsticks,https://www.epicurious.com/recipes/food/views/fried-egg-caesar-with-sun-dried-tomatoes-and-prosciutto-breadsticks-242487
Tropical Fruit and Cake Trifle,https://www.epicurious.com/recipes/food/views/tropical-fruit-and-cake-trifle-51207830
"Pink Grapefruit, Avocado, and Watercress Salad",https://www.epicurious.com/recipes/food/views/pink-grapefruit-avocado-and-watercress-salad-363393
Boneless Leg of Lamb Stuffed with Swiss Chard and Feta,
Gingerbread Trifle With Candied Kumquats and Wine-Poached Cranberries,https://www.epicurious.com/recipes/food/views/gingerbread-trifle-with-candied-kumquats-and-wine-poached-cranberries-350790
Down-East Succotash,
Lemon-Lime Basil Shortbread Cookies,
Thai Red Curry Soup with Chicken and Vegetables,
Red Beans and Rice de Guise,
Sausage-Stuffed Mushrooms,
Miss Milton's Lovely Fudge Pie,https://www.epicurious.com/recipes/food/views/miss-miltons-lovely-fudge-pie-109559
Watermelon and Cucumber Gazpacho,
Brussels Sprouts for People Who Think They Hate Brussels Sprouts,
Pete's Burger,https://www.epicurious.com/recipes/food/views/petes-burger-365949
Grilled Lemon Chicken and Moroccan Couscous Salad,https://www.epicurious.com/recipes/food/views/grilled-lemon-chicken-and-moroccan-couscous-salad-242984
Chicken with Mushrooms and Bacon,
Dark-Chocolate Cherry Brownies,
Fairy Belle,https://www.epicurious.com/recipes/food/views/fairy-belle-200506
Homemade Montreal Steak Seasoning,https://www.epicurious.com/recipes/food/views/homemade-montreal-steak-seasoning
"Baked Orzo with Shrimp, Tomato Sauce, and Feta",
Twelve-Fruit Compote,https://www.epicurious.com/recipes/food/views/twelve-fruit-compote-947
Rolled Pork Loin Roast Stuffed With Olives and Herbs,https://www.epicurious.com/recipes/food/views/rolled-pork-loin-roast-stuffed-with-olives-and-herbs
Double-Baked Roquefort Potatoes,
Roasted Orange Molasses Sweet Potatoes,
Sesame Soy Vinaigrette,
Plum Clafoutis,https://www.epicurious.com/recipes/food/views/plum-clafoutis-56389910
"Olive, Rosemary, and Onion Focaccia",
Midwestern Whole Wheat Dried Fruit Stuffing,https://www.epicurious.com/recipes/food/views/midwestern-whole-wheat-dried-fruit-stuffing-814
Mushroom-Stuffed Pork Tenderloin with Celery Root Mashed Potatoes,https://www.epicurious.com/recipes/food/views/mushroom-stuffed-pork-tenderloin-with-celery-root-mashed-potatoes-5224
"Butternut Squash and Noodles with Coconut, Lime and Cilantro Sauce",
"Orecchiette with Savoy Cabbage, Peas, and Lemon Cream",
Archbishop,
Chicken in Riesling with Prunes and Cabbage,
Strawberry Vin Santo Sauce,https://www.epicurious.com/recipes/food/views/strawberry-vin-santo-sauce-103468
Roasted Squash with Date Relish and Pumpkin Seeds,
"Fennel, Leek and Spinach Soup",https://www.epicurious.com/recipes/food/views/fennel-leek-and-spinach-soup-3141
Cherry-Vanilla Tea Cake with Vanilla Sugar,
Smoked Trout Soufflé in a Phyllo Crust,https://www.epicurious.com/recipes/food/views/smoked-trout-souffle-in-a-phyllo-crust-15816
Kid Friendly Puttanesca,https://www.epicurious.com/recipes/food/views/kid-friendly-puttanesca-56389887
Sabayon Lingonberry Mousse,https://www.epicurious.com/recipes/food/views/sabayon-lingonberry-mousse-109137
Chicken with Bell Peppers and Olives,
Sweet-and-Spicy Mixed Nuts,https://www.epicurious.com/recipes/food/views/sweet-and-spicy-mixed-nuts
Boston Cream Pie,https://www.epicurious.com/recipes/food/views/boston-cream-pie
Arugula Pesto Potato Salad,https://www.epicurious.com/recipes/food/views/arugula-pesto-potato-salad-12379
Shaved Root Vegetable Salad,
Broccoli Spears with Garlic Sauce,
Grilled Spice-Rubbed Flank Steak,
Argentine-Style Beef with Chimichurri Sauce,
Jerk Spice–Rubbed Chicken Legs,https://www.epicurious.com/recipes/food/views/jerk-spice-rubbed-chicken-legs
"Pasta with Greens, Goat Cheese and Raisins",
Tomato-Cheddar Pie,https://www.epicurious.com/recipes/food/views/tomato-cheddar-pie-56389874
"Beef Rolls with Parmesan, Pine Nuts, Olives, and Capers",
Napoleon,
Toasted-Coconut Soufflés with Ruby-Red Cranberry Sauce,https://www.epicurious.com/recipes/food/views/toasted-coconut-souffles-with-ruby-red-cranberry-sauce-356336
Brandy Alexander II,
Southern California Crepes,https://www.epicurious.com/recipes/food/views/southern-california-crepes-11760
Hot and Sour Shrimp Soup (Tom Yum Kung),https://www.epicurious.com/recipes/food/views/slow-cooker-hot-and-sour-shrimp-soup-tom-yum-kung-recipe
Whole Grain Cranberry-Apple Scones,
Toreador,https://www.epicurious.com/recipes/food/views/toreador-200278
"Carrot, Apple, and Horseradish Salad",
Pine Nut Caramel Bars,
Pine Nut-Orange Caramel Sauce,
Spicy Mussels in White Wine,
To Warm Tortillas,
Tomato and Ricotta Salata Bruschetta,
Zucchini-Cilantro Dip,
Santa Fe Tortilla Pizza,
Potato and Blue Cheese Gratin,
Toasted-Almond Cookies,
Caramel Pecan Cakes,https://www.epicurious.com/recipes/food/views/caramel-pecan-cakes-350212
Sesame-Cilantro Rice,https://www.epicurious.com/recipes/food/views/sesame-cilantro-rice-363720
Peaches and Raspberries in Ancho Syrup with Chile Threads,https://www.epicurious.com/recipes/food/views/peaches-and-raspberries-in-ancho-syrup-with-chile-threads-232512
Maple Tea Scones,
"Bruschetta with White Beans, Tomatoes and Olives",
Leave It to Me,
"Roast Vermont Turkey with Giblet Gravy and Sausage and Sage Dressing, for Thanksgiving",
Baked Tomatoes with Hazelnut Bread Crumbs,https://www.epicurious.com/recipes/food/views/baked-tomatoes-with-hazelnut-bread-crumbs-354506
"Pork, Beef, and Black Bean Chili",
Pan-Fried Pork Chops,
Gingerbread-Raisin Scones,
Pan-Seared Fish Fillets in Ginger Broth,https://www.epicurious.com/recipes/food/views/pan-seared-fish-fillets-in-ginger-broth-233537
Fried Cardoons,
Rhubarb and Raspberry Jam Roly-Poly with Vanilla Custard Sauce,
"Spaghetti with Cremini Mushrooms, Lemon, and Thyme",
Herb-Brined Turkey with Pear Gravy,
Chocolate Sheet Cake with Sour Cream Frosting,
Shrimp and Grits Fritters,
Roasted Beet Relish with Apricots,
Four-Layer Lemon Torte with Lemon Cream Cheese Frosting,https://www.epicurious.com/recipes/food/views/four-layer-lemon-torte-with-lemon-cream-cheese-frosting-5196
Steamed Broccoli with Olive Oil and Parmesan,
Standing Rib Roast with Rosemary-Thyme Crust,
Pasta Primavera Pronto,
Goan Shrimp in Roasted-Coconut Sauce,
"Braised Fish with Fennel, Tomatoes and Olives",https://www.epicurious.com/recipes/food/views/braised-fish-with-fennel-tomatoes-and-olives-413
Chocolate Raisin Bread Pudding,
The Retro Highball,
Yellow Bell Pepper Soup,
Sauteed Potatoes,
"Lamb Meatballs with Escarole, Cipollini Onions, and Cranberry Beans",https://www.epicurious.com/recipes/food/views/lamb-meatballs-with-escarole-cipollini-onions-and-cranberry-beans
Paprika-Glazed Baby Back Ribs,
Vin Santo Zabaglione with Orange and Grapefruit,
"Mango, Jícama and Corn Salad",
Crepes with Homemade Fruit Syrup,https://www.epicurious.com/recipes/food/views/crepes-with-homemade-fruit-syrup-240051
Red Chili Powder,
Summer Tomato and Bell Pepper Soup,
Southern Gin,
Soba Noodle Salad with Cucumber and Mango,
Rosemary Olive Oil Bread,https://www.epicurious.com/recipes/food/views/rosemary-olive-oil-bread
Chocolate-Malt Cake,
Ginger Pineapple Sparkling Punch,
"Prosciutto, Munster, and Cumin Corn-Bread Sandwiches",https://www.epicurious.com/recipes/food/views/prosciutto-munster-and-cumin-corn-bread-sandwiches-11474
Cranberry-Port Conserve,
"Shrimp, Endive and Watercress Salad",
Passover Chremslach,
Spiced Saffron Rice,
Swordfish with Lime-Ginger Glaze,
Rigatoni with Cheese and Italian Sausage,
Salmon Cakes with Lemon-Herb Mayonnaise,
"Raw Artichoke Salad, Celery, and Parmesan",
Sweet-Potato Pancakes with Caviar,
"Coconut and Palm Sugar Syrup with Tapioca, Tropical Fruit, and Shaved Ice",
Mango Rum Batida,
Winter Greens Gratin,
Zucchini Curry,
Vanilla Cream,
Strawberry Gelato,
Tuscan Panzanella,
Pear Croustade with Lemon Pastry and Almonds,https://www.epicurious.com/recipes/food/views/pear-croustade-with-lemon-pastry-and-almonds-240089
Classic Cabbage Kimchi,
Teriyaki Scallops and Green Onions,
Cherry and Plum Bruschetta,https://www.epicurious.com/recipes/food/views/cherry-and-plum-bruschetta-51169500
Chile-Garlic Shrimp,
Genoa Toasts,
Gingered Pear and Currant Breads,
Crudités with Lemon-Garlic Aïoli,
Greek Chicken Salad,
Cucumber Yum Yum Cocktail,https://www.epicurious.com/recipes/food/views/cucumber-yum-yum-cocktail-359374
Pasta Frittata with Broccoli Rabe and Sun-Dried Tomatoes,
Ice Cream with Figs Poached in Port and Star Anise,
Avocado-Mango Salsa,
Chicken Paillards with Clementine Salsa,https://www.epicurious.com/recipes/food/views/chicken-paillards-with-clementine-salsa-356331
Strawberry Tarts with Ginger-Nut Crust,
"Sheet-Pan Cumin Chicken Thighs With Squash, Fennel, and Grapes",
Ancho Pasilla Sauce,
Piquant Crab on Jícama Wedges,https://www.epicurious.com/recipes/food/views/piquant-crab-on-jicama-wedges-14141
Hudson Bay,https://www.epicurious.com/recipes/food/views/hudson-bay-358327
To Quick-Roast and Peel Chilies or Peppers,https://www.epicurious.com/recipes/food/views/to-quick-roast-and-peel-chilies-or-peppers-14149
Rajas con Crema,
Pickled Beets with Star Anise,
Carrot Cupcakes with Ginger-Cream Cheese Icing,
Whipped Crème Fraîche,
Chocolate Mint Layer Cake,
Red Bean and Sausage Cakes with Poached Eggs and Cilantro Salsa,https://www.epicurious.com/recipes/food/views/red-bean-and-sausage-cakes-with-poached-eggs-and-cilantro-salsa-357232
Leeks Vinaigrette with Burrata Cheese and Mustard,https://www.epicurious.com/recipes/food/views/leeks-vinaigrette-with-burrata-cheese-and-mustard-243439
Goat Cheese and Honey Blancmange,https://www.epicurious.com/recipes/food/views/goat-cheese-and-honey-blancmange-240232
Foamy White Steamed Rice and Bean Dumplings,https://www.epicurious.com/recipes/food/views/foamy-white-steamed-rice-and-bean-dumplings-230900
Steamed Rice and Bean Dumplings in Spicy Lentil and Radish Sauce,
White Cheddar Polenta with Sauteed Greens and Garlic-Roasted Portobellos,https://www.epicurious.com/recipes/food/views/white-cheddar-polenta-with-sauteed-greens-and-garlic-roasted-portobellos-104587
Cranberry Bourbon Spritzer,
Roasted Pork Tenderloin with Butternut Squash Mash and Tarragon Gravy,
Slow-Grilled Leg of Lamb with Mint Yogurt and Salsa Verde,https://www.epicurious.com/recipes/food/views/slow-grilled-leg-of-lamb-with-mint-yogurt-and-salsa-verde-56389667
Flaming Brandy Punch,
Caramel-Orange Bûche de Noël,
Grilled Corn Salad with Lima Beans and Tomatoes,
Cranberry-Raspberry Compote,
"Quick Sweet Potato, Mushroom, and Black Bean Burrito",https://www.epicurious.com/recipes/food/views/quick-sweet-potato-mushroom-and-black-bean-burrito
Pan-Seared Sea Scallops on Red Onion Marmalade,
Butternut Squash & Apple Soup,
Maple Cream Cheese Pastries,
Perfect Bourbon Manhattans,
Rotelle with Roasted Zucchini and Italian Sausage,
Spiced Nectarine Cake,
Raspberry Sorbet,
Cumin Coconut Chips,
Spicy Gumbo-Laya,
Puebla Chicken and Potato Stew,
Barbecue Spice-Brined Grilled Turkey,https://www.epicurious.com/recipes/food/views/barbecue-spice-brined-grilled-turkey
Cardamom Ambrosia Salad with Blue Cheese Dressing,https://www.epicurious.com/recipes/food/views/cardamom-ambrosia-salad-with-blue-cheese-dressing-56389769
Curry Oil,
Creamy White Bean and Chorizo Soup,
3-Ingredient Ice Cream French Toast,https://www.epicurious.com/recipes/food/views/3-ingredient-ice-cream-french-toast
"Salmon, Mustard Greens and Potatoes with Mustard-Dill Glaze",
Sundaes with Chocolate Caramel and Macadamia Nut Sauce,
"Tofu, Greens and Sun-Dried Tomato Strudel with Red Pepper Sauce",https://www.epicurious.com/recipes/food/views/tofu-greens-and-sun-dried-tomato-strudel-with-red-pepper-sauce-103891
Steamed Soy Milk Custard,https://www.epicurious.com/recipes/food/views/steamed-soy-milk-custard-363170
Vanilla-Roasted Rhubarb and Strawberries,
Turkey and Vegetable Sauté,
Nectarine and Blue Cheese Salad with Plum Vinaigrette,https://www.epicurious.com/recipes/food/views/nectarine-and-blue-cheese-salad-with-plum-vinaigrette-51108380
Fried Calamari Salad,
Glazed Turnips,
Seared Salmon with Citrus-Soy Glaze,
Warm Chocolate Cakes with Coffee Crème Anglaise,
Baked Apples with Raisins,
Chocolate-Frangelico Crème Anglaise Coupes with Fresh Raspberries,https://www.epicurious.com/recipes/food/views/chocolate-frangelico-creme-anglaise-coupes-with-fresh-raspberries-103798
To Quick-Roast and Peel Peppers,
Garlic Tomato Sauce,
Saffron Shrimp Paella,
Dried Cranberry Compote,
Smoked Summer Tomato Basil Butter,
Guava-Stuffed Chicken with Caramelized Mango,https://www.epicurious.com/recipes/food/views/guava-stuffed-chicken-with-caramelized-mango-234806
Spiced Fruit Compote,
Mojo Pork Tacos With Sweet Apple Slaw,https://www.epicurious.com/recipes/food/views/mojo-pork-tacos-with-sweet-apple-slaw
Beer Cheese Fondue,
"Vietnamese ""Pho"" Rice Noodle Soup with Beef",
Romaine with Garlic Lemon Anchovy Dressing,
Stir-Fried Spinach in Garlic Sauce,
Tortilla Espanola with Saffron Aïoli,
Artillery,
Blue Cheese-Bacon Focaccia,https://www.epicurious.com/recipes/food/views/blue-cheese-bacon-focaccia-367750
Autumn Root Vegetable Purée,https://www.epicurious.com/recipes/food/views/autumn-root-vegetable-puree-231140
Sausage and Vegetable Sauté with Eggs,
Buckwheat Banana Cake With Yogurt-Espresso Frosting,
Plum Küchen,
Candied Sweet Potatoes,
Fines Herbes Butter,
Cumin Apple Chips,https://www.epicurious.com/recipes/food/views/cumin-apple-chips-105442
Mini Ham and Cheese Rolls,
Braised Lamb Shanks with Artichokes,
Gingered Pear Pie with Golden Raisins,
Seared Scallops with Avocado and Daikon,https://www.epicurious.com/recipes/food/views/seared-scallops-with-avocado-and-daikon-51214680
Smoked Gouda Grits,https://www.epicurious.com/recipes/food/views/smoked-gouda-grits-51234030
Grilled Corn,
"Red Pepper, Cilantro, Walnut, and Jalapeño Relish",
Hungarian-Style Beef with Bell Peppers and Caraway,
Kabocha Squash Pilaf With Coconut,
Peanut Noodles with Gingered Vegetables and Tofu,
Farro and Tomato Salad With Fish-Sauce Vinaigrette,
Extra-Buttery Mashed Spuds,https://www.epicurious.com/recipes/food/views/extra-buttery-mashed-spuds-51255540
Chipotle Beef Stew,
Grilled Chicken and Hot Cherry Pepper Panino,https://www.epicurious.com/recipes/food/views/grilled-chicken-and-hot-cherry-pepper-panino-354500
Peaches 'n' Cream Eclairs with Bourbon Caramel Sauce,https://www.epicurious.com/recipes/food/views/peaches-n-cream-eclairs-with-bourbon-caramel-sauce-238976
Diner-Style Bacon for a Crowd,https://www.epicurious.com/recipes/food/views/diner-style-bacon-for-a-crowd
Espresso Kahlua Brownies,
To Zest Citrus Fruits,https://www.epicurious.com/recipes/food/views/to-zest-citrus-fruits-106139
Sausage and Mushroom Phyllo Twists,
Frozen Peach Daiquiri,
Endive and Asian Pear Salad,
Honeydew and Prosciutto with Greens and Mint Vinaigrette,https://www.epicurious.com/recipes/food/views/honeydew-and-prosciutto-with-greens-and-mint-vinaigrette-232687
Asian Vegetables with Tofu and Coconut Milk,
Chinese Fried Rice Deluxe,
Molasses-Baked Onions,
Braised Veal Breast with Bulb Vegetables,
Grilled Pork Chops with Bourbon-Mustard Glaze,
Cappuccino Creams,
Corn and Bacon Pie,
Smoked Turkey Wraps with Mango and Curried Mayonnaise,
Rich Autumn Pork Stew with Beer,https://www.epicurious.com/recipes/food/views/rich-autumn-pork-stew-with-beer-355309
Bucatini Carbonara with Zucchini,
Sausages and Pork Chops Baked with Fruited Sauerkraut,
Skirt Steak and Horseradish Potato Salad,https://www.epicurious.com/recipes/food/views/skirt-steak-and-horseradish-potato-salad-354291
Paleo Granola With Coconut and Almonds,
"Rigatoni with Spicy Sausage-Tomato Sauce, Arugula, and Parmesan",
Garlic Bread Puddings,
Chinese Scallion Lamb,https://www.epicurious.com/recipes/food/views/chinese-scallion-lamb-20082
New Chicken Parmesan,
Feta-Pine Nut Spread,https://www.epicurious.com/recipes/food/views/feta-pine-nut-spread-103477
Three Miller,
Peach Baked Alaskas with Spiced Peaches and Raspberries,
Apricot Cream Tart,
Spiced Stonington Shrimp Steamed in Beer,
One-of-Each Soup,https://www.epicurious.com/recipes/food/views/one-of-each-soup-105905
Grilled Mushroom Salad with Arugula,
Labneh,https://www.epicurious.com/recipes/food/views/ba-syn-homemade-labneh-recipe
Pumpkin Flan with Spiced Pumpkin Seeds,https://www.epicurious.com/recipes/food/views/pumpkin-flan-with-spiced-pumpkin-seeds-233017
Broiled Plums with Maple Syrup and Cinnamon Toasts,
Pistachio Ice Cream,https://www.epicurious.com/recipes/food/views/pistachio-ice-cream-5902
Walnut Cheesecakes with Tokay Syrup,
Maine Lobster Bake,
Lamb and Yellow Split Pea Stew,
Chicken & Broccoli with Crispy Noodles,
Cider-Braised Chicken,
Grilled Lamb Chops with Curried Couscous and Zucchini Raita,
Tomato-Basil Crab Bisque,https://www.epicurious.com/recipes/food/views/tomato-basil-crab-bisque-108435
Breakfast Cookies,
Roasted Rosemary Potatoes,
Blue Cheese Shortbread Leaves with Cream Cheese-Chutney Roulade,https://www.epicurious.com/recipes/food/views/blue-cheese-shortbread-leaves-with-cream-cheese-chutney-roulade-107244
Lime-Pickled Red Onion,https://www.epicurious.com/recipes/food/views/ba-syn-lime-pickled-red-onion
"Orzo with Garbanzo Beans, Goat Cheese, and Oregano",
Apple and Sausage Stuffing,
Zucchini and Parmesan Skillet Cake,
Raspberry Trifle,
Smorgastarta,
Fish Soup with Tomatoes and Red Pepper-Garlic Sauce,
Plum-Blackberry Streusel Pie,https://www.epicurious.com/recipes/food/views/plum-blackberry-streusel-pie-354233
Cinnamon Cocoa Meringues with Vanilla Ice Cream and Cinnamon Chocolate Sauce,
Lamb en Daube,
Stuffed Peppers,
Roasted Pork Loin with Tropical Fruits,
Simple Leek and Ricotta Tarts,
Spiced Couscous with Raisins and Almonds,
Pear and Sour Cherry Mincemeat,
Black Plum Sorbet,
Pickled Quail Eggs,
Roasted Yams with Crème Fraîche and Chives,
Eggplant Parmesan With Fresh Mozzarella,
Grilled Pork Chops with Pineapple Salsa,
Ginger and Honey Baby Back Ribs,
Strawberry Coulis,
"Noodles with Pesto, Parmesan and Broccoli",
Cheddar Dill Biscuits,
Olive Oil-Baked Beet Chips With Sea Salt And Black Pepper,https://www.epicurious.com/recipes/food/views/olive-oil-baked-beet-chips-with-sea-salt-and-black-pepper-51238670
Fish House Punch,
Moroccan Carrot and Goat Cheese Sandwiches with Green Olive Tapenade,https://www.epicurious.com/recipes/food/views/moroccan-carrot-and-goat-cheese-sandwiches-with-green-olive-tapenade-106890
"Campanelle with White Beans, Lemon, and Burrata",https://www.epicurious.com/recipes/food/views/campanelle-with-white-beans-lemon-and-burrata-56389795
Green-Curry Chicken with Peas and Basil,
Paad Thai,
Caramelized-Onion and Wine-Braised Brisket with Glazed Vegetables,
Lemon Layer Cake,
"Cauliflower Soup with Seared Scallops, Lemon Oil, and American Caviar",
Sour Cherry Cobbler,
Buffalo Chicken Burger,
Fever Cocktails,
Lime Mascarpone Panna Cotta with Raspberries,
Lion's Head Casserole,
Spicy Indian Orzo,
Blue Cheese and Caramelized-Onion Squares,
Bell Pepper and Tomato Relish,
Classic Chicken and Coconut Soup,
"All-Crustacean Canapés, Garnished with Deep-Fried Capers",https://www.epicurious.com/recipes/food/views/all-crustacean-canapes-garnished-with-deep-fried-capers-351160
S'mores Sandwich Cookies,
Lime Ice Cream Torte Topped with Berry Sorbets,https://www.epicurious.com/recipes/food/views/lime-ice-cream-torte-topped-with-berry-sorbets-242991
Chickpeas,
Apple-Walnut-Ginger Galette,
Creamy Asparagus Soup,
Rustic Plum Pie,
Roast Beef Salad,
Heirloom Tomato Terrine,https://www.epicurious.com/recipes/food/views/heirloom-tomato-terrine-242857
Ginger-Scented Chicken Soup,
Tiki Cantaloupe-Coconut Cocktail,https://www.epicurious.com/recipes/food/views/tiki-cantaloupe-coconut-cocktail
Golden Fish Sticks,
Baked Penne Pasta with Wild Mushroom Ragoût,
Black Bean Hummus,
Prune Souffles,
Allison Glock's Inspired Salsa,https://www.epicurious.com/recipes/food/views/allison-glocks-inspired-salsa-230244
Watermelon Lemonade,
Marinated Fried Fish Strips and Potatoes with Onions and Green Peppers,https://www.epicurious.com/recipes/food/views/marinated-fried-fish-strips-and-potatoes-with-onions-and-green-peppers-10412
"Rabbit, Carrot, Leek, and Green Bean Ragoût",https://www.epicurious.com/recipes/food/views/rabbit-carrot-leek-and-green-bean-ragout-104272
Short-Grain Rice,
Fish Brine,https://www.epicurious.com/recipes/food/views/fish-brine-51170430
"Watercress, Pear and Pomegranate Salad",
"Avocado, Kale, Pineapple, and Coconut Smoothie",https://www.epicurious.com/recipes/food/views/avocado-kale-pineapple-and-coconut-smoothie
Pasta Dough,
Red-Lentil Soup,
Huevos Rancheros With Jalapeños and Garlic,
"Veal Stew with Potatoes, Tomatoes and Oregano",
Citrus-Scented Mixed Berry Pie with Oatmeal Lattice Crust,https://www.epicurious.com/recipes/food/views/citrus-scented-mixed-berry-pie-with-oatmeal-lattice-crust-4309
Grilled Game Hen with Moroccan Spices,https://www.epicurious.com/recipes/food/views/grilled-game-hen-with-moroccan-spices-2164
Slow-Baked Spareribs with Mango-Chutney Marinade,
Skewered Strawberry & Marshmallow S'mores,
"Easy Green Curry With Chicken, Bell Pepper, and Sugar Snap Peas",
Chile-Glazed Halibut with Avocado-Tomatillo Sauce,https://www.epicurious.com/recipes/food/views/chile-glazed-halibut-with-avocado-tomatillo-sauce-235337
Blueberry-Almond Coffeecake,
"Cider-Brined, Mustard-Glazed Pork Loin",https://www.epicurious.com/recipes/food/views/cider-brined-mustard-glazed-pork-loin
Roast Lamb with Pistou,
Grilled Scallops with Tabbouleh Salsa,
Sugar Snap Peas with Tarragon Butter,
Fresh Strawberry Ice Cream,
Key Lime Coconut Cake,
Asian Hot Pot with Chicken and Sweet-and-Spicy Dipping Sauce,
Wild Mushroom and Green Bean Salad with Goat Cheese,
Jewel or Bijou,https://www.epicurious.com/recipes/food/views/jewel-or-bijou-200971
Shanghai Soup Dumplings,
Mashed Potatoes with Fontina and Italian Parsley,
"Broccoli and Cauliflower with Lemon, Mustard and Chive Butter",
Spicy Lamb and Lentils with Herbs,https://www.epicurious.com/recipes/food/views/spicy-lamb-and-lentils-with-herbs-51264050
Salsa Chicken Salad,
My Hero,https://www.epicurious.com/recipes/food/views/my-hero-240769
Apple-Raisin Chutney,
Sweet Corn and Tomato Salad with Fresh Cilantro,
Braised Lamb With Rosemary and Garlic,
"Baby Eggplant, Olive, and Herb-Cheese Frittata",
"Green Bean, Yellow Bean and Cherry Tomato Salad",
Sesame Beef and Asparagus Stir-Fry,
Clafouti with Raisins,
Lemon-Almond Buttermilk Loaf with Balsamic Strawberries,
"Warm Black Mission Fig, Walnut Crunch, and Blue Cheese Tartlets",https://www.epicurious.com/recipes/food/views/warm-black-mission-fig-walnut-crunch-and-blue-cheese-tartlets-236218
Cabbage and Apple Slaw with Butter-Toasted Pecans,https://www.epicurious.com/recipes/food/views/cabbage-and-apple-slaw-with-butter-toasted-pecans-15839
Kimchi-Braised Chicken With Bacon,https://www.epicurious.com/recipes/food/views/kimchi-braised-chicken-with-bacon
Broccoli Soup with Cheddar Cheese,
"Breakfast Tacos With Homemade Chorizo, Crispy Potatoes, and Egg",
Spinach Salad with Grilled Eggplant and Feta,
Wilted Chard With Shallots and Vinegar,
Sesame Chicken and Shiitake Stir-Fry,
Shrimp Scampi with Quick Preserved Lemon and Fennel on Polenta,
Peach Patty-Cakes with Cream,
Rib-Eye Steaks with Garbanzo and Green Bean Salad,
Grilled Shrimp with Roasted Garlic-Herb Sauce,
Adonis,
"Prosciutto, Mozzarella, and Olive Sandwiches on Parmesan Focaccia",https://www.epicurious.com/recipes/food/views/prosciutto-mozzarella-and-olive-sandwiches-on-parmesan-focaccia-14161
Brazilian Chicken and Rice with Olives,
Celery-Root and Pecan Salad,
Javanese Roasted Salmon and Wilted Spinach,
Peaches with Serrano Ham and Basil,
Apple Tart with Caramelized Fennel,
Matzoh Baklava,
Lemon Pepper Acini di Pepe,
Baked Pork Ribs with Hoisin Barbecue Sauce,
"Smoked Ham, Roasted Radicchio, And Cheese Panini",https://www.epicurious.com/recipes/food/views/smoked-ham-roasted-radicchio-and-cheese-panini-363311
Peruvian-Style Beef Kebabs with Grilled Onion and Zucchini,
Pineapple Coconut Layer Cake,
Roasted Chicken Thighs With Lemon and Oregano,
Crispy Tilapia Fillets with Fennel-Mint Tzatziki,https://www.epicurious.com/recipes/food/views/ba-syn-crispy-tilapia-fillets-with-fennel-mint-tzatziki
Warm Green Bean Salad with Pine Nuts and Basil,
Saffron Linguine with Spicy Shrimp and Vegetables,
Balsamic Pan Sauce,
Pine Nut Tassies,
Hazelnut Mole,
Parsleyed Celery Root Fritters and Lemon Aïoli,https://www.epicurious.com/recipes/food/views/parsleyed-celery-root-fritters-and-lemon-aioli-14492
"Open-Face Turkey Burgers with Gruyère, Mushrooms, and Arugula Salad",https://www.epicurious.com/recipes/food/views/open-face-turkey-burgers-with-gruyere-mushrooms-and-arugula-salad-236866
Chocolate Almond Torte (Torta Caprese),
Tagliatelle (Flat Egg Noodles),
Mussels With Spicy Tomato Oil and Grilled Bread,https://www.epicurious.com/recipes/food/views/mussels-with-spicy-tomato-oil-and-grilled-bread
"Linguine with Tuna, Capers, and Raisins",
Salmon with Tarragon-Leek Sauce,
Cauliflower Steaks with Olive Relish and Tomato Sauce,
Malaysian Roast Chicken,
Citrus-Marinated Tofu with Onions and Peppers,
Gratin of Scallops with Porcini and Chives,
Tropical Banana Splits,
Wild Mushroom Pizza with Garlic Confit and Bacon,
Spice-Crusted Salmon with Ginger-Cilantro Yogurt Sauce,https://www.epicurious.com/recipes/food/views/spice-crusted-salmon-with-ginger-cilantro-yogurt-sauce-361590
Brisket with Herbed Spinach Stuffing,
Porcini Mushroom Risotto,
Spinach in Yogurt Sauce,
Pear and Dried Cherry Crisp with Coconut-Almond Topping,https://www.epicurious.com/recipes/food/views/pear-and-dried-cherry-crisp-with-coconut-almond-topping-2619
Artichokes with Goat Cheese,
Broccoli Cheddar Cornbread,
Mexican Scrambled Eggs,
Grilled Zucchini Bread with Mascarpone and Berries,
Pistachio and Almond Cake with Orange Salad,
Bazooka Bubblegum Cocktail,
Tuscan Lasagna,
Beef Tenderloin Steaks with Port-Rosemary Sauce,
Smoked-Turkey Tea Sandwiches with Arugula Mayonnaise,https://www.epicurious.com/recipes/food/views/smoked-turkey-tea-sandwiches-with-arugula-mayonnaise-101681
Roasted Shrimp with Chile Gremolata,https://www.epicurious.com/recipes/food/views/roasted-shrimp-with-chile-gremolata-51223810
Carrot Tart With Ricotta and Almond Filling,
Raspberry & Banana No-Knead Breakfast Loaf,https://www.epicurious.com/recipes/food/views/raspberry-and-banana-no-knead-breakfast-loaf
Coriander Teriyaki Flank Steak,
Heavenly Hot Chocolate,
Veggie Burgers With Zucchini and Corn,
Pork Tenderloin With Arugula Endive and Walnut Vinaigrette,
Mulled Cider with Calvados,
Lamb Chops with Asian Pear and Kiwi Salsa,
Roasted Acorn Squash with Chile Vinaigrette,https://www.epicurious.com/recipes/food/views/roasted-acorn-squash-with-chile-vinaigrette-236007
Fennel- and Coriander-Spiced Salmon Fillets,
Basil Tabbouleh,
Key Lime Meringue Tart,https://www.epicurious.com/recipes/food/views/key-lime-meringue-tart-357518
Roast Pork with Sweet-and-Sour Chile Cilantro Sauce,
Cranberry Sauce with Crystallized Ginger,
Two-Bean Chili with Vegetables,
Sweet-and-Sour Brisket with Shallots and New Potatoes,https://www.epicurious.com/recipes/food/views/sweet-and-sour-brisket-with-shallots-and-new-potatoes-231882
Provençal Short Ribs with Olives and Herbs,
Pot Stickers,
Fried Rice with Vegetables and Basil,
"Red Rice Salad with Pecans, Fennel, and Herbs",https://www.epicurious.com/recipes/food/views/red-rice-salad-with-pecans-fennel-and-herbs-51260290
Grasshopper II,
Angel Hair Pasta with Tuna and Tomato Sauce,
Coffee-Rubbed Steak,https://www.epicurious.com/recipes/food/views/coffee-rubbed-steak
Frittata with Fennel-Spiced Pork and Asparagus,
Mini Pizzas,
Roast Turkey with Sausage Fennel Stuffing and Madeira Gravy,
Grouper Sandwiches with Wasabi Coleslaw,https://www.epicurious.com/recipes/food/views/grouper-sandwiches-with-wasabi-coleslaw-109073
The World of Rice Salads,
Low-Fat Vanilla Custard Sauce,
Dilled Salmon Tartare on Whole Grain Bread,
Risotto-Style Barley with Spring Greens,
Chicken with Tomato and Feta Cheese Sauce,
Beer-Braised Pork Belly,https://www.epicurious.com/recipes/food/views/beer-braised-pork-belly-51259370
Lemon-and Prosciutto-Stuffed Pork Loin Roast with Broccolini,https://www.epicurious.com/recipes/food/views/lemon-and-prosciutto-stuffed-pork-loin-roast-with-broccolini-362531
"Mixed Mushroom Stuffing with Rice, Raisins and Apples",
Broccoli Gratin with Mustard-Cheese Streusel,https://www.epicurious.com/recipes/food/views/broccoli-gratin-with-mustard-cheese-streusel-107297
Meat Loaf with Mustard-Dill Sauce,
White Salad with Castelmagno Cheese,https://www.epicurious.com/recipes/food/views/white-salad-with-castelmagno-cheese-232694
Opal,
Small Maccheroni with Swordfish,
"Gorgonzola, Pears and Walnuts on Baguette",https://www.epicurious.com/recipes/food/views/gorgonzola-pears-and-walnuts-on-baguette-102917
"Curried Rice, Bacon, and Cabbage Pilaf",
Chicken-Apple Sausage and Fresh Fennel Stuffing,
Sesame Quail Eggs,https://www.epicurious.com/recipes/food/views/sesame-quail-eggs-351909
Roasted Eggplant and Pepper Salad with Pita Bread and Sesame Spread,
Winter-Spiced Molten Chocolate Cakes with Rum-Ginger Ice Cream,https://www.epicurious.com/recipes/food/views/winter-spiced-molten-chocolate-cakes-with-rum-ginger-ice-cream-109054
"Spelt Spaghetti, Vine Tomatoes & Baked Ricotta",https://www.epicurious.com/recipes/food/views/spelt-spaghetti-vine-tomatoes-and-baked-ricotta
Chocolate Bread Pudding with Walnuts and Chocolate Chips,
Almond Meringue Torte with Lemon and Strawberry Filling,
Pork Chops with Ginger-Soy Glaze,
Grilled Turkey Cuban Sandwiches,
Blackberry and Plum Turnovers with Cardamom,
Quick Paella,
Caramelized Banana Slices with Toasted Pecans and Frozen Yogurt,
Maple-Barbecued Chicken,
Chicken Breasts with Leeks and Mushrooms,
Endive and Jícama Salad with Orange-Pine Nut Vinaigrette,
Poached Salt Cod,
Cream Cheese Pie Topped with Peaches and Blackberries,
Raspberry and Rosé Petal Punch,https://www.epicurious.com/recipes/food/views/raspberry-and-rose-petal-punch-240034
Fresh Banana Layer Cake,
Smoked Salmon Soufflé,
Almond Cakes,
"Broiled Chicken with Thyme, Fennel and Peppers",https://www.epicurious.com/recipes/food/views/broiled-chicken-with-thyme-fennel-and-peppers-5153
Fish and Vegetables with Pesto Baked in Foil Packets,https://www.epicurious.com/recipes/food/views/fish-and-vegetables-with-pesto-baked-in-foil-packets-102647
Cold Sesame Noodles with Summer Vegetables,
"Bacon, Lettuce, and Cherry Tomato Salad with Aioli Dressing",
Meringue Petits Fours with Anise Cream and Pomegranate,https://www.epicurious.com/recipes/food/views/meringue-petits-fours-with-anise-cream-and-pomegranate-107436
Peach-Riesling Sangria,
Striped Bass with Saffron Vegetables and Spiced Broccoli Rabe,https://www.epicurious.com/recipes/food/views/striped-bass-with-saffron-vegetables-and-spiced-broccoli-rabe-236888
Chicken and Fennel Salad Sandwiches,
"Southwest Fusilli with Tomatoes, Garlic and Chilies",
Asian Flank Steak,
Miso-Marinated Salmon with Citrus and Shiitakes,
Chicken Meatballs With Ginger and Miso,
Open-Face Bacon-and-Egg Sandwiches with Arugula,https://www.epicurious.com/recipes/food/views/open-face-bacon-and-egg-sandwiches-with-arugula-237306
Roast Leg of Lamb on a Bed of Potatoes and Wilted Greens,
"Arugula, Potato, and Green Bean Salad with Walnut Dressing",https://www.epicurious.com/recipes/food/views/arugula-potato-and-green-bean-salad-with-walnut-dressing-51190410
Wild Mushroom Sauté,
Individual Plum Cobblers with Hazelnut Topping,https://www.epicurious.com/recipes/food/views/individual-plum-cobblers-with-hazelnut-topping-2251
Thai Roast Beef and Lettuce Rolls,
Crab with Cantaloupe and Caviar – Sea Salad,https://www.epicurious.com/recipes/food/views/crab-with-cantaloupe-and-caviar-sea-salad-363470
Swiss Chard Lasagna with Ricotta and Mushroom,
Hearty Corn and Clam Chowder,
Penne in Cream Sauce with Sausage,https://www.epicurious.com/recipes/food/views/penne-in-cream-sauce-with-sausage-3072
Grilled Hanger Steak with Cucumber Salad,https://www.epicurious.com/recipes/food/views/grilled-hanger-steak-with-cucumber-salad-51232010
Classic Ragu Bolognese,
Banana Layer Cake,
"Green Bean, Watercress and Walnut Salad",
Rack of Lamb with Dried Cherry and Green Peppercorn Sauce,
"Grilled Leg of Lamb with Rosemary, Garlic, and Mustard",
"Shrimp, Fava Bean, and Asparagus Salad",
Sausage and Bell Pepper Meatloaf,
Sorrel Rice Bowls with Poached Eggs,
"Eggplant, Squash and Tomato with Roasted Garlic Vinaigrette",
Tunisian Fish Cakes with Lemon and Paprika Aïoli,https://www.epicurious.com/recipes/food/views/tunisian-fish-cakes-with-lemon-and-paprika-aioli-107907
Roast Cornish Game Hens with Orange-Teriyaki Sauce,
Quick-Marinated Skirt Steak with Sriracha Potatoes and Spinach,
Ceviche Verde (Green Mexican Ceviche),
Pecan Currant Bread,
Creamy Dill Dressing,
Salted Peanut Butter and Jelly Blondies,
Warm Pasta Salad with Mushrooms and Radicchio,
Arctic Char with Pistachio Orange Vinaigrette,https://www.epicurious.com/recipes/food/views/arctic-char-with-pistachio-orange-vinaigrette-240290
"Cucumber, Tomato, and Pineapple Salad with Asian Dressing",
Shrimp and Vegetable Salad with Roast-Tomato Vinaigrette,
Red Grape Granita,
Garlicky Eggplant Salad,
"Zucchini-Wrapped Halibut ""Scallops""",https://www.epicurious.com/recipes/food/views/zucchini-wrapped-halibut-scallops-51171810
Mustard-Grilled Pork,
Boilermaker Sauce,
Striped Bass in Agrodolce Sauce,https://www.epicurious.com/recipes/food/views/striped-bass-in-agrodolce-sauce-231179
Christmas Tonic,
Orange Layer Cake with Orange-Caramel Cream Cheese Frosting,
Creamy Corn with Chives,
White Zinfandel Sangria,
Red Snapper Yuca Cakes with Mojo de Ajo,https://www.epicurious.com/recipes/food/views/red-snapper-yuca-cakes-with-mojo-de-ajo-108735
Octopus with Linguine,
Oriental Black Bean and Garlic Sauce for Asparagus,
Ratatouille on the Run,
Roasted Asparagus with Balsamic Vinegar,
Scalloped Fennel and Potatoes,
Steamed Clams with Fennel and Spicy Italian Sausage,
Quick Strawberry-Orange Marmalade,
Pimento Cheese Sticks,
"Crab Jícama ""Seviche"" on Cucumber",
Bombay Bhel,
Herbed Haddock Soup,
Pasta with Eggplant and Basil Sauce,
Shrimp and Vegetables in Ginger Coriander Broth,
Spicy Black-Eyed Pea and Rice Frittata,
Poached Egg Crostone with Wilted Spinach and Bacon,
Mushroom Vichyssoise Padian,
Grilled Seafood Salad Niçoise,
Mocha and Raspberry Trifle,
Rosa Mae,
Sea Scallops with Vegetable Ragoût,
Turkey and Sweet-Potato Croquettes with Cranberry Apple Salsa,
Kale and Pecorino Crostini,https://www.epicurious.com/recipes/food/views/kale-and-pecorino-crostini-357511
Spicy Shrimp and Grits,
Spaghetti with Crab and Tomatoes,
Citrus Chiffon Cake,
Surf 'n' Turf Kebabs with Cilantro-Lime Sauce,https://www.epicurious.com/recipes/food/views/surf-n-turf-kebabs-with-cilantro-lime-sauce-232555
Citrus Syrup,
Slivered Endive Salad,
Ginger-Cashew Chicken,
Almond Tuiles,
Corn Bread with Green Onions and Parmesan Cheese,https://www.epicurious.com/recipes/food/views/corn-bread-with-green-onions-and-parmesan-cheese-108713
Grilled Pimiento Cheese and Fried Green Tomato Sandwich (GPC),https://www.epicurious.com/recipes/food/views/grilled-pimiento-cheese-and-fried-green-tomato-sandwich-gpc-51169010
Dark Chocolate Walnut Layer Cake,
"Pork Cracklin's, Shrimp, and Green Pea Salad",
Three-Cheese Pasta Salad with Olives,
Crunchy Veg Bowl With Warm Peanut Sauce,
Za'atar Aioli,
Roasted Baby Red Potatoes with Rosemary,https://www.epicurious.com/recipes/food/views/roasted-baby-red-potatoes-with-rosemary-238513
Turkey Panino with Cranberry Sauce,
Trout Grenobloise,
Sweet-Hot BBQ Tater Fries,
Teriyaki Pork Chops,
"Mixed Berry Pie with Ginger, Orange, and Almond Streusel",https://www.epicurious.com/recipes/food/views/mixed-berry-pie-with-ginger-orange-and-almond-streusel-353426
Passion Fruit Tart,
Coriander and Cumin Broiled Eggplant,
Minted Beet Salad,
Beef and Broccoli Stir Fry,
Vanilla-Bean Ice Cream,
Summer Berry Shortcakes with Tangy Lemon Cream,
Hibiscus-Lemon Agua Fresca,https://www.epicurious.com/recipes/food/views/hibiscus-lemon-agua-fresca-56389828
Coconut-and-Almond Candy,https://www.epicurious.com/recipes/food/views/coconut-and-almond-candy-356890
Lechón Asado,https://www.epicurious.com/recipes/food/views/lechon-asado
Chocolate Puddings with Orange Whipped Cream,
Coconut Curried Tofu with Green Jasmine Rice,
Duck Sausage Pizza with Green Onions and Tomato,https://www.epicurious.com/recipes/food/views/duck-sausage-pizza-with-green-onions-and-tomato-102157
Apricot Berry Trifle,
Herbed Rib Roast,
Orange- and Mustard-Basted Turkey with Apple Cider-Mustard Gravy,https://www.epicurious.com/recipes/food/views/orange-and-mustard-basted-turkey-with-apple-cider-mustard-gravy-107285
Individual Coconut Rum Chocolate Cakes,
Leeks with Mustard Vinaigrette,
Zeke's Tyropitas,https://www.epicurious.com/recipes/food/views/zekes-tyropitas-234561
Chocolate-Dipped Macaroons,
Cod with Potatoes and Preserved Lemon Relish,https://www.epicurious.com/recipes/food/views/cod-with-potatoes-and-preserved-lemon-relish-51232250
"Orrechiette with Caramelized Onions, Sugar Snap Peas, and Ricotta Cheese",https://www.epicurious.com/recipes/food/views/orrechiette-with-caramelized-onions-sugar-snap-peas-and-ricotta-cheese-353350
Tortilla Espanola,
Veal Scaloppine Saltimbocca,
"White Bean, Tomato, and Zucchini Gratin",
"Sweet Potato Biscuits with Ham, Mustard, and Honey",
Overnight Egg & Cheese Strata,
Noodle Soup with Soy-Cooked Pork (Slack Season Tan Tsi),
"White Bean, Wheat Berry, and Escarole Soup",
Roasted Apricot Chicken with Mint and Sage Butternut Squash,
Broiled Portobello Topped with Creamy Scrambled Eggs,
Sweet Tea with Vodka and Lemonade,
Grilled Artichokes with Sesame Dipping Sauce,
Morels in Cream on Brioche (Morilles à la Crème),https://www.epicurious.com/recipes/food/views/morels-in-cream-on-brioche-morilles-a-la-creme-105005
Lemon and Olive Mayonnaise,
Shellfish Chowder,
"Mushroom Medley with Spinach, Ginger and Soy",https://www.epicurious.com/recipes/food/views/mushroom-medley-with-spinach-ginger-and-soy-15671
Mai Tai II,
Orange-Brandy Chicken,
Chocolate Marshmallow Frosting,
"Candied Fig, Hazelnut and Orange Cheesecake with Port Sauce",https://www.epicurious.com/recipes/food/views/candied-fig-hazelnut-and-orange-cheesecake-with-port-sauce-540
"Bacon, Egg, and Tomato Toast",https://www.epicurious.com/recipes/food/views/bacon-egg-and-tomato-toast-56389817
Shrimp and Scallop Sauté,
Grilled Salmon with Hoisin Glaze and Plum-Ginger Relish,https://www.epicurious.com/recipes/food/views/grilled-salmon-with-hoisin-glaze-and-plum-ginger-relish-238567
Lemon and White Chocolate Mousse Parfaits With Strawberries,https://www.epicurious.com/recipes/food/views/lemon-and-white-chocolate-mousse-parfaits-with-strawberries-352046
Prince's Smile,https://www.epicurious.com/recipes/food/views/princes-smile-102784
Easy Apricot Almond Tart,
Three-Onion Stuffing,
"Golden and Crimson Beet Salad with Oranges, Fennel, and Feta",
Fried Catfish,
"Roast Turkey Breast with Potatoes, Green Beans, and Mustard Pan Sauce",
Pecan Praline Semifreddo with Bourbon Caramel,https://www.epicurious.com/recipes/food/views/pecan-praline-semifreddo-with-bourbon-caramel-51116410
"Grilled Chicken Breasts with Tomato, Olive, and Feta Relish",
Microwave Polenta,
Cincinnati Chili,https://www.epicurious.com/recipes/food/views/cincinnati-chili-363731
Pumpkin Potato Puree,
Mushroom and Butternut Squash Empañadas,
Garden Vegetable Latkes,
Bombay Punch,
Watercress and Mushroom Salad with Asian Dressing,
Individual Raspberry and Banana Trifles,
Garlic and Saffron Mayonnaise (Rouille),
"Oven-Poached Pears with Lemon, Honey and Nutmeg",https://www.epicurious.com/recipes/food/views/oven-poached-pears-with-lemon-honey-and-nutmeg-5160
Dry Rob Roy,
Matzo-Stuffed Roast Chicken for Passover,https://www.epicurious.com/recipes/food/views/matzo-stuffed-roast-chicken-for-passover
"Yukon Gold Potato Salad with Chiles, Cilantro, and Toasted Cumin",
Spicy Almonds and Cashews,
Green Bean and Tomato Salad,
Ellyn Goodrich's Alaskan Halibut and Salmon Gefilte Fish Terrine (Pareve),https://www.epicurious.com/recipes/food/views/ellyn-goodrichs-alaskan-halibut-and-salmon-gefilte-fish-terrine-pareve-102011
Salmon with Pineapple Salsa and Spicy Chile Sauce,
"Lamb Shanks with Potatoes, Parsnips and Kalamata Olives",
Quick Poached Salmon With Speedy Rat-Atat-A-Touille,
Roast Turkey with Red Currant Jelly and Citrus Glaze,
"Tuna, White Bean, and Red Onion Salad",
Herbed Biscuit Strips,
"Cantaloupe Salad with Lime, Mint, and Ginger",
Strawberry-Ginger Punch,
Red and Green Fire Salsa,
Creamy Mustard Vinaigrette for Asparagus,
Turkey Jook,https://www.epicurious.com/recipes/food/views/turkey-jook
Quick Mexican Corn Risotto,https://www.epicurious.com/recipes/food/views/quick-mexican-corn-risotto-72
Royal Rickey,
Fresh Egg Fettucine,
Celery -Root Rémoulade,
Rum Cow,
Cumin-Scented Beet Latkes,https://www.epicurious.com/recipes/food/views/cumin-scented-beet-latkes-231262
Chipotle Mayonnaise with Lime,
Quick Pickled Onions,
Chocolate Spoonful Cake,
Lemon Cream Scones,
Almond-Apricot Food Processor Cake,
3-Ingredient Tomato Soup,https://www.epicurious.com/recipes/food/views/3-ingredient-tomato-soup
Peach Barbecue Sauce,
Ranch Beans,
Pork Sausage with Coconut-Chile Sauce and Lychees,https://www.epicurious.com/recipes/food/views/pork-sausage-with-coconut-chile-sauce-and-lychees-51247810
Paella-Style Shellfish Pasta,
Grilled Shrimp Satay with Peaches and Bok Choy,
Curried Couscous with Chicken and Zucchini,
Meatballs in Tomato Garlic Sauce,
Butternut Squash Soup with Parmesan and Fried Sage Leaves,
Turkey Salad,
Ricotta Fritters,https://www.epicurious.com/recipes/food/views/ricotta-fritters-242029
Poached Pear Sundaes,
"Coffee Toffee ""Pie""",
Gingered-Peach Pavlovas,
Onion and Barley Soup with Swiss Cheese Flan,https://www.epicurious.com/recipes/food/views/onion-and-barley-soup-with-swiss-cheese-flan-105535
Guacamole with Pear and Pomegranate Seeds,
"Chicken Empanada with Chorizo, Raisins, and Olives",
Grilled Indian-Style Chicken Wings with Carrot-Cumin Yogurt Sauce,
Mahi-Mahi with Lemongrass Slaw and Rice Fritters,https://www.epicurious.com/recipes/food/views/mahi-mahi-with-lemongrass-slaw-and-rice-fritters-236886
Vegetables à la Barigoule with Vanilla,https://www.epicurious.com/recipes/food/views/vegetables-a-la-barigoule-with-vanilla-394717
"Grilled Pepper, Basil, and Turkey Roulade with Basil Sour Cream Sauce",
"Endive ""Spoons"" with Lemon-Herb Goat Cheese",https://www.epicurious.com/recipes/food/views/endive-spoons-with-lemon-herb-goat-cheese-108221
Mixed-Berry Chocolate-Toffee Bites,https://www.epicurious.com/recipes/food/views/mixed-berry-chocolate-toffee-bites-242970
Fish and Yuca Stew with Pickled Onions,https://www.epicurious.com/recipes/food/views/fish-and-yuca-stew-with-pickled-onions-237191
Fruit and Spice Granola,
Bellini Bar,
Creamed Chicken on Whole Grain Waffles,
Fish Taco Platter,
Strawberry Panna Cotta with Strawberries and Honey,
Tuscan Rice Salad,
White Balsamic-Jicama Slaw,https://www.epicurious.com/recipes/food/views/white-balsamic-jicama-slaw-358170
Cranberry-Orange Relish with Mint,https://www.epicurious.com/recipes/food/views/cranberry-orange-relish-with-mint-51122210
"Celery, Radishes, and Endive with Anchovy Dressing",
Pumpkin Pie with Spiced Walnut Streusel,
Napa Cabbage Kimchi (aka paechu kimchi),
Green Tea Cheesecake,https://www.epicurious.com/recipes/food/views/green-tea-cheesecake-56390032
Romaine and Broccoli Salad with Creamy Roasted Garlic Dressing,
Seared Ahi Tuna Salad,
Watermelon-Lemonade Ice Pops,
Grilled Pork Tenderloin with Fresh Fig Skewers,https://www.epicurious.com/recipes/food/views/grilled-pork-tenderloin-with-fresh-fig-skewers-395329
Mustard-Glazed Carrots and Pearl Onions,
Celery Stuffed with Smoked Gouda and Sun-Dried Tomatoes,https://www.epicurious.com/recipes/food/views/celery-stuffed-with-smoked-gouda-and-sun-dried-tomatoes-104289
Shrimp Bisque with Pernod,
"Pumpkin Pie with Pepita Nut, and Ginger Topping",
Malted Walnut Pie,https://www.epicurious.com/recipes/food/views/malted-walnut-pie-51199000
Persian Love Cake,https://www.epicurious.com/recipes/food/views/persian-love-cake-232273
Fresh Corn and Basil Cornbread,
Parmesan Chicken with Mixed Baby Greens,
Cranberry Relish,https://www.epicurious.com/recipes/food/views/cranberry-relish-with-pineapple-and-orange
String Bean & Arugula Salad,
Apple Pie with Cheddar Crust,
Apricot-Glazed Turkey with Roasted Onion and Shallot Gravy,
Hot Chocolate with Chartreuse,
Filets Mignons with Mushroom Sauce,
Sweet Potato Julius,
Pico de Gallo,https://www.epicurious.com/recipes/food/views/ba-syn-pico-de-gallo-2
Red Chili Onion Rings,
"Shaved Fennel, Artichoke, and Parmesan Salad",
"Potato, Red Pepper, and Fennel Salad",
"Yucatan-Style Chicken, Lime, and Orzo Soup",https://www.epicurious.com/recipes/food/views/yucatan-style-chicken-lime-and-orzo-soup-109251
Harissa Shrimp And Summer Vegetable Sauté,
Zucchini-Parmesan Squares,
"Sausage, Red Onion, and Wild Mushroom Pizza",
White Four-Cheese Pizza with Basil and Garlic,
Kohlrabi and Apple Salad with Creamy Mustard Dressing,
Baron,https://www.epicurious.com/recipes/food/views/baron-200004
Grog III,
Angel Food Cake with Strawberries and Devonshire Cream,
Cranberry Granita with Orange Whipped Cream,
Fusilli with Asparagus and Bacon,
"Oat Shortcakes with Sautéed Apples, Cinnamon, and Whipped Cream",https://www.epicurious.com/recipes/food/views/oat-shortcakes-with-sauteed-apples-cinnamon-and-whipped-cream-51262930
Grilled Steaks with Red Chile Sauce,
Cherry Tomatoes and Cucumber Rounds with Herbed Tuna Filling,
Argentinian-Style Beef with Chimichurri Sauce,
White Chocolate Tartlets with Strawberry Coulis,
Chocolate Orange Pots de Crème,
Chile and Cheese Tart,
Vine-Smoked Trout,https://www.epicurious.com/recipes/food/views/vine-smoked-trout-352972
Creamed Grilled Corn,
Roasted Asparagus and Arugula Salad with Shallot Vinaigrette,
Lemon Crème Caramel,
Steak au Poivre with Dijon Cream Sauce,
Minestrone with Borlotti Beans and Parmesan Garlic Toasts,https://www.epicurious.com/recipes/food/views/minestrone-with-borlotti-beans-and-parmesan-garlic-toasts-14126
Crab and Roasted Red Bell Pepper Soup,https://www.epicurious.com/recipes/food/views/crab-and-roasted-red-bell-pepper-soup-101705
Roast Turkey with Sherry Wine Vinegar Gravy,
"Goat Cheese, Artichoke, and Smoked Ham Strata",
Balsamic-Roasted Acorn Squash with Hot Chiles and Honey,
Classic Pie Crust,
Dried-Fruit Compote with White Wine,https://www.epicurious.com/recipes/food/views/dried-fruit-compote-with-white-wine-231666
"Roasted Potatoes with Garlic, Lemon, and Oregano",
Almond Coconut Granola,
The Yellow Jacket,https://www.epicurious.com/recipes/food/views/the-yellow-jacket-237889
Chicken Wings Five Ways,
Cremini Mushroom Pasta with Wilted Arugula and Goat Cheese,
Unstuffed Sweet-and-Sour Cabbage,
Breakfast Souffles with Sauteed Pears,
Penne with Stir-Fried Beef and Red Bell Pepper,https://www.epicurious.com/recipes/food/views/penne-with-stir-fried-beef-and-red-bell-pepper-11470
Sauteed Scallops with Fennel Compote in Curry Sauce,
Chicken Curry Soup with Coconut and Lime,
"Grilled Lamb Chops with Red Wine, Garlic and Honey Glaze",
Herb-Crusted Rack of Lamb with New Potatoes,https://www.epicurious.com/recipes/food/views/herb-crusted-rack-of-lamb-with-new-potatoes-51231730
"Sour Cream, Lemon, and Herb Deviled Eggs",
Chicken and Mango Salad with Ginger-Orange Dressing,
The Manhattan,
Vanilla-Buttermilk Sheet Cake With Raspberries and Orange Cream-Cheese Frosting,
Shrimp Courtbouillon with Rice,
Metropolitan Martini,
Baked Trout with Spinach-Butter Sauce,https://www.epicurious.com/recipes/food/views/baked-trout-with-spinach-butter-sauce-238043
Blue Cheese Burgers with Green Peppercorns,
Ember-Grilled Steak with Bay Leaf Browned Butter,https://www.epicurious.com/recipes/food/views/ember-grilled-steak-with-bay-leaf-browned-butter
Southwestern Caesar Salad with Chipotle Dressing,
Poached Cod with Tomato and Saffron,https://www.epicurious.com/recipes/food/views/poached-cod-with-tomato-and-saffron-51210480
Pad Thai,https://www.epicurious.com/recipes/food/views/ba-syn-pad-thai-recipe
Vietnamese Sandwiches with Five-Spice Chicken,
Chocolate Pudding with Espresso Whipped Cream,
"Maple-Brined Pork Roast with Apples, Onions, and Mustard Breadcrumbs",https://www.epicurious.com/recipes/food/views/maple-brined-pork-roast-with-apples-onions-and-mustard-breadcrumbs-355231
Soft Beef Tacos with Salsa,
Sweet Potato Croquettes,
Thousand Flavor Syrup,https://www.epicurious.com/recipes/food/views/thousand-flavor-syrup-56389768
"Swiss Chard with Beets, Goat Cheese, and Raisins",
Tandoori-Style Roast Chicken,
Mint Sauce,
Green Salad with Orange Vinaigrette,
Shrimp Spring Rolls with Hoisin Dipping Sauce,
Sweet and Tangy Roasted Tomatoes,
"Matzo Ball Soup with Cardamom, Turmeric, and Lime",
Coconut Mint Sorbet,
Green Bean Salad with Asian-Style Dressing,
Curried Tomato Chicken Salad,
Spiced Roasted Turkey,
Passion Fruit Caramel Sauce,
Cranberry Sauce with Roasted Shallots and Port,
Grilled Eggplant Parmigiana,
Linguine with Chicken and Walnut Sauce,
Roast Rack of Lamb with Orange-Chipotle Purée,
Turkey Sausage and Vegetable Frittata Sandwich,
Mother Sherman,https://www.epicurious.com/recipes/food/views/mother-sherman-200346
Pink Greyhound,
Wiener Eiskaffee,https://www.epicurious.com/recipes/food/views/wiener-eiskaffee-200828
Peach Crumb Cake,
Savory Hamburgers,
Green Beans with Roasted Onions,
Chipotle Turkey Cutlets with Charred Corn Salsa,
Maple Cake with Maple Syrup Frosting,https://www.epicurious.com/recipes/food/views/maple-cake-with-maple-syrup-frosting-358216
Everyday Granola,
Mixed-Greens and Sausage Soup with Cornmeal Dumplings,
Wild Mushroom Soup with Sherry,
Shellfish with Carrot Ginger Purée,https://www.epicurious.com/recipes/food/views/shellfish-with-carrot-ginger-puree-14091
"Tex-Mex ""Lasagne""",
Grilled Tuna Salad with Sun-Dried Tomato Dressing,
Watermelon with Fennel Salt,https://www.epicurious.com/recipes/food/views/watermelon-with-fennel-salt-232023
"Warm Chicken Sandwiches with Mushrooms, Spinach and Cheese",https://www.epicurious.com/recipes/food/views/warm-chicken-sandwiches-with-mushrooms-spinach-and-cheese-350964
Tomatoey Spiced Chickpeas,
Cinnamon Crème Anglaise,https://www.epicurious.com/recipes/food/views/cinnamon-creme-anglaise-355829
Mix-in Muffins,
Coconut Mango Sorbet,
"Quinoa, Lime and Chili-Crumbed Snapper With Sweet Potato Wedges",https://www.epicurious.com/recipes/food/views/quinoa-lime-and-chili-crumbed-snapper-with-sweet-potato-wedges-56390086
Grilled Tandoori-Spiced Chicken Breasts Over Mesclun Salad,
Fuji Apple Tarte Tatin,
Escarole Salad with Fried Shallots and Prunes,https://www.epicurious.com/recipes/food/views/escarole-salad-with-fried-shallots-and-prunes-107734
Sole Goujons with Paprika Salt,https://www.epicurious.com/recipes/food/views/sole-goujons-with-paprika-salt-106514
St-Germain Spritz,
"Kale Salad with Butternut Squash, Pomegranate, and Pumpkin Seeds",
Individual Meatloaves with Bacon Crisps,
Blueberry-Raspberry Cake,
Revani,https://www.epicurious.com/recipes/food/views/revani-354690
BBQ Eggplant Sandwiches with Provolone and Mushrooms,
Cheese-Stuffed Smoked Pork Chops on Warm Cabbage Caraway Slaw,
Curried Sea Bass,
Sesame Chicken and Stir-Fried Vegetables,
New Potatoes with Three-Cheese Fondue,
Melon Ball,
Quark (Sour Fresh Cheese),https://www.epicurious.com/recipes/food/views/quark-sour-fresh-cheese
Family-Style Veal Roast,
Tomato and Mint Salad with Pomegranate Dressing,
Melon Lime Slushy,https://www.epicurious.com/recipes/food/views/melon-lime-slushy-51240460
"Chickpea, Chorizo, and Chicken Stew with Mt. Tam Cheese",
"Grilled Chorizo, Shrimp, and Beef with Chimichurri Sauce",
Grill-Roasted Whole Fish Stuffed with Fresh Herbs and Wrapped in Pancetta,https://www.epicurious.com/recipes/food/views/grill-roasted-whole-fish-stuffed-with-fresh-herbs-and-wrapped-in-pancetta-242258
Indian Potato Pancakes with Curry-Lime Yogurt,
Roast Chicken with Lemon and Fresh Herbs,
Yellow Tomatoes Stuffed with Grilled Wild Mushrooms and Parmesan Cheese,https://www.epicurious.com/recipes/food/views/yellow-tomatoes-stuffed-with-grilled-wild-mushrooms-and-parmesan-cheese-358969
Homemade Bratwurst Bites with Beer and Horseradish Mustard,https://www.epicurious.com/recipes/food/views/homemade-bratwurst-bites-with-beer-and-horseradish-mustard-355235
Chicken Roasted with Onions and Soy Sauce,
Tuna in Avocado Halves,
Vietnamese-Style Beef Noodle Soup,
Pan Bagna,
Medallions of Venison with Port and Cranberries,https://www.epicurious.com/recipes/food/views/medallions-of-venison-with-port-and-cranberries-2069
Sour Cherry Chocolate Mousse Cake,
"Watermelon, Cucumber, and Jícama Salad",
Heaven-and-Earth Tempura Cakes,
Lemony Crab Salad with Baby Greens,
Calzones With Chorizo and Kale,https://www.epicurious.com/recipes/food/views/calzones-with-chorizo-and-kale
Meatless Tamale Pie,
Orange-Cardamom Spritzer,https://www.epicurious.com/recipes/food/views/orange-cardamom-spritzer-51254820
Shrimp with Artichoke Pesto,
Gingered Cream Cheese Grapes,
Spiced Plum Pie,
Brined Pork Chops with Spicy Chutney Barbecue Sauce,
Jalapeño Popper Fritters with Tomato Salsa,
Balsamic Roast Chicken with Arugula and Tomato Salad,https://www.epicurious.com/recipes/food/views/balsamic-roast-chicken-with-arugula-and-tomato-salad-238547
Fruity Berry Tarts With Vanilla Cashew Cream,https://www.epicurious.com/recipes/food/views/fruity-berry-tarts-with-vanilla-cashew-cream
Spiced Beef Tenderloin Steaks with Mango Salsa,
Chipotle-Sesame Chicken Skewers,
"Sugar Snap Pea, Potato and Chive Sauté",
Texas Beef Brisket Chili,
Jacques's Croque Madame,
Tomato-Mozzarella Pizza with Phyllo Crust,
Anise Biscotti,
Chicken with Sauteed Pears and Rosemary Sauce,
Red Snapper with Leeks and Tomatoes,https://www.epicurious.com/recipes/food/views/red-snapper-with-leeks-and-tomatoes-102532
"Broiled Chicken with Mango, Ginger and Cilantro",
Indian Spiced Mayonnaise,
Basque-Style Ham and Eggs,https://www.epicurious.com/recipes/food/views/basque-style-ham-and-eggs-2084
Curried Red Snapper,
Curried Coleslaw with Green Onions and Currants,
Butternut Squash Soup with Roasted Red Pepper Purée,
Citrus-Blossom Gin Fizz,
"White Bean, Pasta and Roasted Pepper Soup",
White Chocolate and Pecan Brownies,
Creamy Jalapeño Sauce,
Curried Fish Fillets with Yogurt Sauce,
Angel Punch,
White Bean and Red Onion Salad,
Mustard and Cheese Crackers,
"Persian-Spiced Chicken With Spaghetti Squash, Pomegranate, and Pistachios",
Cider Spice Cake,
Beef Stroganov,
Pan-Seared Tuna with Ginger-Shiitake Cream Sauce,
"Chocolate, Orange, and Chestnut Pavé",
Warm Potato Salad with Lemon and Dill,
"Cold ""Hot Chocolate"" Trifle",
Fennel-Celery Salad With Blue Cheese and Walnuts,
Chocolate Tart with Candied Cranberries,
Fresh Herb Falafel,
Gingered Plum Barbeque Sauce,
Sauteed Chicken Over Wilted Spinach with Kumquat Sauce,https://www.epicurious.com/recipes/food/views/sauteed-chicken-over-wilted-spinach-with-kumquat-sauce-15832
Sauteed Radishes with Chives,
Chicken Breasts Stuffed with Mushrooms and Spinach,
Blueberry and Nectarine Buckle,
Chicken Normandy Withrow,
Iceberg Wedges with Grilled Bacon and Croutons,https://www.epicurious.com/recipes/food/views/iceberg-wedges-with-grilled-bacon-and-croutons-56389651
Quick Pork Pho,https://www.epicurious.com/recipes/food/views/quick-pork-pho-51252620
Pistachio Couscous,
"Penne with Chicken, Squash, Broccoli Rabe and Caramelized Onion",
Spirited Hot Apple Cider,
"Curried Rice with Cauliflower, Bell Pepper, and Green Onions",
Meyer Lemon and Thyme Truffles,
Grilled Lobster and Potatoes with Basil Vinaigrette,
Chocolate Kahlua Fantasy Cake,
Bacon and Sage Panfried Trout,
Superb Hot Chocolate,
Pork and Poblano Tamale Pie,
"Linguine with Tomatoes, Olives, Feta, and Parsley",
Vegetable Pesto Salad with Warm Goat Cheese Toasts,https://www.epicurious.com/recipes/food/views/vegetable-pesto-salad-with-warm-goat-cheese-toasts-238678
Portobello Mushroom and Sausage Pizzas,
Curried Basmati Rice and Apple Pilaf,
Steak de Burgo,https://www.epicurious.com/recipes/food/views/steak-de-burgo-107086
Asian Cole Slaw with Seared Scallops,
Grilled Lemon-and-Gin-Marinated Chicken and Onions,
Quick Double-Chocolate Sheet Cake,
Spinach Lasagne Rolls,
"Broccoli, Red Pepper, and Cheddar Chowder",
Orange Custard Tart,
Brussels Sprout Hash with Caramelized Shallots,
"Chopped Salad with Chicken, Couscous, and Vegetables",
Tarragon Pizza Bianca,https://www.epicurious.com/recipes/food/views/tarragon-pizza-bianca-109366
Lemon Fennel Shrimp with Tarragon,https://www.epicurious.com/recipes/food/views/lemon-fennel-shrimp-with-tarragon-12232
Golden Eggs,https://www.epicurious.com/recipes/food/views/golden-eggs-358292
"Corn, Cherry Tomato, Arugula and Blue Cheese Salad",https://www.epicurious.com/recipes/food/views/corn-cherry-tomato-arugula-and-blue-cheese-salad-2334
Ham and Swiss Cheese Frittata,
Banana and Blueberry Overnight Oats,
Sherry Crema Catalana Ice Cream with Honeyed Figs,https://www.epicurious.com/recipes/food/views/sherry-crema-catalana-ice-cream-with-honeyed-figs-103209
Crisp Potato and Bacon Casserole,
Spicy Barbeque Sauce,
Winter Salad with Sauteed Bay Scallops,
Grilled Lamb Chops with Salmoriglio Sauce,
"Deviled Eggs with Sour Cream, Chives, and Salmon Roe",
Herb-Brined Pork Prime Rib Roast,
Basic Polenta,
Spiced Onion Marmalade,
Frozen Peaches With Strawberries and Mint,https://www.epicurious.com/recipes/food/views/frozen-peaches-with-strawberries-and-mint
Light Refried Black Beans,
Lemon Curd and Blueberry Trifle,
Leek and Potato Soup,
Mahogany Duck,
Bourbon-Pecan Tart,
Cholay,
Mixed Berry and Cassis Sundaes,https://www.epicurious.com/recipes/food/views/mixed-berry-and-cassis-sundaes-243213
Shrimp With Avocado-Mango Salsa,
Ginger-Pear Marmalade,
Green Onion-Parmesan Popovers,
"Stuffed Crepes with Mushrooms, Ham and Bechamel Sauce",
"Chopped Salad of Cucumber, Red Onion, Lemon, and Parsley",
Hoisin-Glazed Pork and Turkey Meat Loaf,https://www.epicurious.com/recipes/food/views/hoisin-glazed-pork-and-turkey-meat-loaf
Watercress and Radish Salad,
Mashed Potatoes with Lemon and Chives,
"Artichokes, Capers, Olives, Lemon Zest, and Italian Tuna on Pasta Shells",
"Bulgur with Leeks, Cranberries, and Almonds",
"Sour Orange, Red Onion, and Parsley Mojo",
Paula Wolfert's Seven-Day Preserved Lemons,
Apple Crumble and Vanilla Ice Cream,
Chicken and Mixed Vegetable Stew,
"Orzo with Tomatoes, Feta, and Green Onions",
Marinated Sturgeon with Moroccan Chickpea Salad,https://www.epicurious.com/recipes/food/views/marinated-sturgeon-with-moroccan-chickpea-salad-236887
"Chestnut, Onion, and Currant Stuffing",
"Sage and Onion ""Roast""",
"Roasted Potato, Garlic, and Red Pepper Salad",
"Beef Tenderloin with Roasted Shallots, Bacon and Port",
Hot Chocolate Baked French Toast,
Artichoke and Eggplant Panini,
Combo Reuben,https://www.epicurious.com/recipes/food/views/combo-reuben-51200630
Napa Cabbage Salad with Buttermilk Dressing,
Sheet-Pan Chicken Saltimbocca With Roasted Potatoes and Crispy Kale,
"Tomato, Fennel, and Crab Soup",
"Chicken, Green Bean and Goat Cheese Salad",
"Southern Rice Pilaf Stuffing with Ham, Pecans and Greens",https://www.epicurious.com/recipes/food/views/southern-rice-pilaf-stuffing-with-ham-pecans-and-greens-811
Spiced and Grilled Steaks With Citrus Chutney,https://www.epicurious.com/recipes/food/views/spiced-and-grilled-steaks-with-citrus-chutney
"Carrot, Avocado, and Orange Salad",
Rustic Rub,
Mushroom and Leek Soup with Parsley Dumplings,https://www.epicurious.com/recipes/food/views/mushroom-and-leek-soup-with-parsley-dumplings-357310
Lime Cordial,https://www.epicurious.com/recipes/food/views/lime-cordial
Roast Chicken Stuffed with Fennel and Garlic,
Roasted Tomato–Cashew Salsa,
Pork and Ham Loaf with Marmalade-Mustard Glaze,
"Paprika-Roasted Chicken, Potatoes, and Radishes With Salsa Verde",https://www.epicurious.com/recipes/food/views/paprika-roasted-chicken-potatoes-and-radishes-with-salsa-verde
"Poached Lobster Tails, and Fried Oyster with Mango and Avocado Purée",https://www.epicurious.com/recipes/food/views/poached-lobster-tails-and-fried-oyster-with-mango-and-avocado-puree-51191010
"Swordfish with Orange, Honey and Soy",
Asparagus Goat Cheese Tart with Tarragon,
"Chick-Pea, Garlic, and Parsley Dip",
Blueberry-White Chocolate Mousse Tart,https://www.epicurious.com/recipes/food/views/blueberry-white-chocolate-mousse-tart-2297
Stuffed Poblano Chiles with Avocado and Potatoes,
Sweet-and-Sour Cherry Turnovers with Goat Cheese Cream,https://www.epicurious.com/recipes/food/views/sweet-and-sour-cherry-turnovers-with-goat-cheese-cream-242723
Grilled Vegetables with Chipotle Dressing,
"Spinach, Fennel and Feta Salad",
Hazelnut Dome Cake,
Fresh Peach Chutney,
Orange-Maple Pork Ribs,
Raspberry-Yogurt Cake,
Bacon and Molasses Beans,
Seeded Tortilla Triangles,
Red Onion Marmalade,
Turkey Scaloppine with Mushroooms,https://www.epicurious.com/recipes/food/views/turkey-scaloppine-with-mushroooms-60
Brown- and Wild-Rice Pilaf with Porcini and Parsley,https://www.epicurious.com/recipes/food/views/brown-and-wild-rice-pilaf-with-porcini-and-parsley-10811
Curried Pork Chops with Brandied Peach and Crabapple Chutney,
Star Fish,
Cumin Pork Roast with Wild Mushroom Sauce,
"Raspberry, Whiskey & Oat Cheesecake",
Red Wine Beef Stew,
"Cauliflower With Quinoa, Prunes, and Peanuts",
Middle-Eastern Pita Salad,
Oven-Baked Chicken and Slow-Roasted Tomatoes on a Baguette,https://www.epicurious.com/recipes/food/views/oven-baked-chicken-and-slow-roasted-tomatoes-on-a-baguette-239171
Two-Bean Salad with Balsamic Vinaigrette,
Strawberry Milk Shakes,
Peach Bonbons,
Vietnamese-Style Spaghetti Squash “Noodle” Bowls With Skirt Steak,
Gratin of Potatoes,
Cherry Tomato Vinaigrette,
Grilled Chicken and Chick-Pea Salad with Carrot-Cumin Dressing,
Jealous Marys,
Cranberry Kir,
Vegetable Green Curry,
Baked Tomatoes,
Black Bean-Soy Sauce,
Honeydew Melon in Coconut Milk,
Herb and Bacon Corn-Bread Stuffing,
Roasted Herb Potato Medley,
Fennel and Carrot Confit,https://www.epicurious.com/recipes/food/views/fennel-and-carrot-confit-351873
Strawberry-Ricotta Parfait,
Chickpea Stew,
Vine-Ripened Tomatoes Drizzled with Balsamic Vinegar,
Old-Fashioned Stollen with Almonds,
London,
Crisp Spiced Nuts,
Jamaica Glow,
Three Way Garlic Pasta with Beans and Peppers,
Sweet-Potato Pie with Gingersnap Pecan Crust,
"Scallops with Onion Purée, Pink Grapefruit, and Prosecco Brut",
Zucchini Ginger Cupcakes,
Almond Cheesecake with Sour Cream and Blackberries,
"Fennel, Grapefruit, and Prosciutto Salad",
Creamy Rice with Parsnip Purée and Root Vegetables,
"Potato, Spinach, and Feta Gratin",
White Chocolate-Blackberry Parfait,
Bourbon-Orange Pecan Pie with Bourbon Cream,
Lamb with Artichokes and Sun-Dried Tomatoes,
Honey Mustard Dressing and Mixed Greens,https://www.epicurious.com/recipes/food/views/honey-mustard-dressing-and-mixed-greens-104167
Chocolate Icing,
Chickpea Raita,
Spiced Glazed Carrots with Sherry & Citrus,
Gallette of Sweet Potato-Crusted Tobago Crab Cake,https://www.epicurious.com/recipes/food/views/gallette-of-sweet-potato-crusted-tobago-crab-cake-234501
Monkfish Rumaki,
Leek Confit,
Honolulu,
Panko-Crustes Mustard Pork Cutlets,
"Couscous with Golden Raisins, Pine Nuts, and Green Onions",
Potato Parsnip Purée,
Herb Flower Pesto,https://www.epicurious.com/recipes/food/views/herb-flower-pesto-51176220
Pineapple Orange Batidos,
"Fresh Herb, Grapefruit, and Fennel Salad",
Pears Poached in Port and Cranberry Juice with Port Syrup,https://www.epicurious.com/recipes/food/views/pears-poached-in-port-and-cranberry-juice-with-port-syrup-4689
Calamari Fritti with Creamy Ponzu Dipping Sauce,
"Red Snapper with Potatoes, Tomatoes and Red Wine",
Deviled Ham and Pecan Tea Sandwiches,https://www.epicurious.com/recipes/food/views/deviled-ham-and-pecan-tea-sandwiches-241209
Sweet-and-Sour Fish,
Cumin-Pecan Corn Bread,https://www.epicurious.com/recipes/food/views/cumin-pecan-corn-bread-1028
Croques-Monsieur,
Orange Sweet Rolls,https://www.epicurious.com/recipes/food/views/orange-sweet-rolls
Sweet Potato Fritters,
Italian-Style Swiss Chard,
Lemon Zabaglione,https://www.epicurious.com/recipes/food/views/lemon-zabaglione-352951
Herbed Chicken and Arugula Panini,
Grilled Chicken and Pork with Orange-Cumin Glaze,
Oasis Carrot Salad,https://www.epicurious.com/recipes/food/views/oasis-carrot-salad-351902
Roast Chicken and Root Vegetables with Mustard-Rosemary Sauce,https://www.epicurious.com/recipes/food/views/roast-chicken-and-root-vegetables-with-mustard-rosemary-sauce-105685
Herbed Shrimp Dip,
"Mixed Green Salad with Mango, Jícama and Cashews",
Maytag Blue Cheese and Potato Tartlets,https://www.epicurious.com/recipes/food/views/maytag-blue-cheese-and-potato-tartlets-108663
Crème Fraîche,
Potato-Apple Pancakes with Smoked Salmon and Horseradish,
Sour Cream Mashed Potatoes With Paprika,https://www.epicurious.com/recipes/food/views/sour-cream-mashed-potatoes-with-paprika
Sea Bass with Onion and Cumin Sauce,
Grilled Mustard-Dill Burgers,
Pistachio Crème Brûlée with Sour Cherry Sauce,https://www.epicurious.com/recipes/food/views/pistachio-creme-brulee-with-sour-cherry-sauce-233281
Summer Squash Sloppy Joes,
"Chopped Cucumber, Pear, and Fennel Salad",
Grilled Chicken Sandwiches with Sage Pesto and Apples,https://www.epicurious.com/recipes/food/views/grilled-chicken-sandwiches-with-sage-pesto-and-apples-108306
Curried Smoked Chicken and Wild Rice Salad,
Peach or Nectarine Chutney,
Pastrami-Style Grilled Turkey Breast,
Pasta with Asparagus Pesto,
Apricot-Sour Cream Scones,
"Bread Dressing with Dried Apricots, Pistachios, and Mint",https://www.epicurious.com/recipes/food/views/bread-dressing-with-dried-apricots-pistachios-and-mint-108824
Yellow Squash and Mozzarella Quiche with Fresh Thyme,
Lamb Chops with Sun-Dried Tomato Butter,https://www.epicurious.com/recipes/food/views/lamb-chops-with-sun-dried-tomato-butter-241480
Caesar Pasta Salad,
Turkey and Zucchini Meat Loaf,
Orange-Campari Granita with Fresh Nectarines,
Chocolate Sambuca Crinkle Cookies,
Crispy Apple-Oat Fritters,https://www.epicurious.com/recipes/food/views/crispy-apple-oat-fritters-51210540
Anne Whiteman's Birthday Kugel,https://www.epicurious.com/recipes/food/views/anne-whitemans-birthday-kugel-350156
Mexican Black Beans,
Dukkah-Crusted Salmon With Cucumber and Chilli Salad,
Caramelized Chipotle Chicken,https://www.epicurious.com/recipes/food/views/caramelized-chipotle-chicken-354980
Blue Cheese and Caramelized Shallot Dip,
Lamb Shanks with Tomatoes and Fresh Herbs,
Herbed Oven-Browned Potatoes,
"Curried Lentil, Tomato and Lamb Stew",
Chocolate-Coffee Gingerbread with Hazelnut Poached Pears,https://www.epicurious.com/recipes/food/views/chocolate-coffee-gingerbread-with-hazelnut-poached-pears-350813
"Barbecue Pork Kebabs With
                Blistered-Chile–Pumpkin Seed Salsa",
Beet Chutney,
Cauliflower Purée,
Chocolate Cherry Cake Squares,
Butternut Squash and Mushroom Lasagna,
Grilled Monterey Jack and Corn Quesadillas,
Grilled Chicken Breasts and Chipotle-Cilantro Carrots with Feta,https://www.epicurious.com/recipes/food/views/grilled-chicken-breasts-and-chipotle-cilantro-carrots-with-feta-358494
Pappardelle with Chicken and Mushroom Ragù,
Spring Lamb Stew,
Beer-Can Cabbage,https://www.epicurious.com/recipes/food/views/beer-can-cabbage
Danish Salted-Butter Cookies,https://www.epicurious.com/recipes/food/views/danish-salted-butter-cookies
Carrot Salad with Oregano and Cumin,
Spicy Wok Shrimp with Coconut Rice,
Blue Cheese Canapes with Pecans and Grapes,
Maple Corn Bread,
Cider Punch,
Halibut and Clams with Bell Peppers and Saffron,https://www.epicurious.com/recipes/food/views/halibut-and-clams-with-bell-peppers-and-saffron-5356
Creamy Herbed Horseradish Sauce,
Grilled Country Ribs with Summer Savory Mustard Marinade,
Sea Bass with Parsley Purée,
Crab Cakes with Tomato Salsa,
Pasta with Herbed Turkey Sauce,
"Steamed Sea Bass, Cantonese Style",
"Turkey Breast Stuffed with Sausage, Fennel, and Golden Raisins",
Green Bean Salad with Fresh Tomato Chutney,
Herb Gnocchi,
Yellowtail Crudo With Citrus and Avocado,https://www.epicurious.com/recipes/food/views/yellowtail-crudo-with-citrus-and-avocado
Creamy Rosemary Turkey and Vegetable Potpie with Herbed Dumplings,
Roast Pork Loin and Potatoes,
Hole in One,
"Penne with Eggplant, Olives and Feta Cheese",
"Zucchini, Potato, and Cilantro Soup",
Homemade Turkey Stock,https://www.epicurious.com/recipes/food/views/homemade-turkey-stock
Trimmed Artichokes,
Red Wine and Pear Brioche Tart,
Salade Niçoise,
"Beet, Walnut and Gorgonzola Salad",
Ash-Roasted Batatas with Lime-Cumin Butter,https://www.epicurious.com/recipes/food/views/ash-roasted-batatas-with-lime-cumin-butter-234666
Fresh Peach and Gingercream Shortcakes,
Whale Watcher,
Gingered Brioche Summer Pudding with Sour Cream Mascarpone,
Ham Triangles with Poppy and Sesame Seeds,
Rose Petal and Pistachio Raspberry Custard,
Panfried Trout with Pecan Butter Sauce,
Shrimp Risotto with Fresh Herb Butter,
Thai Grilled Chicken Wings,
Raspberry and Walnut Vinaigrette,
Parsnip Fennel Purée,
Brain-Boosting Broth,https://www.epicurious.com/recipes/food/views/brain-boosting-broth-51124600
Lumpia Wrappers,
Chicken Breasts with Poblano Chile Strips and Cream,
Grilled Cheddar and Fennel Sandwiches with Curry Mayo,https://www.epicurious.com/recipes/food/views/grilled-cheddar-and-fennel-sandwiches-with-curry-mayo-231188
Crisp Cheese-Filled Eggplant Sandwiches with Pomegranate Molasses,
Rich Little Po'boy,https://www.epicurious.com/recipes/food/views/rich-little-poboy-240783
Chocolate Cream and Cinnamon Sugar,
"Nectarines, Strawberries and Melon in Orange-Honey Spiced Syrup",https://www.epicurious.com/recipes/food/views/nectarines-strawberries-and-melon-in-orange-honey-spiced-syrup-5411
Grilled Eggplant with Fresh Hot Sauce and Crispy Eggs,
1985 Chicken Pie with Biscuit Crust,
Beef Chili with Chipotle Chilies and Cilantro,
Winter Garden Ditalini,https://www.epicurious.com/recipes/food/views/winter-garden-ditalini-106221
Mango-Pineapple Tart with Macadamia Nut Crust,
Cornmeal Blini with Tomato-Corn Salsa,
Orange Braised Chicken Thighs with Green Olives,
"Eggs with Serrano Ham and Manchego Cheese, Green Olive Relish, and Migas",https://www.epicurious.com/recipes/food/views/eggs-with-serrano-ham-and-manchego-cheese-green-olive-relish-and-migas-241877
Blues-Busting Blueberry Ice Cream,https://www.epicurious.com/recipes/food/views/blues-busting-blueberry-ice-cream-354969
Raw Carrot and Onion Salad,
Tortillas With Eggs and Spicy Bean Chili,
"Peach, Ginger, and Bourbon",https://www.epicurious.com/recipes/food/views/peach-ginger-and-bourbon-51240260
Eggplant with Lentils and Goat Cheese,
Wilted Greens with Garlic and Anchovies,
Bulgur Pilaf,
Honeydew Salad Plate,
Herbed Chicken Burgers,
Roast Pork Loin with Grapefruit,
Spicy Garbanzo Bean and Turkey Sausage Soup,
Santa Fe Clam Chowder,
Mulled-Wine Cranberry Sauce,
Horseradish Deviled Eggs,
Vietnamese Caramelized Grilled Pork,
"Radicchio, Fennel, and Arugula Salad with Roquefort and Walnuts",
"Mussel Soup with Avocado, Tomato, and Dill",https://www.epicurious.com/recipes/food/views/mussel-soup-with-avocado-tomato-and-dill-237584
Chermoula With Red Chile,https://www.epicurious.com/recipes/food/views/chermoula-with-red-chile
Peppercorn- and Thyme-Roasted Goose,
Apple Spice Cake with Walnuts and Currants,
Chicken Fricassée with Black-Eyed Peas and Spinach,
Parisian Passover Coconut Macaroons,
Matzo Scallion Pancakes,
Star Anise Ice Cream,https://www.epicurious.com/recipes/food/views/star-anise-ice-cream-12535
Southern-Style Meatloaf,
Miniature Cream Scones with Currants,
White Lasagne,
"Pasta, Sausage and Bean Soup",
"Chicken, Mushroom and Leek Fricassée",
Chocolate-Chunk Caramel Cookies,
Sufganiyot,
"Charred Pear Sorbet with Goat Cheese ""Snow""",https://www.epicurious.com/recipes/food/views/charred-pear-sorbet-with-goat-cheese-snow-51143880
Chocolate and Vanilla Parfaits with Cherry Sauce,https://www.epicurious.com/recipes/food/views/chocolate-and-vanilla-parfaits-with-cherry-sauce-100164
Broiled Chicken with Rosemary and Garlic,https://www.epicurious.com/recipes/food/views/broiled-chicken-with-rosemary-and-garlic-235464
Bacon-Molasses Breakfast Sausage,https://www.epicurious.com/recipes/food/views/bacon-molasses-breakfast-sausage-51230440
"Stir-Fried Shrimp, Snow Pea, and Walnut Salad",
Sirloin Kebabs with Southeast-Asian-Style Spice Paste,https://www.epicurious.com/recipes/food/views/sirloin-kebabs-with-southeast-asian-style-spice-paste-238706
Provencal Salad,
Coconut Mint Cream Cake,
Plum Tart with Goat Cheese and Walnut-Thyme Streusel,
Double Chocolate Espresso Cookies,https://www.epicurious.com/recipes/food/views/double-chocolate-espresso-cookies
Roasted Beet and Sugar Snap Pea Salad,
Creamsicle Crush,
Nightmare,
Turkey and Sweet Potato Sandwich,
"Salted Roast Turkey with Orange, Fall Spices, and Sherry Gravy",
Tortillas de Masa Harina,https://www.epicurious.com/recipes/food/views/tortillas-de-masa-harina-51110230
"Almond, Plum and Peach Pie",
Seared Scallops with Ginger Sauce,
Potato Pizza,
Frozen Melon Colada,
Arroz Blanco (Mexican White Rice),
Special Sunday Roast Chicken,
Basic Butter Cookie Dough,
Asian Eggplant,
Rich Winter Tomato Sauce,
"Eggplant with Bell Pepper, Feta, and Green Olives",
"Three-Day, Twice-Cooked Pork Roast with Fried-Herb Salsa Verde",https://www.epicurious.com/recipes/food/views/three-day-twice-cooked-pork-roast-with-fried-herb-salsa-verde-51262510
Watermelon Sundae,
Banana Layer Cake with Caramel Cream and Pecans,
Orange Syrup,
Vidalia Onion Pie,
Turkey Tonnato with Potatoes and Green Beans,
Saffron Almond Rice Pilaf,
Italian Mother-In-Law Dressing,https://www.epicurious.com/recipes/food/views/italian-mother-in-law-dressing-51124220
Apricot Whip with Berries,
Morel and Asparagus Sauté D'aoust,
No-Boil Mac and Cheese,https://www.epicurious.com/recipes/food/views/no-boil-mac-and-cheese-51140420
Black Currant Iced Tea with Cinnamon and Ginger,
Passion-Fruit Gelée with Basil Cream,https://www.epicurious.com/recipes/food/views/passion-fruit-gelee-with-basil-cream-235038
Slow-Roasted Arctic Char with Lemon-Mustard Seed Topping,https://www.epicurious.com/recipes/food/views/slow-roasted-arctic-char-with-lemon-mustard-seed-topping-355893
Café de Paris,
Roast Beef with Wild Mushroom Sauce and Caramelized-Shallot Mashed Potatoes,https://www.epicurious.com/recipes/food/views/roast-beef-with-wild-mushroom-sauce-and-caramelized-shallot-mashed-potatoes-241622
Broiled Salmon with Orange-Miso Glaze,
Butternut Squash Gratin with Goat Cheese and Hazelnuts,
Roast Beef Sandwiches with Horseradish Mayonnaise,
Davis,
Fettucine with Chicken and Bell Pepper Cream Sauce,
"Potato, Onion and Caraway Cloverleaf Rolls",
Cranberry Pineapple Salsa,
Tapioca Brûlée,
Turkey Cutlets with Brussels Sprouts and Dried Cranberries,
Apricot Glaze,https://www.epicurious.com/recipes/food/views/apricot-glaze-351011
Shrimp With Mustard-Lime Dipping Sauce,https://www.epicurious.com/recipes/food/views/shrimp-with-mustard-lime-dipping-sauce-51236210
Salmon Teriyaki with Carrots and Onions,
Rich Pumpkin Pie,
"Pork Gyros with Yogurt-Tomato Sauce, Red Onion, and Arugula",https://www.epicurious.com/recipes/food/views/pork-gyros-with-yogurt-tomato-sauce-red-onion-and-arugula-235157
Linguine with Shrimp and Asparagus,
Pistachio Dark-Chocolate Crisps,
Rum-Laced Cream,
"Chicken Paillards with Tomato, Basil, and Roasted-Corn Relish",
Sweet-Potato Gratins,
White and Milk Chocolate Mousse Cake,
Chili Mashed Potatoes,
Cedar-Planked Char with Wood-Grilled Onions,https://www.epicurious.com/recipes/food/views/cedar-planked-char-with-wood-grilled-onions-359609
Peanut Butter Banana Ice Cream,
Grilled Mustard Chicken with Fresh Corn Polenta,https://www.epicurious.com/recipes/food/views/grilled-mustard-chicken-with-fresh-corn-polenta-360230
Plum and Walnut Crisp with Ginger Ice Cream,https://www.epicurious.com/recipes/food/views/plum-and-walnut-crisp-with-ginger-ice-cream-108318
Crudités Salad with Farro and Pecans,https://www.epicurious.com/recipes/food/views/crudites-salad-with-farro-and-pecans-56389669
Rib-Eye Steaks with Arugula Oil,
Maple Mustard-Glazed Canadian Bacon,
Fish Chowder with Herbed Oyster Crackers,https://www.epicurious.com/recipes/food/views/fish-chowder-with-herbed-oyster-crackers-13276
"Tilapia with Balsamic Butter Sauce, Thyme Mashed Potatoes, and Sugar Snap Peas",https://www.epicurious.com/recipes/food/views/tilapia-with-balsamic-butter-sauce-thyme-mashed-potatoes-and-sugar-snap-peas-236885
"Shrimp, Lobster, and Jicama Salad",https://www.epicurious.com/recipes/food/views/shrimp-lobster-and-jicama-salad-51104660
Shrimp in Achiote Oil,https://www.epicurious.com/recipes/food/views/shrimp-in-achiote-oil-51231640
Honey-Roasted Carrots,
Stuffed Tortillas with Two Sauces,
Red Snapper Veracruzana,https://www.epicurious.com/recipes/food/views/red-snapper-veracruzana-14994
Roasted Chicken Sandwiches with Jack Cheese and Chili Mayonnaise,
Chicken-Apricot Skewers,
Pear and Hazelnut Frangipane Tart,https://www.epicurious.com/recipes/food/views/pear-and-hazelnut-frangipane-tart-105747
Basil and Garlic Mayonnaise,
Ruffle-Edged Pasta with Cauliflower and Parsley Sauce,https://www.epicurious.com/recipes/food/views/ruffle-edged-pasta-with-cauliflower-and-parsley-sauce-11465
Sage and Pine Nut Yogurt Sauce,https://www.epicurious.com/recipes/food/views/sage-and-pine-nut-yogurt-sauce-350829
Moonraker,
Earl Grey Rum Punch,
Parmesan-Coated Turkey Cutlets,
Ulanda,https://www.epicurious.com/recipes/food/views/ulanda-201050
"Pasta with Shrimp, Tomato, and Arugula",
Greek-Style Sea Scallop Brochettes,
Gingered Red Cabbage and Carrots,
Perciatelli with Roasted Tomato and Almond Pesto,https://www.epicurious.com/recipes/food/views/perciatelli-with-roasted-tomato-and-almond-pesto-360609
Beer-Marinated Steaks with Peppercorn Sauce,
Spring Minestrone Verde with Pistachio Pesto,https://www.epicurious.com/recipes/food/views/spring-minestrone-soup-with-pistachio-pesto
Spicy Asian Eggplant with Tofu and Red Pepper,
Chicken and Green Bean Coconut Curry,
Chestnut Soup,
Serrano Salsa,
Citrus and Chile Braised Short Ribs,
"Cauliflower With Pumpkin Seeds, Brown Butter, and Lime",
Israeli Falafel,
Cointreau Spritz,https://www.epicurious.com/recipes/food/views/cointreau-spritz-56389930
Rainbow Chard Slaw,https://www.epicurious.com/recipes/food/views/rainbow-chard-slaw-51169200
Smoked Bluefish Pate,
Penne with Herbed Zucchini and Goat Cheese,https://www.epicurious.com/recipes/food/views/penne-with-herbed-zucchini-and-goat-cheese-14164
Seafood Cocktail,
Chile-Corn Custard Squares,https://www.epicurious.com/recipes/food/views/chile-corn-custard-squares-353419
Panfried Smashed Potatoes,
Raspberry Frozen Yogurt Cake with Raspberry Amaretto Sauce,
Seared Wild Salmon with New Potatoes and Dijon Broth,
"Shrimp, Corn, and Red Pepper Salad Sandwiches",https://www.epicurious.com/recipes/food/views/shrimp-corn-and-red-pepper-salad-sandwiches-105355
"Lamb Chops Scottadito
                With Charred Cherry Tomatoes",
Spring Greens with Soppressata and Grapefruit,https://www.epicurious.com/recipes/food/views/spring-greens-with-soppressata-and-grapefruit-104934
Persian Beef-and-Split-Pea Stew,https://www.epicurious.com/recipes/food/views/persian-beef-and-split-pea-stew-239283
Grilled Chicken and Vegetables with Wild Rice,
Dried Fruit and Nut Crostata,https://www.epicurious.com/recipes/food/views/dried-fruit-and-nut-crostata-350087
Rhubarb Frozen Yogurt Torte,
Buckwheat Batter,
Pinto Bean and Vegetable Chili,
Red Cabbage and Pork Casserole,
Sea Bass with Tomatoes and Onions,
Father's Day Pork Chops,https://www.epicurious.com/recipes/food/views/fathers-day-pork-chops-365696
Paad Thai Pailin,
Woo Woo,https://www.epicurious.com/recipes/food/views/woo-woo-200289
Horseradish-Crusted Salmon with Cranberry Ketchup,
"Veal Scallops with Wild Mushroom, Mustard, and Tarragon Sauce",https://www.epicurious.com/recipes/food/views/veal-scallops-with-wild-mushroom-mustard-and-tarragon-sauce-108819
Mâche Salad with Chiffonade of Beet and Radish,https://www.epicurious.com/recipes/food/views/mache-salad-with-chiffonade-of-beet-and-radish-11091
Ground Coriander and Cilantro Flatbreads,https://www.epicurious.com/recipes/food/views/ground-coriander-and-cilantro-flatbreads-242112
Shrimp and Spinach Dumplings with Asian Dipping Sauce,
Bourbon and Brown Sugar Glazed Turkey,https://www.epicurious.com/recipes/food/views/bourbon-and-brown-sugar-glazed-turkey
Old-Fashioned Cherry Vanilla Pie,
Grilled Halibut with Lemon-Basil Vinaigrette,
Brazilian Banana and White Chocolate Ice Cream Torte,
Torta de Calabacitas,
Chocolate-Dipped Coconut Macaroons,
Pork Chops with Rosemary-Vinegar Sauce,
Strawberry-Blueberry Napoleons,
Brown Sugar Apple Pastries,
Grilled Marinated Leg of Lamb,
Pineapple-Hibiscus Cocktail,https://www.epicurious.com/recipes/food/views/pineapple-hibiscus-tequila-cocktail
Spiced Chicken Stew with Carrots,
Dried Fruit and Almond Haroseth,
"Gala Apple ""Newtons"" with Honey Cream",https://www.epicurious.com/recipes/food/views/gala-apple-newtons-with-honey-cream-108699
"Baked Apples with Cranberries, Raisins, and Apricots",
Harissa Sauce,
Pear and Ricotta Blintzes with Spiced Maple-Butter Sauce,https://www.epicurious.com/recipes/food/views/pear-and-ricotta-blintzes-with-spiced-maple-butter-sauce-104046
Potato and Turnip Gratin,
Rosy Peach & Ripe Melon Sangria,https://www.epicurious.com/recipes/food/views/rosy-peach-ripe-melon-sangria-240804
Cold Avocado and Tomato Soup,
"Oatmeal, Almond, Pear and Plum Crisp",
Mini Frozen Key Lime Pies,
Tuna and Caper Brandade Crostini,https://www.epicurious.com/recipes/food/views/tuna-and-caper-brandade-crostini-231980
"Lentil, Garbanzo Bean and Tomato Salad",
"Fettuccine with Shrimp, Scallops and Mussels",https://www.epicurious.com/recipes/food/views/fettuccine-with-shrimp-scallops-and-mussels-853
Chocolate Nut Cookies,
Salsa de Chile Morita,
Fruitcake Brownies,
Grilled Cheese with Smoked Turkey and Avocado,https://www.epicurious.com/recipes/food/views/grilled-cheese-with-smoked-turkey-and-avocado-14616
Chicken Gyros with Yogurt-Dill Sauce,
Easy Roast Turkey With No-Roux Gravy,
Bourbon and Dark Rum Eggnog,
Roast Pork Loin with Pickled Caramelized Guavas,https://www.epicurious.com/recipes/food/views/roast-pork-loin-with-pickled-caramelized-guavas-234804
Coffee and Molasses Cured Duck Breast Bacon,
Cilantro-Tomato Salsa,
Rosemary-Lemon Grilled Turkey Cutlets and Red-Skinned Potato Wedges,https://www.epicurious.com/recipes/food/views/rosemary-lemon-grilled-turkey-cutlets-and-red-skinned-potato-wedges-359552
Grilled Chicken Breast with Arugula and Olive Thyme Vinaigrette,
Rhubarb-Raspberry Jalousie,
Crab and Herb Fettucine,
Crisp Rosemary-Parmesan Garlic Bread,
Spaghetti With Tomato and Walnut Pesto,https://www.epicurious.com/recipes/food/views/ba-syn-spaghetti-with-tomato-and-walnut-pesto
Black Bean and Vegetable Burritos,
Lemon Pudding Filled Coconut Cupcakes with Shaved Coconut Topping,
Italian Chicken Salad,
Chili-Rubbed Chicken with Rosemary and Tomato,
Pineapple in Ginger Rum Syrup,
Herb Grilled Chicken Wings,
"Sauteed Chicken with Tomatoes, Olives, and Feta",
Chocolate Guinness Goodness,
Risotto with Squash and Pancetta,
Pasta with Shrimp and Artichokes,
West Indian Rice and Beans,
Broiled Salmon with Spicy Maple Basting Sauce,
Crispy Snapper Tacos with Avocado and Tropical-Fruit Salsa,
Sea Bass Fillets in Cilantro Sauce,https://www.epicurious.com/recipes/food/views/sea-bass-fillets-in-cilantro-sauce-5621
Sweet Cucumber and Radish Salad,
Cider Syrup,
Blenton,
Grilled Chicken with Thai-Spiced Oil,
Broiled Fennel and Red Bell Pepper Salad,
Creamed Crab with Artichokes,
"Romaine, Red Pepper and Fennel Salad",
Chocolate Raspberry Turnovers,
Kentucky Gingerbread,
Chicken and Vegetable Quesadilla,
Aligot Gratin,
Eggplant and Smoked-Gouda Open-Faced Grilled Sandwiches,
"Chestnut, Wild Rice, and Pistachio Dressing",https://www.epicurious.com/recipes/food/views/chestnut-wild-rice-and-pistachio-dressing-51238070
Ham and Egg Strata,
Peach Sabayon with Balsamic Peaches,
"A Green Peas Soup, without Meat",
Kale and Smoked Bacon salad with Zinfandel Vinaigrette,https://www.epicurious.com/recipes/food/views/kale-and-smoked-bacon-salad-with-zinfandel-vinaigrette-361261
Summer Fruit and Meringue Trifle,https://www.epicurious.com/recipes/food/views/summer-fruit-and-meringue-trifle-234962
Pancetta-Sage Turkey with Pancetta-Sage Gravy,https://www.epicurious.com/recipes/food/views/pancetta-sage-turkey-with-pancetta-sage-gravy-240379
Raspberry White Chocolate Mousse Cake,
Dill-Cured Pork Crostini with Sweet Mustard Sauce,https://www.epicurious.com/recipes/food/views/dill-cured-pork-crostini-with-sweet-mustard-sauce-108220
Roasted Yellow Pepper Bruschetta,https://www.epicurious.com/recipes/food/views/roasted-yellow-pepper-bruschetta-107056
Smoked Oyster Caesar,https://www.epicurious.com/recipes/food/views/smoked-oyster-caesar-salad
Hazelnut Meringues with Lemon Cream and Blood Orange Syrup,https://www.epicurious.com/recipes/food/views/hazelnut-meringues-with-lemon-cream-and-blood-orange-syrup-102885
Mustard-Roasted Potatoes,
Fish House Punch II,
Roasted Red Bell Pepper and Fennel Salad,
Spiced Middle Eastern Lamb Patties with Pita and Yogurt,https://www.epicurious.com/recipes/food/views/spiced-middle-eastern-lamb-patties-with-pita-and-yogurt-51237020
Sweet Ginger Vinaigrette,
Halibut with Roasted Vegetables and Spicy Cilantro Sauce,
Planter's Punch IV,
Garlic and Anchovy Dip with Vegetables,
Sunny-Side-up Eggs on Mustard-Creamed Spinach with Crispy Crumbs,https://www.epicurious.com/recipes/food/views/sunny-side-up-eggs-on-mustard-creamed-spinach-with-crispy-crumbs-363650
Lemon Buttermilk Cake with Strawberries,
Tandoori-Spiced Chicken with Tomato-Ginger Chutney,
"Spaghetti with Anchovies, Olives, and Toasted Bread Crumbs",
"Fettuccine with Tomatoes, Bacon, Arugula and Goat Cheese",https://www.epicurious.com/recipes/food/views/fettuccine-with-tomatoes-bacon-arugula-and-goat-cheese-5636
Green Beans with Sweet and Sour Red Onions,
Cranberry-Vodka Punch,
Pink Chicken Sauté,
Sorrel-Wrapped Goat Cheese and Beet Stacks,
Chive Tartines with Smoked Salmon,
Chicken in Lemongrass Sauce,
Spicy Thai Tofu with Red Bell Peppers and Peanuts,https://www.epicurious.com/recipes/food/views/spicy-thai-tofu-with-red-bell-peppers-and-peanuts-242489
Wine-Braised Pork Loin,
Blue Cheese Potato Gratin,
Toasted Corn Crisps,
Glazed Apricot Twists,https://www.epicurious.com/recipes/food/views/glazed-apricot-twists-109238
Chia Seed Porridge with Orange & Yogurt,
Strawberry-Banana Smoothie,
Cashew Soup,
Fresh Summer Fruit in Ginger-Wine Syrup,
Stuffing Fried Rice,
Blue Cheese Dressing,https://www.epicurious.com/recipes/food/views/ba-syn-blue-cheese-dressing
White Kimchi,
Bulgur with Apricots and Almonds,
Roasted Striped Bass with Chive and Sour Cream Sauce,https://www.epicurious.com/recipes/food/views/roasted-striped-bass-with-chive-and-sour-cream-sauce-105414
Meatball and Vegetable Soup,
Chicken Cacciatora with Fusilli,
Coffee-Rubbed Cheeseburgers with Texas Barbecue Sauce,https://www.epicurious.com/recipes/food/views/coffee-rubbed-cheeseburgers-with-texas-barbecue-sauce-353870
Chocolate-Amaretto Souffles,
Rice Pudding with Persimmons and Dried Cranberries,
Meatballs with Bulgur in Onion and Tomato Sauce (Voli Me Plyguri),
Swiss Chard with Raisins and Pine Nuts,
Strawberry-Rhubarb Semifreddo,
Plum Oatmeal Crisp,
Potato Chip–Crusted Magic Bars,https://www.epicurious.com/recipes/food/views/potato-chip-crusted-magic-bars-recipe
"Fish and Vegetable Soup with Lime, Ginger, and Cilantro",https://www.epicurious.com/recipes/food/views/fish-and-vegetable-soup-with-lime-ginger-and-cilantro-104693
Raspberry Coconut Squares,
Salmon Burgers with Hoisin and Ginger,
"Creamed Leeks with Tarragon, Tomato, and Bacon",https://www.epicurious.com/recipes/food/views/creamed-leeks-with-tarragon-tomato-and-bacon-10737
Thai-Style Beef and Asparagus Curry,
Roasted Mustard Tarragon Chicken,
Red Wine-Braised Chicken With Chorizo and Chickpeas,
Smoked Salmon Platter with Dill Sour Cream,
Cincinnati-Style Chili,
"Pasta with Goat Cheese, Lemon, and Asparagus",
Cantaloupe and Grape Compote,
Deviled Eggs with Sun-Dried Tomatoes and Chives,
Spinach Risotto,
Leafy No-Lettuce Salad,
Steak with Mustard and Green Peppercorns,
Cranberry Apricot Pecan Strudel,
Lemon-Ginger Cake with Pistachios,
Cream of Broccoli Soup with Wild Mushrooms,
"Blue Cheese, Apple, and Sage-Honey Crostini",https://www.epicurious.com/recipes/food/views/blue-cheese-apple-and-sage-honey-crostini-51255310
Whole Wheat Bread with Raisins and Walnuts,
Mussels in Carrot Ginger Broth,
Celery and Jícama Sauté,
Opera,
Mustard Tarragon Butter,
Rice Pudding with Dried Cherries and Vanilla,
Pan Fried Potatoes with Paprika and Lemon,
Supper Clam Chowder,
Pomegranate-Glazed Eggplant,
Buttermilk Doughnuts,
Soy-Glazed Beef Burger,
Grilled Steak and Onions with Rosemary-Balsamic Butter Sauce,
"Fillet of Beef, Arugula, and Artichoke Crostini",https://www.epicurious.com/recipes/food/views/fillet-of-beef-arugula-and-artichoke-crostini-12035
Potato Salad with Grilled Kale,
Mushroom Croque-Monsieur,
Panfried Flank Steak with Mushroom Ragoût,
Spiced Tuna Steaks with Fennel and Red Peppers,
Strawberry Margarita Ice Pops,
Chive-Corn Muffins,
"5-Grain Porridge with Bee Pollen, Apples, and Coconut",https://www.epicurious.com/recipes/food/views/5-grain-porridge-with-bee-pollen-apples-and-coconut-51260260
Kaffir Lime Mousse with Honeydew Water,
Cowboy Flatbread Topped with Arugula Salad and Lemon-Pepper Dressing,https://www.epicurious.com/recipes/food/views/cowboy-flatbread-topped-with-arugula-salad-and-lemon-pepper-dressing-5704
Candied Sweet-Potato Purée,
Corn and Avocado Relish,
Sour Cream Biscuits With Sausage Gravy,
Smoked Black Bass,
Grapefruit Gimlet,
Walnut Mini-Loaves,https://www.epicurious.com/recipes/food/views/walnut-mini-loaves-10333
Parboiled Rice,https://www.epicurious.com/recipes/food/views/parboiled-rice-394655
Barbecue Boneless Pork Ribs,
Butter Baste,
Ginger Vinaigrette,
Smoked Salmon and Herbed Yogurt Roulade,
Indian-Spiced Shrimp,
Prosciutto-Roasted Halibut with Fresh Thyme,https://www.epicurious.com/recipes/food/views/prosciutto-roasted-halibut-with-fresh-thyme-233393
Vanilla Bean Ice Cream,
Vanilla Panna Cotta with Mixed-Berry Compote,
Portobello Mushroom Burgers with Basil-Mustard Sauce,
"Bibb Lettuce with Shrimp, Asparagus, and Chive Aïoli",
"Savoy Cabbage, Carrot, and Apple Salad",
Balsamic and Tomato Roast Chicken,
Seafood en Brodo with Tarragon Pesto,https://www.epicurious.com/recipes/food/views/seafood-en-brodo-with-tarragon-pesto-51193680
Golden and Long Beet Salad with Roquefort,
Linguine and Zucchini with Bagna Cauda Sauce,https://www.epicurious.com/recipes/food/views/linguine-and-zucchini-with-bagna-cauda-sauce-355030
Mexican Pineapple Salad,
Chinese Trinidadian Stir-Fried Shrimp with Rum,https://www.epicurious.com/recipes/food/views/chinese-trinidadian-stir-fried-shrimp-with-rum-388610
Toasted Hazelnut Salad with Dried Cranberries and Hazelnut Vinaigrette,
Oatmeal Lace Cookies,
German-Style Potato and Ham Salad,
Shrimp and Watermelon Salad,
Herbed Polenta Triangles,
Brown Sugar and Coffee Barbecue Sauce,
Whole Wheat Pancakes with Bananas and Pecans,
Skewered Scallops with Orange-Sesame Dipping Sauce,
Rib-Eye Steaks with Curried Salt,
"Artichoke, Fresh Mozzarella, and Salami Sandwiches",
Fried Neopolitan Pizzas,
Rice Pudding with Chai Spices,
Vanilla Snack Cakes,
Adobo-Rubbed Pork Tenderloin with Black Bean Pico de Gallo,
Skillet Chicken Pot Pie With Butternut Squash,
Smoked Duck and Walnuts with Winter Greens,
"Corn Bread with Basil, Roasted Red Peppers and Monterey Jack Cheese",https://www.epicurious.com/recipes/food/views/corn-bread-with-basil-roasted-red-peppers-and-monterey-jack-cheese-4410
Cranberry Tangerine Conserve,
Ladyfinger,
Spiced Roast Goose with Dried-Fruit Pan Sauce,
Aztec Sluggers,https://www.epicurious.com/recipes/food/views/aztec-sluggers-233303
Bing Cherry and Raspberry Sauce,https://www.epicurious.com/recipes/food/views/bing-cherry-and-raspberry-sauce-295
Irene's Beer Stew,https://www.epicurious.com/recipes/food/views/irenes-beer-stew-103180
Caramel Cheesecake Bites,
"Cucumber, Radish, and Tomato Salad with Citrus Dressing",
Green Garlic and Leek Matzo Brei With Smoked Salmon and Horseradish Cream,
Miniature Crab Cakes with Mustard Mayonnaise,
Butter Braised Oysters on Greens,
Roasted Butternut Squash Soup,
Chocolate Mascarpone Mousse with Bananas,
"Fettuccine with Walnuts, Zucchini Ribbons, and Pecorino Romano",https://www.epicurious.com/recipes/food/views/fettuccine-with-walnuts-zucchini-ribbons-and-pecorino-romano-235614
Winter Dried Fruit and Nut Chocolate Bark,
Mint Julep Spritzer,
Cucumber and Radish Salad,
Apricot Pear Cordials,https://www.epicurious.com/recipes/food/views/apricot-pear-cordials-233206
Maple Crème Caramel,
Vegetables Glazed with Balsamic Vinegar,
Chicken Laap,
Grilled Chicken and Vegetable Sandwiches with Tarragon Mayonnaise,
Grilled Vegetable Salad with Tofu,
"Spaghetti with Pepperoni, Peas, and Browned Onions",
Turtle Bars,
Pasta with Butternut Squash and Spinach,
Goose Stew with Barley and Celery Root,
Grilled Pork Chops with Anise-Seed Rub and Mango Mojo,
Curried Sweet Potato Soup,
Celery Root Soup,
Peanut Butter Cheesecake with Peanut Brittle,
Our Favorite Pie Dough,
Seared Shrimp with Warm New Potato Salad,
Blueberry Lemon Crumbles,
Marscarpone Cream,https://www.epicurious.com/recipes/food/views/marscarpone-cream-103294
"Crispy Za'atar Fish with Israeli Couscous, Swiss Chard, and Feta",
Anchovies in Tomato Sauce with Pasta,
Fresh Tomato and Onion Chutney,
Cider-Brined Pork Roast with Potatoes and Onions,https://www.epicurious.com/recipes/food/views/cider-brined-pork-roast-with-potatoes-and-onions-51193660
Honey-Cardamom Custards with Strawberry-Orange Compote,https://www.epicurious.com/recipes/food/views/honey-cardamom-custards-with-strawberry-orange-compote-1580
Blueberry Lemon Corn Muffins,https://www.epicurious.com/recipes/food/views/blueberry-lemon-corn-muffins-15255
Black Bean Ancho Chili,
Baked Hawaiian Islands,
"Louisiana Mussel ""Sauce Piquante"" with Garlic Bread",
Spice Cupcakes with Cream-Cheese Icing,
Herbed-Cheese and Zucchini Omelet,https://www.epicurious.com/recipes/food/views/herbed-cheese-and-zucchini-omelet-479
Hawaiian,
Shaved Asparagus with Parmesan Vinaigrette,
Grilled Portobello Burgers with Piquillo Pepper Aïoli and Watercress,https://www.epicurious.com/recipes/food/views/grilled-portobello-burgers-with-piquillo-pepper-aioli-and-watercress-242712
Peppercorn Steaks with Bourbon Sauce,
Pork Kebabs al Pastor,
Croutes au Fromage,
"Tomato, Red Onion, and Basil Bruschetta",
Apple and Celery Salad with Peanuts,
Herbed Lima Bean Hummus,
Cornmeal Harvest Loaves,
"Potato and Roasted Garlic Soup with Wheat Berry, Watercress, and Endive Salad",
Beef and Shrimp Kebabs,
"Root Vegetable ""Lasagna"" with Mushroom Broth",
Lamb Chops with Cherry Balsamic Sauce and Mint,
Roasted Red Curry Chicken with Apple Jus,
"Sauteed Turbot with Braised Endive, Celery Root Flan, Black Truffles, and Garlic Nage",https://www.epicurious.com/recipes/food/views/sauteed-turbot-with-braised-endive-celery-root-flan-black-truffles-and-garlic-nage-350390
Celery Root Bisque with Thyme Croutons,
Cream Puffs with Vanilla Ice Cream and Chocolate Sauce,
Grapefruit Tart,
Strawberry Coconut Pineapple Shake,
Chicken with Coconut Curry Sauce,
Vegetable and Chicken Curry,
Spicy Dill Pickles,
Tangy Avocado-Orange Salad,
Cumin-Crusted Monster Pork Chop with Peach Chipotle Salsa,https://www.epicurious.com/recipes/food/views/cumin-crusted-monster-pork-chop-with-peach-chipotle-salsa-238564
Umeboshi and Rice Salad with Pickled Ginger and Sugar Snap Peas,
Broiled Salmon with Apple-Date Chutney,
Layered Chicken Enchiladas with Tomatillo-Cilantro Sauce,https://www.epicurious.com/recipes/food/views/layered-chicken-enchiladas-with-tomatillo-cilantro-sauce-232700
"Persian New Year's Soup with Beans, Noodles, and Herbs (Ash-e-reshteh)",https://www.epicurious.com/recipes/food/views/persian-new-years-soup-with-beans-noodles-and-herbs-em-ash-e-reshteh-em-363446
Rhubarb and Ricotta Cheese Puff-Pastry Tartlets,
"Potato Latkes with Smoked Salmon, Caviar, and Tarragon Crème Fraîche",https://www.epicurious.com/recipes/food/views/potato-latkes-with-smoked-salmon-caviar-and-tarragon-creme-fraiche-236767
Mexican Clam Dip,
Herbed Cream Cheese Cucumber Rounds,
Curried Spinach Soup with Yogurt and Cilantro,
Rosemary Lamb Chops with Breadcrumbs,
Crab Cakes with Green Onion and Dill,
Rice with Julienned Carrots,
Salmon Platter with Caper Dressing,
Drunken Raspberries,
Honeyed Walnut Tart,
Snapper with Tapenade and Radish and Chive Salad,https://www.epicurious.com/recipes/food/views/snapper-with-tapenade-and-radish-and-chive-salad-5353
Choucroute with Caramelized Pears,
Bake-Salé Lemon Meringue Pie,
Udon Noodle Salad with Grilled Chicken and Coriander Dressing,
Zeppole,
Potato and Portobello Mushroom Gratin,
Eggs with Pickled Shallot and Parsley,https://www.epicurious.com/recipes/food/views/eggs-with-pickled-shallot-and-parsley
Red-Wine Braised Rabbit with Sage Polenta,https://www.epicurious.com/recipes/food/views/red-wine-braised-rabbit-with-sage-polenta-13079
Corn Bread Panzanella,
"Red Snapper with Cilantro, Garlic, and Lime",
Royal Blueberry Ice Pops,
Rustic Green Pepper and Olive Pan Pizza,
Sloe Gin Spritz,
Spring Pea And Pea Shoot Omelet,https://www.epicurious.com/recipes/food/views/spring-pea-and-pea-shoot-omelet-51238280
Spaghetti with Green Chili-Pine Nut Meatballs,
Seared Foie Gras and Lingonberry Jam on Brioche Toast,
Traditional Napa Cabbage Kimchi,
Italian Vegetable Stew (Ciambotta),https://www.epicurious.com/recipes/food/views/italian-vegetable-stew-em-ciambotta-em-355473
Pacific Salmon with Roasted Garlic,
Butternut Squash Soup with Star Anise and Ginger Shrimp,
"Watermelon, Green Onion, and Mint Salad",
Tostadas with Creamy Roasted Poblanos and Corn,https://www.epicurious.com/recipes/food/views/tostadas-with-creamy-roasted-poblanos-and-corn-56389834
Pumpkin Pie with Brown Sugar-Walnut Topping,https://www.epicurious.com/recipes/food/views/pumpkin-pie-with-brown-sugar-walnut-topping-355849
Orange Blossom Cheesecake with Raspberry and Pomegranate Sauce,https://www.epicurious.com/recipes/food/views/orange-blossom-cheesecake-with-raspberry-and-pomegranate-sauce-236212
Sesame Beef and Snow Pea Soup,https://www.epicurious.com/recipes/food/views/sesame-beef-and-snow-pea-soup-970
Tuna Kebabs with Ginger-Chile Marinade,
Apple and Blackberry Pie,
Caramelized Upside-Down Pear Tart,
Spicy Crab Spaghettini with Preserved Lemon,
Rum Punch with Passion Fruit and Lime,
Danish Pastry Braid,https://www.epicurious.com/recipes/food/views/danish-pastry-braid
Classic Spinach-Artichoke Dip with Mozzarella and Parmesan,
"Raspberry, Rhubarb and Pear Pies",
Buttermilk Pie Crust Dough,
"""Opulent"" Chicken",
"Shrimp, Vegetable and Cashew Stir-Fry",
Parmesan Pepper Curly Kale Chips,https://www.epicurious.com/recipes/food/views/parmesan-pepper-curly-kale-chips-51142280
"Creamy Phyllo, Raisin and Nut Pudding",
Cabbage and Tomato Slaw with Sherry-Mustard Viniagrette,
Maple Apple Pandowdy with Dried Cranberries,
Grilled Striped Bass with Lemon and Fennel,
Zucchini Pancakes with Basil Chive Cream,
Pears Poached in Earl Grey Tea with Dried Fruit,https://www.epicurious.com/recipes/food/views/pears-poached-in-earl-grey-tea-with-dried-fruit-109088
Asian-Style Crab and Shrimp Cakes,
Purple Potatoes with Sour Cream and Caviar,
Chestnut Risotto with Butternut Squash,
Yam and Black Bean Burritos with Amaranth,https://www.epicurious.com/recipes/food/views/yam-and-black-bean-burritos-with-amaranth-51195810
Berry Toast Cups,
"Puff Pastry Turnovers with Shrimp, Scallops and Spinach",
Glazed Blueberry-Blackberry Turnovers,https://www.epicurious.com/recipes/food/views/glazed-blueberry-blackberry-turnovers
Louisiana Jambalaya,
Cauliflower Risotto with Brie and Almonds,
"Jasmine Rice with Garlic, Ginger, and Cilantro",
Ginger Garlic Green Beans,
"Shaved Fennel, Radish, and Grapefruit Salad",
Miso-Glazed Black Cod on Sunflower Sprouts,
Mustard and Dill Vinaigrette,
"Prosciutto, Goat Cheese, and Fig Sandwiches",
Chicken and Artichoke Stew,
Vegetable Soup with Basil and Garlic,
"Mint-Marinated Shrimp with Tabbouleh, Tomatoes, and Feta",
Orange-Pineapple Carrot Cake,
Curried Peanut Soup,
Salt-Encrusted Beef Tenderloin,
Grilled Skewered Scallops and Apricots with Honey-Mustard Dressing,
Poblano Cream Soup,
Scalloped Potatoes with Blue Cheese and Turnips,
Green Curry With Brown Rice Noodles and Swiss Chard,
"Cabbage Packages Filled with Creamed Onions, Bacon and Sage",
"Sausage and White Bean ""Cassoulet""",
Asparagus and Leek Risotto with Prosciutto,
Pan-Roasted Carrots with Miso-Butter,
"Grilled Swiss Cheese, Tuna and Red Pepper Sandwiches",
Miso Glazed Sea Bass,
Hot and Sweet Mango Salsa,
"Seared Halibut with Haricots Verts, Scallions, and White Wine Sauce",
Watercress Salad With Warm Mustard Dressing,
Ham and Horseradish Stuffed Eggs,https://www.epicurious.com/recipes/food/views/ham-and-horseradish-stuffed-eggs-10205
Lemon Meringue Ice Cream Pie in Toasted Pecan Crust,
Ginger-Lime Coconut Cake with Marshmallow Frosting,
Braised Escarole with Currants and Pine Nuts,
Fiorentini with Butternut Squash,
Cream of Jerusalem Artichoke and Celery Soup,
Fresh Vegetable Platter with Olive Oil Dip,
Winter Salad with Toasted Mustard Seed Vinaigrette,https://www.epicurious.com/recipes/food/views/winter-salad-with-toasted-mustard-seed-vinaigrette-104545
Satan's Circus,https://www.epicurious.com/recipes/food/views/satans-circus-51160720
Asparagus Roast Beef Roll-Ups,https://www.epicurious.com/recipes/food/views/asparagus-roast-beef-roll-ups-363388
"Red Snapper with Thyme, Tomatoes, and Olives",
Alt-Grain Porridge With Sausages and Grapes,
Mustard Scallion Potato Salad,
Sautéed Savoy Cabbage with Scallions and Garlic,
Crab & Sweet Corn Cakes,
Chocolate Velvet Ice Cream,
Ham Mousse in Sherry Aspic,https://www.epicurious.com/recipes/food/views/ham-mousse-in-sherry-aspic-11051
Sausage-Stuffed Rack of Pork with Sage,
Fresh Pasta With Clams And Hot Italian Sausage,https://www.epicurious.com/recipes/food/views/fresh-pasta-with-clams-and-hot-italian-sausage
Spring Greens Sauté with Bacon and Walnuts,
Radicchio Salad With Caramelized Carrots and Onions,
Sauteed Swiss Chard with Onions,
Orange-Flower Pavlovas with Strawberries,
Roasted Sweet Potatoes with Honey Glaze,
Honey Apple Pie with Orange Lattice Crust,
"Game Hens with Honey, Vinegar and Spice Glaze",
Lentil Stew with Spinach and Potatoes,
Pistachio-Crusted Scallops,https://www.epicurious.com/recipes/food/views/pistachio-crusted-scallops-51117400
Bucatini All'Amatriciana,https://www.epicurious.com/recipes/food/views/bucatini-allamatriciana
Dill-Pickled Vegetables,https://www.epicurious.com/recipes/food/views/dill-pickled-vegetables-13417
Applesauce Cake with Penuche Frosting,
"Red Onion, Parsley, and Preserved Lemon Salad",
Filets Mignons with Mustard Port Sauce with Red Onion Confit,https://www.epicurious.com/recipes/food/views/filets-mignons-with-mustard-port-sauce-with-red-onion-confit-11130
Dilled Spinach Crepes with Avgolemono Sauce,https://www.epicurious.com/recipes/food/views/dilled-spinach-crepes-with-avgolemono-sauce-11762
Honey-Mustard Chicken-Sausage Kebabs,https://www.epicurious.com/recipes/food/views/honey-mustard-chicken-sausage-kebabs-353417
Soy and Sesame Short Ribs,
Kohlrabi Pickles With Chile Oil,https://www.epicurious.com/recipes/food/views/kohlrabi-pickles-with-chile-oil
Asparagus with Wasabi-Mayonnaise Dip,
Cuban-Style Roast Suckling Pig,https://www.epicurious.com/recipes/food/views/cuban-style-roast-suckling-pig-107566
Meringue-Topped Raspberry and Peach Ice Cream Cake,
"Cheddar Biscuits with Fried Eggs, Ham, and Brown Butter",
Pinon,
Lemon Crostata,
Frozen Chocolate Bourbon Parfaits,
Grilled Quail Salad with Honey-Dijon Dressing,https://www.epicurious.com/recipes/food/views/grilled-quail-salad-with-honey-dijon-dressing-239843
Parmesan Walnut Salad in Endive Leaves,
Southeast Asian Squid Salad,
Panettone Bread and Butter Pudding,
"Beets with Goat Cheese, Nigella Seeds, and Pistachios",https://www.epicurious.com/recipes/food/views/beets-with-goat-cheese-nigella-seeds-and-pistachios-51260310
Cinnamon-Walnut Coffee Cake,
Ultimate Turkey Stock,
Apple and Nut-Butter Puff Pastry Tarts,https://www.epicurious.com/recipes/food/views/apple-and-nut-butter-puff-pastry-tarts
"Cranberry, Pear, and Ginger Chutney",
Fresh Fennel and Arugula With Meyer Lemon Dressing,https://www.epicurious.com/recipes/food/views/fennel-and-arugula-salad-with-meyer-lemon-dressing
Frozen Iced Coffee With Coffee Jelly,
Paniolo Rack of Lamb,
Potato Parsnip Mash,
Salt-Crusted Beets with Horseradish Crème Fraîche,https://www.epicurious.com/recipes/food/views/salt-crusted-beets-with-horseradish-creme-fraiche-241354
Black and White Crème Brûlée,
"Lemon, Sage, and Garlic Roast Chicken",
"Lobster, Scallops, and Mussels with Tomato Garlic Vinaigrette",https://www.epicurious.com/recipes/food/views/lobster-scallops-and-mussels-with-tomato-garlic-vinaigrette-239289
"Butter Beans with Butter, Mint, and Lime",
Raisin Scones,
Blackberry-Gin Fizz,https://www.epicurious.com/recipes/food/views/blackberry-gin-fizz-51104460
Ramp and Walnut Pistou,https://www.epicurious.com/recipes/food/views/ramp-and-walnut-pistou
Waffles with Frizzled Ham and Maple-Mustard Cream,
Chili-Seasoned Fish Sticks,https://www.epicurious.com/recipes/food/views/chili-seasoned-fish-sticks-100954
Warm Almond Cakes With Grapes,
Mirabelle Ginger Tart,https://www.epicurious.com/recipes/food/views/mirabelle-ginger-tart-5003
Lamb Chops with Feta and Banyuls-Cherry Sauce,https://www.epicurious.com/recipes/food/views/lamb-chops-with-feta-and-banyuls-cherry-sauce-231431
Sticky Cinnamon Rolls,
Northwestern Wild Mushroom Stuffing,
Plantain Flatbread With Poached Egg and Honey Drizzle,https://www.epicurious.com/recipes/food/views/plantain-flatbread-with-poached-egg-and-honey-drizzle
Lamb Köfte with Yogurt Sauce and Muhammara,https://www.epicurious.com/recipes/food/views/lamb-kofte-with-yogurt-sauce-and-muhammara-356770
Assorted Vegetables,
Rice Pilaf with Pistachios and Golden Raisins,
Pasta with Confit Duck and Savoy Cabbage,https://www.epicurious.com/recipes/food/views/pasta-with-confit-duck-and-savoy-cabbage-235749
Rosemary Citrus Miso-Rubbed Turkey,
Herbed Orzo with Toasted Pine Nuts,https://www.epicurious.com/recipes/food/views/herbed-orzo-with-toasted-pine-nuts-11557
Glazed Red Pepper-Fennel Almonds,https://www.epicurious.com/recipes/food/views/glazed-red-pepper-fennel-almonds-107680
Spiced and Steamed Couscous With Brown Butter,https://www.epicurious.com/recipes/food/views/spiced-and-steamed-couscous-with-brown-butter
Baked French Toast with Cardamom and Marmalade,
Frozen Strawberry-Banana Cake with Strawberry Sauce,
Sour Cream Cake with Cardamom and Pistachios,
Lemon Cloud,
Chocolate Profiteroles with Coffee Ice Cream and Bittersweet Chocolate Sauce,
Maraschino Cherry Parfaits,
Mixed Grill with Cherry Cola Barbecue Sauce,
Shrimp with Ginger-Herb Butter,
"Cranberry Sauce with Cherries, Marsala and Rosemary",
Three-Cheese Pizza with Pancetta and Mushrooms,
Molasses-Cured Pork Shoulder Bacon,
Baked Pecan-Stuffed Nectarines,
Chicken Sauté with Sherry,
Raspberry Galettes,
Agnolotti with Sweet Peas and Goat Cheese,https://www.epicurious.com/recipes/food/views/agnolotti-with-sweet-peas-and-goat-cheese-236846
Mango-Pineapple-Lime Cheesecake with Ginger Crust,
Aged Sherry-Walnut Vinaigrette,https://www.epicurious.com/recipes/food/views/aged-sherry-walnut-vinaigrette-234560
Polenta Toasts with Goat Cheese and Fresh Thyme,
Spiced Pork Tenderloin With Cherry-Thyme Pan Sauce,
Mustard-Crusted Pork With Farro and Carrot Salad,
"Penne with Pancetta, Sage, and Mushrooms",https://www.epicurious.com/recipes/food/views/penne-with-pancetta-sage-and-mushrooms-395064
Seafood Stew with Leeks and Garlic,
"Arugula, Fennel, and Parmesan Salad",
Candied Butternut Squash,
Steamed Japanese Rice,https://www.epicurious.com/recipes/food/views/steamed-japanese-rice
Santori,
Orzo Risotto,
Spiced Mixed Nuts,
Eggplant Salad with Miso Ginger Dressing,
Halibut in Chard Leaves with Lemon-Thyme Butter,https://www.epicurious.com/recipes/food/views/halibut-in-chard-leaves-with-lemon-thyme-butter-237309
Vietnamese Fried Rice,
Black-Eyed Pea and Bacon Salad with Mustard Vinaigrette,
Hummus Tehina,
Rosanne Cash's Potato Salad,
Farinata con Salvia,https://www.epicurious.com/recipes/food/views/farinata-con-salvia-14643
Raspberry and Peach Parfait Cake,
"Arugula Salad with Caramelized Onions, Goat Cheese, and Candied Walnuts",https://www.epicurious.com/recipes/food/views/arugula-salad-with-caramelized-onions-goat-cheese-and-candied-walnuts-357496
Sugar Snap Salad,
Raisin Ginger Breads,https://www.epicurious.com/recipes/food/views/raisin-ginger-breads-10929
Chicken with Lemons and Olives Emshmel,
Orange Tangerine Pudding,
Ras El Hanout,
Grilled Fish with Orange-Fennel Salsa,
Fresh Tomato Bruschetta,
Chocolate Hazelnut Spiced Cookies,
Red Bell Pepper and Tomato Salad,
Turkey Osso Buco,https://www.epicurious.com/recipes/food/views/turkey-ossobuco-237660
Lemon-Nutmeg Custards,
Dried Fruit Stewed with Brown Sugar and Vanilla,https://www.epicurious.com/recipes/food/views/dried-fruit-stewed-with-brown-sugar-and-vanilla-2859
Warm Teriyaki Beef Salad,
Broccoli with Garlic and Parmesan Cheese,
Cinnamon Blueberry Muffins,
Lamb Shank Ragù with Anson Mills Grits,https://www.epicurious.com/recipes/food/views/lamb-shank-ragu-with-anson-mills-grits-355529
Fragrant Orange Chicken with Scallion Mashed Potatoes,https://www.epicurious.com/recipes/food/views/fragrant-orange-chicken-with-scallion-mashed-potatoes-355349
Maple Cheesecake with Maple-Cranberry Compote,https://www.epicurious.com/recipes/food/views/maple-cheesecake-with-maple-cranberry-compote-356358
Steamed Asian White Rice,
Tropical Punch Colada,
Couscous with Lamb Stew,
Turkey Congee With Crispy Shiitake Mushrooms,https://www.epicurious.com/recipes/food/views/turkey-congee-with-crispy-shiitake-mushrooms
Old-Fashioned Chicken and Corn Stew,
Egg Tacos with Pumpkin-Seed and Tomato-Habanero Sauces,
Mango in Ginger-Mint Syrup,
Sausage and Potato Breakfast Casserole,
Chocolate Truffle Pie with Orange-Champagne Sabayon and Strawberries,https://www.epicurious.com/recipes/food/views/chocolate-truffle-pie-with-orange-champagne-sabayon-and-strawberries-364650
Maple Syrup Pie,
Lemon Mascarpone Brûlée Tarts with Raspberry Sauce,https://www.epicurious.com/recipes/food/views/lemon-mascarpone-brulee-tarts-with-raspberry-sauce-14522
Fresh Hot-Pepper Paste,
Gingerbread with Nectarines and Cream,https://www.epicurious.com/recipes/food/views/gingerbread-with-nectarines-and-cream-100750
Crispy Chicken Sandwich with Buttermilk Slaw and Herbed Mayo,https://www.epicurious.com/recipes/food/views/fried-chicken-cutlet-sandwich-with-buttermilk-slaw-and-herbed-mayo-56390155
Crisp Chocolate Marshmallow Squares,
Spring Vegetable Ragoût with Fresh Chervil,https://www.epicurious.com/recipes/food/views/spring-vegetable-ragout-with-fresh-chervil-107939
Farro Spaghetti with Mushrooms and Hazelnuts,https://www.epicurious.com/recipes/food/views/farro-spaghetti-with-mushrooms-and-hazelnuts-51263920
Marinated London Broil with Lemon and Garlic,
Potato Pancakes with Confit Duck and Red-Cabbage Beet Slaw,
Curried Chicken,
White Wine and Peach Sangria,
Milk Pie,
Grilled Skirt Steak Tacos with Roasted Poblano Rajas,
Roasted Beet Salad with Flash-Pickled Radishes and Chard,
Beet Risotto,
Sage Buttermilk Biscuits with Sausage and Cheddar,
"Chicken, Green Bean, Corn, and Farro Salad with Goat Cheese",
Tomales Bay Oysters Rockefellar,https://www.epicurious.com/recipes/food/views/tomales-bay-oysters-rockefellar-395476
Parmesan Shortbread with Fennel and Sea Salt,
Grits with Shrimp and Roasted Red Bell Pepper,
Agnolotti with Meat and Spinach Filling,
Bourbon Sloe Gin Cocktail,
Mexican Coffee,
Potato Salad with 7-Minute Eggs and Mustard Vinaigrette,
Sour Cherry Strudels,
Spring Fever,
Creamy Garlic Pasta with Mushrooms and Prosciutto,
"Burnt Carrots with Goat Cheese, Parsley, Arugula, and Crispy Garlic Chips",https://www.epicurious.com/recipes/food/views/burnt-carrots-with-goat-cheese-parsley-arugula-and-crispy-garlic-chips-354729
"Fettuccine with Chicken, Red Onion and Peppers",
Potted Cheese Spread with Crackers,
"Cod with Lemon, Green Olive, and Onion Relish",
Beef Tenderloin with Morels and Tarragon-Marsala Sauce,https://www.epicurious.com/recipes/food/views/beef-tenderloin-with-morels-and-tarragon-marsala-sauce-351533
"Beef Brisket Braised with Dried Fruit, Yams and Carrots",
Grilled Sausages with Chunky Tomato Porcini Sauce,
Chicken Marsala with Sage,https://www.epicurious.com/recipes/food/views/chicken-marsala-with-sage-106483
Spicy Pecans,
Frozen Milk Chocolate and Amaretto Mousse Pie,
"Apple, Celery, and Walnut Salad",
Roast Turkey with Pesto-Rice Stuffing,
Mexican Chicken Salad,
"Mushroom, Squash and Bell Pepper Salad",
Four-Cheese Pasta with Cauliflower,https://www.epicurious.com/recipes/food/views/four-cheese-pasta-with-cauliflower-369051
Smoked Trout and Arugula Toasts,
Green Goddess-Chive Dressing,
Braised Chicken with Green Peppers and Tomatoes,
Grilled Lamb with Curried Vegetables and Grape Pine Nut Gremolata,
Linguine with Garlic Shrimp and Basil,
California Barley Bowl with Lemony Yogurt Sauce,
Farfalle with Tuna and Rosemary Mushroom Sauce,https://www.epicurious.com/recipes/food/views/farfalle-with-tuna-and-rosemary-mushroom-sauce-394792
Passion Fruit “Crumble”,
Mexican Floating Island with Kahlua Custard Sauce and Sesame Pumpkin-Seed Brittle,https://www.epicurious.com/recipes/food/views/mexican-floating-island-with-kahlua-custard-sauce-and-sesame-pumpkin-seed-brittle-13159
Spice-Rubbed Pork Tenderloin With Roasted Baby Carrots,
Blueberry-Lemon Icebox Cake,https://www.epicurious.com/recipes/food/views/blueberry-lemon-icebox-cake
"Crunchy Chicken Salad with Shiitake Mushrooms, Spicy Sesame Dressing and Peanuts",
Free-Form Beesting Cake,
Roasted Strawberries,
Caramelized Fresh Pineapple Tiramisu,
"Tequila, Apple, and Dried Cranberry Compote",https://www.epicurious.com/recipes/food/views/tequila-apple-and-dried-cranberry-compote-104315
Potato and Carrot Gratin Diamonds,
Indian-Spiced Pickled Vegetables,
Grilled Pork Chops with Sweet Lemongrass Marinade,https://www.epicurious.com/recipes/food/views/grilled-pork-chops-with-sweet-lemongrass-marinade-51115010
Romaine and Red Onion Salad with Parmesan Balsamic Vinaigrette,
Curried Bean and Bell Pepper Soup,
Modern Sausage Sandwich with Ginger and Mustard Relish,
French Bread Pudding,
Thai Chicken and Shrimp Noodle Salad,
Verjus Relish,https://www.epicurious.com/recipes/food/views/verjus-relish-103926
Greens-Filled Ravioli with Walnuts,https://www.epicurious.com/recipes/food/views/greens-filled-ravioli-with-walnuts-104554
Wine-Braised Red Cabbage,
Linguine with Summer Peppers and Sausage,
Stuffed Sweet Potatoes,
Creamy Slaw,
Primavera Risotto Nests with Fried Eggs,https://www.epicurious.com/recipes/food/views/primavera-risotto-nests-with-fried-eggs-357390
Crispy Chicken Wings,
Skewered Rosemary Shrimp with Mint Pesto,
Apple and Cranberry Crisps with Ginger-Pecan Topping,
Rigatoni with Eggplant and Pine Nut Crunch,
Marmalade Cake,
Chili-Rubbed Baby Back Ribs with Espresso Barbecue Sauce,
Steamed Mussels with Tomato and Chorizo Broth,https://www.epicurious.com/recipes/food/views/steamed-mussels-with-tomato-and-chorizo-broth-56389715
Chunky Beef and Vegetable Soup,
"Grilled Artichokes with Olive Oil, Lemon, and Mint",
Applejack Spritzer,
Trout with Tropical Fruit Salsa and Mixed Greens,
Winter Fruit and Nut Stuffing,
"""Coffee and Doughnuts""",
Lean Lasagna,
Cowboy Frittata,https://www.epicurious.com/recipes/food/views/cowboy-frittata-358056
Beef and Potato Supper Pot,
Brandied Black Cherries,
Cardamom Crescents,
"Banana, Coffee, Cashew, and Cocoa Smoothie",https://www.epicurious.com/recipes/food/views/banana-coffee-cashew-and-cocoa-smoothie
Butternut Squash Pizza,
Tom Valenti's Lamb Shanks,
Mac Sauce (Béchamel 101),
Sage and Pancetta Biscuits with Fontina Cheese,https://www.epicurious.com/recipes/food/views/sage-and-pancetta-biscuits-with-fontina-cheese-232692
Ginger-Garlic Shrimp,
Chilled Watermelon Soup,
Black-Olive Yogurt Cheese with Flatbread,https://www.epicurious.com/recipes/food/views/black-olive-yogurt-cheese-with-flatbread-235546
Cream Cheese,
Chocolate Raspberry Shake,
Margarita Chicken,
"Eggplant Steaks with Salad of Roasted Peppers, Olives, Feta and Garbanzo Beans",
Turkey Burgers with Chipotle-Chili Tartar Sauce,https://www.epicurious.com/recipes/food/views/turkey-burgers-with-chipotle-chili-tartar-sauce-103912
"Fava Bean, Radish, and Corn Salad",https://www.epicurious.com/recipes/food/views/fava-bean-radish-and-corn-salad
Smoky Two Chile Salsa,
Butterscotch Blondie Bars With Peanut-Pretzel Caramel,https://www.epicurious.com/recipes/food/views/butterscotch-blondie-bars-with-peanut-pretzel-caramel-368950
Pan-Fried Flounder with Potatoes in Parsley,
Honeydew in Cardamom Lime Syrup with Vanilla Cream,
Green Olive and Goat Cheese Crostini,https://www.epicurious.com/recipes/food/views/green-olive-and-goat-cheese-crostini-242993
Pan Seared Sea Scallops with Chorizo and Fu Fu,
"Couscous Salad with Currants, Pine Nuts, and Celery",https://www.epicurious.com/recipes/food/views/couscous-salad-with-currants-pine-nuts-and-celery
Cheese Toast,
Chana Masala,
Grilled Leg of Lamb with Rosemary Salt,
"""Pot Roast"" of Seitan, Aunt Gloria-Style",
Yogurt Cake with Currant Raspberry Sauce,https://www.epicurious.com/recipes/food/views/yogurt-cake-with-currant-raspberry-sauce-354477
Quinoa Stir-Fry with Vegetables and Chicken,
Citrus-Cured Salmon,
Raspberry Zing Syrup,
Salt-Grilled Shrimp,
Salmon and Vegetable Chowder,
"Beef Tenderloin Medallions with Potato ""Risotto""",https://www.epicurious.com/recipes/food/views/beef-tenderloin-medallions-with-potato-risotto-357259
Golden Slipper,https://www.epicurious.com/recipes/food/views/golden-slipper-200344
"Roast Chicken with Rosemary, Lemon, and Honey",https://www.epicurious.com/recipes/food/views/roast-chicken-with-rosemary-lemon-and-honey-395509
Cantaloupe and Prosciutto with Basil Oil,
"Braised Bacon, Pomegranate, and Pine Nut Relish",https://www.epicurious.com/recipes/food/views/braised-bacon-pomegranate-and-pine-nut-relish-231444
Chilled Corn Soup with Crab and Chile Oil,
Grilled Lamb Kebabs with Coriander and Cumin,
Three-Cheese Mushroom and Spinach Calzone,https://www.epicurious.com/recipes/food/views/three-cheese-mushroom-and-spinach-calzone-359251
Dandelion Greens with Hot Olive-Oil Dressing,
"Arugula, Pear and Stilton Salad",
Baked Irish Bacon with Kumquat Glaze,
Shaved Fennel and Arugula Salad,
Balsamic Strawberries,
Blackberry-Cinnamon Cobbler,
Herbed Cottage Cheese with Multigrain Bread,https://www.epicurious.com/recipes/food/views/herbed-cottage-cheese-with-multigrain-bread-108654
Mustard and Spring Onion Mash,
Rhubarb-Fennel Gin Cocktail,https://www.epicurious.com/recipes/food/views/rhubarb-fennel-gin-cocktail
Skordalia (Garlic Dip),
Vinegar Slaw,
Vanilla Float with Bitters and Cherries,https://www.epicurious.com/recipes/food/views/vanilla-float-with-bitters-and-cherries-56389658
Curried Red-Lentil Stew with Vegetables,
Chilean Sea Bass Moho and More,
Peach-Raspberry Bundles with Orange Custard Sauce,
Apricot Custard Tart,
Long-Cooked Green Beans,
Cashew Mousse,
Rice Pilaf with Spinach and Caramelized Onions,
Halibut in Hazelnut Romesco with Potatoes,https://www.epicurious.com/recipes/food/views/halibut-in-hazelnut-romesco-with-potatoes-350095
Margarita II,
Veal with Sherry Sauce,https://www.epicurious.com/recipes/food/views/veal-with-sherry-sauce-2846
"Fillet of Beef with Arugula, Cherry Tomatoes, and Roasted Garlic Vinaigrette",https://www.epicurious.com/recipes/food/views/fillet-of-beef-with-arugula-cherry-tomatoes-and-roasted-garlic-vinaigrette-12050
Medianoche (Midnight Sandwich),https://www.epicurious.com/recipes/food/views/medianoche-midnight-sandwich
Charred Tomatillo Salsa,
Watermelon and Watercress Salad with Ginger,
Lemon-Lime Ring with Mixed Berries and Mango,
Roast Beef with Glazed Onions and Worcestershire Gravy,https://www.epicurious.com/recipes/food/views/roast-beef-with-glazed-onions-and-worcestershire-gravy-10944
Greek Potato and Almond Dip,
Nectarines with Red Wine-Raspberry Sauce,
Scallop Cakes with Cilantro-Lime Mayonnaise and New Potatoes,https://www.epicurious.com/recipes/food/views/scallop-cakes-with-cilantro-lime-mayonnaise-and-new-potatoes-231859
Rustic Nectarine and Blackberry Crostata with Cornmeal Crust,https://www.epicurious.com/recipes/food/views/rustic-nectarine-and-blackberry-crostata-with-cornmeal-crust-106869
Toasted-Almond Cake with Strawberries in Rosé-Water Syrup,https://www.epicurious.com/recipes/food/views/toasted-almond-cake-with-strawberries-in-rose-water-syrup-238684
Cottage Cheese Rugelach with Walnuts,
Strawberry-Cheesecake Ice Cream,
Sauteed Soft-Shell Crab,
Green Bean and Lemon Casserole,
Spicy Grilled Chicken with Creamy Pumpkin Mole Sauce,
Butterscotch Chiffon Pie,
Ginger-Curry Sugar Cookies,https://www.epicurious.com/recipes/food/views/ginger-curry-sugar-cookies-51254210
Chicken and Mushroom Pie with Phyllo-Parmesan Crust,
Spinach Salad with Oranges and Warm Goat Cheese,
Glazed Apple Rings,
Caramel Mousse Napoleon with Caramel Sauce and Berries,
Fresh Figs with Rosemary Goat Cheese,
Brown Stock,
Red Wine and Mushroom Risotto,
Spinach and Chick Peas with Bacon,
Shrimp and Sweet Potato Cakes with Chayote Slaw and Chipotle Sauce,
Beef and Squash Chili,https://www.epicurious.com/recipes/food/views/beef-and-squash-chili-51259220
"Pasta with Roasted Vegetables, Tomatoes and Basil",
Spice-Rubbed Salmon,
Red Curry of Lobster and Pineapple,https://www.epicurious.com/recipes/food/views/red-curry-of-lobster-and-pineapple-51222010
Sea Bass with Spicy Roasted Bell Pepper Sauce,
Mojito Jelly,
Coconut Date Nut Balls,
Green Beans and Arugula,
Apple Bread Pudding,
Strawberry-Rhubarb Compote with Ginger and Lime,
Pistachio Popover Cremes Brulees with Grand Marnier Syrup,https://www.epicurious.com/recipes/food/views/pistachio-popover-cremes-brulees-with-grand-marnier-syrup-105625
Lemon and Amaretti Semifreddo with Raspberry Sauce,
Red Radishes Stuffed with Blue Cheese,
Mashed Potatoes with Crisp Ham,
Super-Simple Pumpkin Tiramisu,https://www.epicurious.com/recipes/food/views/super-simple-pumpkin-tiramisu-236541
Broiled Steak with Horseradish Cream,
Meyer Lemon and Vanilla Bean Marmalade,
Pork Chops and Squash with Pumpkin Seed Vinaigrette,
Honey-Orange Madeleines,
Salty Dog,https://www.epicurious.com/recipes/food/views/salty-dog-cocktail
Double Chocolate Torte,
"Melon and Blueberry Coupe with White Wine, Vanilla and Mint",https://www.epicurious.com/recipes/food/views/melon-and-blueberry-coupe-with-white-wine-vanilla-and-mint-624
Radishes and Scallions,
"Baked Ham with Cucumber, Tarragon, and Mushroom Sauce",
Double-Berry Summer Pudding,
"Roasted Celery Root, Red Onions, Mushrooms, and Sage",
Garlic-Miso Pork Chops with Orange Bell Pepper and Arugula,https://www.epicurious.com/recipes/food/views/garlic-miso-pork-chops-with-orange-bell-pepper-and-arugula-242492
Spiced Zucchini Bread,
Scandinavian Sugar-Browned Potatoes,
Roasted Zucchini Lasagna,https://www.epicurious.com/recipes/food/views/roasted-zucchini-lasagna
Asparagus Napoleons with Oriental Black Bean Sauce,https://www.epicurious.com/recipes/food/views/asparagus-napoleons-with-oriental-black-bean-sauce-11737
Cinnamon-Oat Crumble Topping,
Queen Elizabeth's Favorite Quiche,
Green Beans and Roasted Squash with Sherry Soy Butter,
Roasted Mushroom and Barley Gravy,
Asian Pear and Ginger Vinaigrette,https://www.epicurious.com/recipes/food/views/asian-pear-and-ginger-vinaigrette-51209420
Peas and Pea Tendrils with Lemon Dressing,https://www.epicurious.com/recipes/food/views/peas-and-pea-tendrils-with-lemon-dressing-231892
Orange Fools,
Fresh Corn Madeleines with Sour Cream and Caviar,https://www.epicurious.com/recipes/food/views/fresh-corn-madeleines-with-sour-cream-and-caviar-106997
Orange-Rosemary Chicken,
Sage Butter-Roasted Turkey with Cider Gravy,
Green Herb Risotto,
Frozen Praline Souffles,https://www.epicurious.com/recipes/food/views/frozen-praline-souffles-109048
Chile-Pepper Water,
Marbleized Root Vegetable Purée,https://www.epicurious.com/recipes/food/views/marbleized-root-vegetable-puree-2755
Yam Neua,
Fried Rice,
Spanish-Style Chicken with Saffron Rice (Arroz con Pollo),
Apple Cider Indian Pudding,
Verlet's Apricot Tart,
Lebanese Garlic-Marinated Chicken on the Grill,https://www.epicurious.com/recipes/food/views/lebanese-garlic-marinated-chicken-on-the-grill-51163800
Pineapple Split,
Vanilla Ice Cream with Sesame Candies and Halvah,
Vanilla-Buttermilk Wedding Cake With Raspberries and Orange Cream-Cheese Frosting,
Grilled Pork Chops with Garlic Lime Sauce,
Tomato-Coriander Bruschetta,
Lemon Chiffon Pie with Glazed Cranberries,
Red Snapper with Chunky Tomato-Bell Pepper Sauce,https://www.epicurious.com/recipes/food/views/red-snapper-with-chunky-tomato-bell-pepper-sauce-73
Red Onion Sauerkraut,
Baked Apples with Candied Fennel and Pistachios,https://www.epicurious.com/recipes/food/views/baked-apples-with-candied-fennel-and-pistachios-358133
Finnan Haddie Chowder,https://www.epicurious.com/recipes/food/views/finnan-haddie-chowder-51119010
"Pistachio, Raspberry, and White Chocolate Biscotti",
Double Olive Pasta,
Grilled Striped Bass with Summer Vegetables and Couscous Vinaigrette,https://www.epicurious.com/recipes/food/views/grilled-striped-bass-with-summer-vegetables-and-couscous-vinaigrette-230283
"Gouda, Bacon and Leek Pancake",https://www.epicurious.com/recipes/food/views/gouda-bacon-and-leek-pancake-2543
Wilted Cabbage with Mustard and Horseradish,
Scallop and Shrimp Creole,
Lemon Caper Calamari Steaks with Broccolini,
Ginger-Macadamia Brownies,
Chelsea Sidecar,
Pork and Shellfish Stew,
Grilled Pork Chops with Molasses Barbecue Sauce,
Garlicky Mayonnaise,
Winter White Salad With Endive and Pomegranate,https://www.epicurious.com/recipes/food/views/winter-white-salad
Truffled Lobster Risotto,
Trio of Gelati,https://www.epicurious.com/recipes/food/views/trio-of-gelati-106501
Green Lentil and Bacon Salad,
Asparagus with Creamy Mushroom Dressing,
Vanilla Orange Shake,
"Swedish Potato, Ham and Pea Salad",
Vanilla Creams with Strawberries in Cassis,https://www.epicurious.com/recipes/food/views/vanilla-creams-with-strawberries-in-cassis-358565
Aloo Gobhi Stuffing,https://www.epicurious.com/recipes/food/views/aloo-gobhi-stuffing-231000
Tajín-Seasoned Vegetable Spears,https://www.epicurious.com/recipes/food/views/tajin-seasoned-vegetable-spears
Rugelach Three Ways,
Jalapeño Honey Mustard Pork Kebabs,https://www.epicurious.com/recipes/food/views/jalapeno-honey-mustard-pork-kebabs-10142
Sweet Potato Pudding,
Mango Chicken Salad with Couscous,https://www.epicurious.com/recipes/food/views/mango-chicken-salad-with-couscous-51166000
Squash Rings with Honey-Soy Glaze,
Crab Fritters with Spicy Lime Sauce,
Three-Cheese and Mushroom Orecchiette,
Watermelon Vodka Cooler,
Caramel Chocolate Ganache,
"Sautéed Kale with Garlic, Shallots, and Capers",https://www.epicurious.com/recipes/food/views/sauteed-kale-with-garlic-shallots-and-capers-355208
Cajun Shrimp Tacos with Tomatillo Salsa,
Roast Pork Tenderloin with Pears and Dried Apricots,
"Roast Beef for ""Beef on Weck""",
Vanilla Chiffon Cake with Chocolate Sorbet,
Shoestring Zucchini Fries,
Cappuccino Cheesecake,
Three Stripes,
Old-Fashioned Ham with Brown Sugar and Mustard Glaze,
Honey-Brined Turkey with Giblet Cream Gravy,
Cranberry and Blood Orange Relish,
Spiced Chicken Couscous with Cinnamon Onions,
"Cider, Bacon, and Golden Raisin Stuffing",https://www.epicurious.com/recipes/food/views/cider-bacon-and-golden-raisin-stuffing
Baked Mashed Potatoes and Yams with Garlic and Parmesan,
Shriner,https://www.epicurious.com/recipes/food/views/shriner-201032
Turkey Cutlets with Oranges and Coriander,https://www.epicurious.com/recipes/food/views/turkey-cutlets-with-oranges-and-coriander-1679
Caramelized Shallot Yogurt,https://www.epicurious.com/recipes/food/views/caramelized-shallot-yogurt
Spaghetti with Eggplant and Tomato Sauce,
Old Fashioned,
"Braised Chicken with Shallots, Garlic, and Balsamic Vinegar",
Lemon Ginger Cake with Lemon-Cream Cheese Frosting,
Asian Noodle Dinner Salad,
Carrot-Almond Cake with Brandied Whipped Cream,
Ruben's Cooler No. 2,https://www.epicurious.com/recipes/food/views/rubens-cooler-no-2-366736
Israeli Couscous with Roasted Eggplant and Cinnamon-Cumin Dressing,https://www.epicurious.com/recipes/food/views/israeli-couscous-with-roasted-eggplant-and-cinnamon-cumin-dressing-359532
Collard Greens and Kale Pesto,
Maple Custard Cups,
Pan-Seared Steak with Mushroom-Merlot Sauce,
Peanut Butter Tart with Caramel-Peanut Glaze,
Seared Beef Tenderloin with Thyme,https://www.epicurious.com/recipes/food/views/seared-beef-tenderloin-with-thyme-355149
Peach and Mixed-Berry Crisp,
Gumbo Z'herbes,
Fettuccine with Trapanese Pesto,
"Hot-and-Sour Soup with Shrimp, Napa Cabbage, and Shiitake Mushrooms",https://www.epicurious.com/recipes/food/views/hot-and-sour-soup-with-shrimp-napa-cabbage-and-shiitake-mushrooms-235148
Pistachio Sea Bass with Crab Salad,
Mint and Cumin–Spiced Lamb Chops,
White-Chocolate Bread Pudding with Poached Cherries,
Chinese Egg Noodles with Smoked Duck and Snow Peas,https://www.epicurious.com/recipes/food/views/chinese-egg-noodles-with-smoked-duck-and-snow-peas-354302
Lemon-Pistachio Crunch Cake,
Arugula and Goat Cheese Mashed Potatoes,https://www.epicurious.com/recipes/food/views/arugula-and-goat-cheese-mashed-potatoes-101680
Chocolate Wontons with Ginger Ice Cream,
Brown and Wild Rice with Sausage and Fennel,
Spicy Sautéed Spinach,
Light-and-Crisp Whole-Wheat Bread Crumbs,https://www.epicurious.com/recipes/food/views/light-and-crisp-whole-wheat-bread-crumbs-51182820
Mango Fools with Chocolate-Anise Straws,
Bell Pepper and Rice Pilaf,
Black Walnut Jiffy Cake,
"Grilled Potato Salad with Watercress, Green Onions, and Blue Cheese Vinaigrette",
Roast Turkey with Country Ham Stuffing and Giblet Gravy,
"Christmas Cranberry, Pear and Walnut Torte with Cream Cheese-Orange Frosting",https://www.epicurious.com/recipes/food/views/christmas-cranberry-pear-and-walnut-torte-with-cream-cheese-orange-frosting-102694
Curried Sweet Potato Latkes,
Lattice-Topped Apricot Crostata,https://www.epicurious.com/recipes/food/views/lattice-topped-apricot-crostata-14982
Bourbon-Molasses Chicken Drumsticks,
Light Homemade Chicken Stock,
Pickled Mustard Greens,
Beet Salad with Ricotta Salata and Black Olive Croutons,https://www.epicurious.com/recipes/food/views/beet-salad-with-ricotta-salata-and-black-olive-croutons-108658
Brown Butter Pound Cake,
Bacon-Wrapped Beef Tenderloin with Herb Stuffing,
Bennett,
"Grilled Clams with Spaghetti, Prosciutto, and Mixed Greens",https://www.epicurious.com/recipes/food/views/grilled-clams-with-spaghetti-prosciutto-and-mixed-greens-108287
"Polenta with Cabbage, Beans, and Bacon",
Salmon Panzanella With Green Beans,
Spicy Spaghetti with Clams and Red Bell Pepper,
Cranberry-Kumquat Chutney,
Asian-Style Pork Stir-Fry,
Spiced Dried-Fruit Chutney,
Spanish Pork Braise,
"Winter Salad with Black Radish, Apple, and Escarole",
"Cranberry, Fig, and Pinot Noir Chutney",
Crown Roast of Lamb with Rosemary and Oregano,
Blueberry Corn Muffins,
"Ginger, Fig, and Cranberry Semifreddo with Blackberry Sauce",
Banana Waffles with Pecan Maple Syrup,
Tomato Black-Pepper Granita,
Honey Gingerbread,
Peas with Garlic and Thyme,
Thai Beef Stew With Lemongrass and Noodles,
Imperial Hotel Fizz,
Wild Mushroom Frittata with Fresh Mint,
Roasted Monkfish with Curried Lentils and Browned Butter Cauliflower,https://www.epicurious.com/recipes/food/views/roasted-monkfish-with-curried-lentils-and-browned-butter-cauliflower-230628
Banana Chocolate-Chip Souffles,
Modern,
Peanut Butter Cupcakes,
Indian Pudding with Nutmeg Ice Cream,
Beer-Marinated Pork Tenderloin with Red Cabbage,https://www.epicurious.com/recipes/food/views/beer-marinated-pork-tenderloin-with-red-cabbage-51149030
Spice-Rubbed Sustainable Fish Sliders,https://www.epicurious.com/recipes/food/views/spice-rubbed-sustainable-fish-sliders
Brazilian-Style Barbecued Steak with a Garlicky Marinade and Dipping Sauce,
"French Lentil, Prosciutto, and Pepper Salad",https://www.epicurious.com/recipes/food/views/french-lentil-prosciutto-and-pepper-salad-369171
Grilled Asian Pork Chops and Baby Bok Choy,
"New Potato, Kielbasa and Gruyère Salad",
Southeast Asian Shrimp with Bibb Lettuce and Herbs,https://www.epicurious.com/recipes/food/views/southeast-asian-shrimp-with-bibb-lettuce-and-herbs-14559
Chicken Brochettes with Red Bell Peppers and Feta,
Orzo and Cheese Baked in Acorn Squash,https://www.epicurious.com/recipes/food/views/orzo-and-cheese-baked-in-acorn-squash-2572
Spinach Salad with Grilled Red Onion and Tahini Vinaigrette,
Mashed Potatoes with Pancetta and Leeks,
Crab Legs with Mustard Dipping Sauce,
Rich Sweet Pastry Dough,
Roast Beef Wraps with Horseradish Coleslaw,https://www.epicurious.com/recipes/food/views/roast-beef-wraps-with-horseradish-coleslaw-4648
Cauliflower Soup with Almonds,
Lamb and Orzo Stuffed Pepper with Chunky Tomato Sauce,
Oven-Poached Salmon Steaks with Mustard Dill Sauce,https://www.epicurious.com/recipes/food/views/oven-poached-salmon-steaks-with-mustard-dill-sauce-12149
Fastest Chicken Parm,https://www.epicurious.com/recipes/food/views/fastest-chicken-parm
Macaroni and Blue Cheese with Chives,
Tropical Fruit Crepes with Vanilla Bean and Rum Butter Sauce,https://www.epicurious.com/recipes/food/views/tropical-fruit-crepes-with-vanilla-bean-and-rum-butter-sauce-237312
Christmas Eggnog,
"Power Waffles with Yogurt, Bananas and Almonds",
Cauliflower-Leek Purée,
"Bacon, Arugula, Tomato, and Egg Sandwiches",
Achiote Chicken Skewers with Guava Sauce,
Potato & Celery Root Gratin with Leeks,https://www.epicurious.com/recipes/food/views/potato-celery-root-gratin-with-leeks-368278
Coconut-Lime Shrimp with Peanut Sauce,
"Mahimahi with Citrus Sauce, Apple Bananas, and Macadamia Nuts",https://www.epicurious.com/recipes/food/views/mahimahi-with-citrus-sauce-apple-bananas-and-macadamia-nuts-232217
Tagliatelle with Asparagus and Parmesan Fonduta,https://www.epicurious.com/recipes/food/views/tagliatelle-with-asparagus-and-parmesan-fonduta-56389514
Phyllo-Wrapped Figs with Prosciutto and Stilton,
Open-Face Roquefort Burgers with Grilled Onions,https://www.epicurious.com/recipes/food/views/open-face-roquefort-burgers-with-grilled-onions-108571
Boiled Coffee,
Orange Poppy Seed Pancakes with Rosemary Maple Syrup,https://www.epicurious.com/recipes/food/views/orange-poppy-seed-pancakes-with-rosemary-maple-syrup-51264010
Hot Buttered Toddy,
The Ultimate Eggnog,
Pluot and Prosecco Fizz,https://www.epicurious.com/recipes/food/views/pluot-and-prosecco-fizz-353810
Cheddar Garlic Stuffed Potatoes,
"Sage, Bacon, and Cheddar Biscuits",
Anchovy Lemon Dip with Green Beans,
"Feta, Cucumber and Spinach Pita Sandwiches",
Steamed Fish with Scallions and Ginger,
Placebo,
Buttermilk Panna Cotta with Berries and Vanilla Sabayon,
Brown Butter Sauce with Lemon Beurre Meunière,
Grilled Flank Steak with Sauteed Beet Greens and Creamy Horseradish Beets,https://www.epicurious.com/recipes/food/views/grilled-flank-steak-with-sauteed-beet-greens-and-creamy-horseradish-beets-237885
Burnt-Caramel Custards,https://www.epicurious.com/recipes/food/views/burnt-caramel-custards-51193860
Sauteed Chicken with White Wine and Tomatoes,
Moroccan Tea Biscuits,https://www.epicurious.com/recipes/food/views/moroccan-tea-biscuits-51169800
Hawaiian I,
Coconut Shrimp with Tamarind Ginger Sauce,
Duck Breast with Crème Fraîche and Roasted Grapes,
Mussels with Pernod and Cream,
Parsley-Caper Broiled Fish,
Biltong,https://www.epicurious.com/recipes/food/views/biltong-231241
Chicken Vindaloo,
Ginger Cardamom Oeufs à la Neige,
Barbecued Chicken with Vinegar Basting Sauce,
Dark-Chocolate Mousse,
"Roasted Tofu with Shiitake, Soy, and Ginger Over Baby Spinach",
Chicken-Orecchiette Soup with Cilantro and Lemon,
Chicken with White Wine and Mushrooms,
"Roasted Leg of Lamb with North African Spices, Lemon, and Onions",
"Pork Loin Spiedino with Pine Nut, Garlic, and Currant Soffritto",https://www.epicurious.com/recipes/food/views/pork-loin-spiedino-with-pine-nut-garlic-and-currant-soffritto-363373
Shaved Fennel and Apple Salad,
Smoked Salmon-Wasabi Tea Sandwiches,
Passion-Fruit Meringue Tart,https://www.epicurious.com/recipes/food/views/passion-fruit-meringue-tart-232181
Cranberry and Pumpkin Pie Spice Tea Cake,
Succotash,https://www.epicurious.com/recipes/food/views/succotash-103725
Mushroom and Burrata Lasagnette,
Rigatoni With Lemon-Chile Pesto and Grated Egg,
Spicy Curry Noodle Soup with Chicken and Sweet Potato,
Creamy Apple Horseradish Sauce,
Celery Root Hash,https://www.epicurious.com/recipes/food/views/celery-root-hash
"Warm Escarole Salad with Goat Cheese, Hard-Boiled Eggs, and Bacon",https://www.epicurious.com/recipes/food/views/warm-escarole-salad-with-goat-cheese-hard-boiled-eggs-and-bacon-354830
Coconut-Blueberry Smoothie,
Wild Heart Cocktail,https://www.epicurious.com/recipes/food/views/wild-heart-cocktail-56389840
Chocolate-Peanut Butter Chip Fudge Cookies,
"Egg, Bacon and Leek Pie",
Cream Cheese-Orange Frosting,
Cold-Brew Coffee,https://www.epicurious.com/recipes/food/views/cold-brew-coffee
Lobster Fra Diavolo,https://www.epicurious.com/recipes/food/views/lobster-fra-diavolo
"Arugula with Brûléed Figs, Ricotta, Prosciutto, and Smoked Marzipan",https://www.epicurious.com/recipes/food/views/arugula-with-bruleed-figs-ricotta-prosciutto-and-smoked-marzipan-368717
Pork Chops with Gingered Plum Sauce,
Strawberries & Cream Frappé,
Coffee Ice Cream and Mexican Chocolate Sundaes with Cinnamon-Sugar Tortilla Crisps,https://www.epicurious.com/recipes/food/views/coffee-ice-cream-and-mexican-chocolate-sundaes-with-cinnamon-sugar-tortilla-crisps-107531
Horseradish Mashed Potatoes with Caramelized Onions,
Charred Sugar Snap Peas with Buttermilk Aioli,https://www.epicurious.com/recipes/food/views/charred-sugar-snap-peas-with-buttermilk-aioli-51241900
Gochujang Pork Shoulder Steaks,
Blackberry Jam Cake with Caramel Icing,
Feta Puffs,
Baked Carrots with Cheese Sauce,
Planter's Punch II,
Sesame Chicken Noodle Salad,
"Pear, Almond, and Dried-Cherry Brown Betty",https://www.epicurious.com/recipes/food/views/pear-almond-and-dried-cherry-brown-betty-356912
Scallops with Tarragon Cream and Wilted Butter Lettuce,https://www.epicurious.com/recipes/food/views/scallops-with-tarragon-cream-and-wilted-butter-lettuce-240433
"Barley, Feta, and Pear Salad",
Relish Tray With D.I.Y. Eggs,
Sausage and Mushroom Penne Gratin,https://www.epicurious.com/recipes/food/views/sausage-and-mushroom-penne-gratin-350637
Shrimp Boil,
Bittersweet Chocolate Frosting,
Grilled Pork Ribs with Tamarind Recado,
Greyhound,https://www.epicurious.com/recipes/food/views/greyhound-drink-recipe
Potato Salad,https://www.epicurious.com/recipes/food/views/best-potato-salad
Fried Chicken Biscuits,
Minted Honeydew Limeade,
Grainy-Mustard Mashed Potatoes with Sausage,https://www.epicurious.com/recipes/food/views/grainy-mustard-mashed-potatoes-with-sausage-104832
Pomegranate-Marinated Lamb with Spices and Couscous,https://www.epicurious.com/recipes/food/views/pomegranate-marinated-lamb-with-spices-and-couscous-350408
Chicken Nuggets with Mango and Avocado Salsa,https://www.epicurious.com/recipes/food/views/chicken-nuggets-with-mango-and-avocado-salsa-56389602
Cumin-Marinated Chicken Wings,
Creamed Peas with Mint,
Crab Salad with Yogurt Mustard Dressing,
Quick Anchovy Mayonnaise for Asparagus,
Deluxe Kir Royale,https://www.epicurious.com/recipes/food/views/deluxe-kir-royale-200547
"Fried Catfish Sandwiches with Bacon, Lettuce, and Tomato",
Potage Saint-Germain Gerhard,
Sherried Mushroom Empañadas,
Cheese Matzo Blintzes with Asparagus and Dill,
Chili con Carne with Chili Cheddar Shortcakes,https://www.epicurious.com/recipes/food/views/chili-con-carne-with-chili-cheddar-shortcakes-10299
"Butternut Squash, Ricotta, and Sage Crostini",
Citrus Spice Syrup,
Grilled Stuffed Peppers,https://www.epicurious.com/recipes/food/views/grilled-stuffed-peppers-363417
Honey Date Nut Breads,
Creamy Coleslaw with Chives and Shallots,
"Portuguese Sausage Sandwiches with Peppers, Onions, and Olives",
Clotted Cream,https://www.epicurious.com/recipes/food/views/clotted-cream-51226630
Roasted Sardines With Carrot-Fennel Slaw,
Duck Breast with Sweet Cherry Sauce,https://www.epicurious.com/recipes/food/views/duck-breast-with-sweet-cherry-sauce-232306
Easy Cranberry & Apple Cake,https://www.epicurious.com/recipes/food/views/easy-cranberry-apple-cake-360870
Chocolate-Cranberry Torte,
Sesame Eggplant with Green Onions,
Pesto-Cheddar Cheese Scones,
Walnut-Thyme Honey,
Cloverleaf Rolls,
Fennel and Apple Salad with Cider Vinaigrette,
Spiced Pumpkin-Seed Flatbread,
Tomato Gratin,
Portuguese Cornmeal White Bread (Pão a Moda de Sao Miguel),https://www.epicurious.com/recipes/food/views/portuguese-cornmeal-white-bread-pao-a-moda-de-sao-miguel-104414
Peach and Pistachio Frangipane Tart,
Pumpkin-Raisin Bars,
"Orange, Fennel, and Avocado Salad",
Roasted Potato Wedges with Rosemary Butter,
Rhubarb Poached in Jasmine Tea with Ginger,
Apple Fritters with Bourbon Ice Cream,https://www.epicurious.com/recipes/food/views/apple-fritters-with-bourbon-ice-cream-361262
Five Bean Picnic Salad,
Tropical Fruit Tart,
"Head-On Prawns with Chile, Garlic, and Parsley",https://www.epicurious.com/recipes/food/views/head-on-prawns-with-chile-garlic-and-parsley-56389675
Tomato and Cheddar Souffles,
Green Tea Ice Cream,
"Watercress, Orange and Red Onion Salad",
Big Apple Pancake,
"Penne with Sausage, Wild Mushrooms and Spinach",
Mixed Olive Relish,
Crudités With Bacon XO Sauce,https://www.epicurious.com/recipes/food/views/crudites-with-bacon-xo-sauce
Grilled Maple-Butter Apricots with Vanilla Ice Cream,https://www.epicurious.com/recipes/food/views/grilled-maple-butter-apricots-with-vanilla-ice-cream-56389626
Roast Pork Chops with Bacon and Wilted Greens,
Mashed Potatoes with Greens,
Roast Lamb with Spiced Red Cabbage,
Fresh Tomato Bloody Marys,
Peach Crisp,
Homemade Buttermilk,
Mahimahi with Brown-Sugar Soy Glaze,https://www.epicurious.com/recipes/food/views/mahimahi-with-brown-sugar-soy-glaze-232793
Portuguese Bean Stew (Feijao a Portuguesa),https://www.epicurious.com/recipes/food/views/portuguese-bean-stew-feijao-a-portuguesa-104387
Chicken and Bell Pepper Fajitas,
Sausage Meatball Sandwiches,https://www.epicurious.com/recipes/food/views/sausage-meatball-sandwiches
Butternut Squash Flan,
Hot-Stuff Chili,
Lavender Lemonade,
Tuscan Grilled Bread and White Bean Salad,
Epicurean Broiled Turkey,
Scottish Trifle,
Broiled Pineapple with Rum Caramel and Macadamia Toffee,https://www.epicurious.com/recipes/food/views/broiled-pineapple-with-rum-caramel-and-macadamia-toffee-357353
Spitted Roast Chicken,
Banana Meringue with Raspberry Coulis,
Figgy Piggy Cornish Hens,
"Grilled Beef, Chicken, Shrimp, and Mushroom Skewers",
Perfect Grass-Fed Beef Burgers,https://www.epicurious.com/recipes/food/views/perfect-grass-fed-beef-burgers-51210490
Coffee-Braised Beef with Cinnamon and Orange,https://www.epicurious.com/recipes/food/views/coffee-braised-beef-with-cinnamon-and-orange-235987
Sugar Snap Pea and Cucumber Salad,
Radishes Filled with Salmon Roe and Lemon Cream,
Crab-Stuffed Cucumbers,
Mojito Marinade,
Mashed Potato Skordalia,https://www.epicurious.com/recipes/food/views/mashed-potato-skordalia
Frankenjack,
Lemon Pannacotta with Lemon Marmalade,https://www.epicurious.com/recipes/food/views/lemon-pannacotta-with-lemon-marmalade-365158
Southwestern-Style Chicken Burritos,
Apple Slaw,https://www.epicurious.com/recipes/food/views/apple-slaw
Miniature Cloverleaf Rolls,
French 75 Cocktail III,
Leafy Greens With Spicy Garlic Oil,https://www.epicurious.com/recipes/food/views/leafy-greens-with-spicy-garlic-oil
Blood Orange Jell-O Shots,https://www.epicurious.com/recipes/food/views/blood-orange-jell-o-shots
Celery on Celery Salad,
Exotic Caramel Sauce,
Simple Brioche,
Cumin-Scented Eggplant with Pomegranate and Cilantro,
Cornbread Muffins with Maple Butter,
Pintade au Champagne,
Spicy Curried Mussels,
Mojito with Basil,
Roasted Honey-Glazed Spareribs,
"Roasted Butternut Squash, Red Grapes, and Sage",
Thai Turkey Burgers with Crispy Kale,
Chilaquiles with Turkey and Roasted Tomatillo Salsa,
Pipérade with Ham,
"Daikon, Carrot, and Broccoli Slaw",https://www.epicurious.com/recipes/food/views/daikon-carrot-and-broccoli-slaw-240679
"Egg, Mayo, and Salad Layered Sandwiches",
Queen Elizabeth II,https://www.epicurious.com/recipes/food/views/queen-elizabeth-ii-200955
Plum Crumble,
"Eggs Stuffed with Capers, Olives, Anchovy, and Radish",
Mango-Papaya Smoothie,
Bittersweet Chocolate-Orange Fondue,https://www.epicurious.com/recipes/food/views/bittersweet-chocolate-orange-fondue-3096
Coffee Almond Ice-Cream Cake with Dark Chocolate Sauce,
Spinach and Oyster Bisque,
Grilled Kielbasa Sandwiches,
Grilled Soy-Tamarind Denver Steaks,https://www.epicurious.com/recipes/food/views/grilled-soy-tamarind-denver-steaks-51238320
"Couscous with Clementines, Chickpeas, Olives, and Dates",https://www.epicurious.com/recipes/food/views/couscous-with-clementines-chickpeas-olives-and-dates-356355
Mussels alla Diavola,
"Capellini with Fresh Ricotta, Roasted Garlic, Corn, and Herbs",https://www.epicurious.com/recipes/food/views/capellini-with-fresh-ricotta-roasted-garlic-corn-and-herbs-242499
White-Cut Chicken,https://www.epicurious.com/recipes/food/views/white-cut-chicken-233793
Poached Pear and Dried Apricots with Chocolate Sauce,
"Butternut Squash, Spinach and Goat Cheese Pizza",https://www.epicurious.com/recipes/food/views/butternut-squash-spinach-and-goat-cheese-pizza-367831
Grapefruit and Jícama Salad,
Three-Cheese Pizza with Onion and Sage,https://www.epicurious.com/recipes/food/views/three-cheese-pizza-with-onion-and-sage-10735
Crostini with Gorgonzola and Figs,https://www.epicurious.com/recipes/food/views/crostini-with-gorgonzola-and-figs-15603
Thai Ginger Chicken Salad,
Crab Salad Sandwiches,
Japanese Noodles with Bok Choy and Tofu,
"Arugula Salad with Olives, Pancetta, and Parmesan Shavings",
Flourless Chocolate Cake with Toasted Hazelnuts and Brandied Cherries,
Rice with Green Onions and Olives,
Cucumber-Lime Agua,
"Roast Game Hens with Sherry, Ginger and Lime",
Pendennis Eggnog,
Mexican Chopped Salad with Honey-Lime Dressing,
French Onion Bites,
Coconut-Macaroon and Lemon Ice Cream Sandwiches,
Best-Ever Pie Crust,
"Polenta Stacks with Eggplant, Tomato and Mozzarella",
Hot Oat & Quinoa Cereal,https://www.epicurious.com/recipes/food/views/hot-oat-quinoa-cereal-51143840
Couscous with Pine Nuts and Currants,
Spice-Crusted Pork Tenderloin with Andouille Sausage Gravy,
"Ginger, Miso and Cilantro Sauce",
Shrimp Curry with Rice,
Swordfish Niçoise,
Parmesan Custard Tart with Butternut Squash,
Warm Goat Cheese and Carrot Salad with Marjoram-Honey Vinaigrette,https://www.epicurious.com/recipes/food/views/warm-goat-cheese-and-carrot-salad-with-marjoram-honey-vinaigrette-240031
Honey Orange Butternut Squash,
Cucumber and Avocado Soup with Tomato and Basil Salad,
Strawberry and Peach Parfaits with Maple Granola,
Grilled Saffron Rack of Lamb,
Chicken and Cheese Sliders,
Leek and Asparagus Frittata,
Habanero Jam,https://www.epicurious.com/recipes/food/views/habanero-jam
Lemongrass-Ginger-Carrot Soup,
Hamersley's Bistro Tart Dough,https://www.epicurious.com/recipes/food/views/hamersleys-bistro-tart-dough-358294
New England-Style Cod and Potato Cakes with Tartar Sauce,
Baked Polenta with Swiss Chard and Cheese,
Whole Roasted Cauliflower with Whipped Goat Cheese,
Roasted Barley or Corn Tea,
Apple and Rosemary Tarte,
"Shrimp, Zucchini and Red Bell Pepper Bisque",
Classic Salad,
Port and Honey Poached Pears with Lemon Curd Mousse,https://www.epicurious.com/recipes/food/views/port-and-honey-poached-pears-with-lemon-curd-mousse-12712
Grilled Leg of Lamb with Ancho Chile Marinade,
Steamed Chicken Salad with Sesame Sauce,
Lemony Chicken and Orzo Soup,https://www.epicurious.com/recipes/food/views/lemony-chicken-and-orzo-soup-51155410
"Farfalle with Forest Mushrooms, Peas, and Parsley",https://www.epicurious.com/recipes/food/views/farfalle-with-forest-mushrooms-peas-and-parsley-106417
Squash Blossoms Stuffed With Ricotta,
Dill Pickles,
Chocolate Raspberry Sauce,
Grill-Smoked Salmon,
Brined Cucumber and Radish Salad,
Bengali-Style Fish in Yogurt Curry,
Teotitlan-Style Black Mole,
Quick Coconut Sorbet,
Radicchio Salad with Oranges and Olives,
Spaghetti and Tomato Salad with Dill Yogurt Dressing,
"Apple, Apricot, and Prune Tart",
Cumin-Rubbed Rib-Eye Steaks with Two Salsas,https://www.epicurious.com/recipes/food/views/cumin-rubbed-rib-eye-steaks-with-two-salsas-104713
Belgian Leek Tart with Aged Goat Cheese (Flamiche Aux Poireaux),https://www.epicurious.com/recipes/food/views/belgian-leek-tart-with-aged-goat-cheese-em-flamiche-aux-poireaux-em-350098
Shrimp with Napa Cabbage and Ginger,
Steamed Artichokes with Salsa Verde,https://www.epicurious.com/recipes/food/views/steamed-artichokes-with-salsa-verde-237914
Pork Tenderloin with Date and Cilantro Relish,https://www.epicurious.com/recipes/food/views/pork-tenderloin-with-date-and-cilantro-relish-51198460
Pan-Seared Ancho Skirt Steak,
Panang Vegetable Curry,https://www.epicurious.com/recipes/food/views/panang-vegetable-curry-367766
Roast Sirloin of Beef,https://www.epicurious.com/recipes/food/views/roast-sirloin-of-beef-365771
Baked Figs,
"Cucumber, Mustard, and Dill Salad",
Tomato and Minced Pork Relish with Vegetables,
Spicy Tomato Salsa with Cilantro and Chiles,https://www.epicurious.com/recipes/food/views/spicy-tomato-salsa-with-cilantro-and-chiles-51235490
Hanger Steak With Tangy Tomato Relish,https://www.epicurious.com/recipes/food/views/hanger-steak-with-tangy-tomato-relish
Fudgy Gluten-Free Cream Cheese Brownies,https://www.epicurious.com/recipes/food/views/fudgy-gluten-free-cream-cheese-brownies
Veal Shanks with Caramelized Onions and Sage,https://www.epicurious.com/recipes/food/views/veal-shanks-with-caramelized-onions-and-sage-102374
Corn and Cheese Quesadillas,
Bread Stuffing with Mushrooms and Bacon,
"Fillet of Salmon with Fennel, Tomatoes, and Risotto",
"Osso Buco with Tomatoes, Olives, and Gremolata",
Chocolate Pound Cake with Strawberry Ice Cream and Bittersweet Chocolate Sauce,
Roasted String Beans with Shallots,https://www.epicurious.com/recipes/food/views/roasted-string-beans-with-shallots-236314
Alsatian Cheese Tart,https://www.epicurious.com/recipes/food/views/alsatian-cheese-tart-233788
"Pepper Jack, Avocado and Black Beans in a Tortilla",
Beet and Pear Napoleons with Ginger Juice Vinaigrette,https://www.epicurious.com/recipes/food/views/beet-and-pear-napoleons-with-ginger-juice-vinaigrette-355550
Orange-Almond Cream Cake,
Sweet-and-Sour Celery,
Smoked Cheese and Sausage Lasagna,
Crispy Oven-Fried Cod,
Crepes Directoire,
Grissini with Prosciutto,
Grilled Belgian Endive and Blue Cheese Gratinée,https://www.epicurious.com/recipes/food/views/grilled-belgian-endive-and-blue-cheese-gratinee-103812
Mocha Berry-Almond Smoothie,
Dulce de Leche Brownies,
Lemon Charlottes with Lemon Curd and Candied Lemon Peel,
Roast Koji Chicken,https://www.epicurious.com/recipes/food/views/roast-koji-chicken
Pumpkin Flan with Pumpkin Seed Praline,
Lemon Herb Chicken Burgers with Thousand Island Dressing,https://www.epicurious.com/recipes/food/views/lemon-herb-chicken-burgers-with-thousand-island-dressing-56389605
Multi-Grain Dinner Rolls,
Venetian Shellfish Risotto,https://www.epicurious.com/recipes/food/views/venetian-shellfish-risotto-20043
Herbed Ham and Cheddar Frittata,
Roasted Red Bell Pepper-Bloody Mary Sauce,
Couscous Salad with Shrimp and Mint,
Rustic Canyon Family Meal Fried Chicken,https://www.epicurious.com/recipes/food/views/rustic-canyon-family-meal-fried-chicken
Potato Salad with Creamy Caviar Dressing,
"Sauteed Haricots Verts, Red Bell Peppers, and Pine Nuts",
Kale and White Bean Stew,
Apple-Rhubarb Crisp,
Cin-Olataberry Ice Cream,
Radicchio and Arugula Salad with Roasted Pepper Dressing and Burrata Crostini,https://www.epicurious.com/recipes/food/views/radicchio-and-arugula-salad-with-roasted-pepper-dressing-and-burrata-crostini-363717
Seven-Day Pears,
Baked Salmon with Mustard-Dill Sauce,
Butternut Squash Gnocchi with Sage Brown Butter,
Soba Soup with Spinach and Tofu,
"Broiled Trout with Bacon, Onions, and Raisins",https://www.epicurious.com/recipes/food/views/broiled-trout-with-bacon-onions-and-raisins-237658
Grilled Garlic Crostini,
"Quinoa Salad with Kale, Pine Nuts, and Parmesan",https://www.epicurious.com/recipes/food/views/quinoa-salad-with-kale-pine-nuts-and-parmesan-51124800
Couscous with Dried Apricots and Pistachios,
Homemade Ginger Beer,https://www.epicurious.com/recipes/food/views/homemade-ginger-beer
Striped Bass Escabèche with Bell Peppers and Green Beans,https://www.epicurious.com/recipes/food/views/striped-bass-escabeche-with-bell-peppers-and-green-beans-13012
Country Beet Salad,
Walnut Crepes with Raspberries and Dried Figs,https://www.epicurious.com/recipes/food/views/walnut-crepes-with-raspberries-and-dried-figs-101608
Seared Salmon with Tomatillo Coulis,
Pisco Punch,
Barbecue Chicken Meatballs,
Chicken with Dumplings,
Veal Scaloppine with Gorgonzola Sauce,
Steak Salad Murphy,
Onion Marmalade,
Steamed Broccoli with Hummus,
"Spicy Beef, Yam and Prune Stew",
Chocolate-Coconut Pound Cake,https://www.epicurious.com/recipes/food/views/chocolate-coconut-pound-cake-51223990
Gnocchi Gratin With Gorgonzola Dolce,
Lychee Martini,
Slice-and-Bake Oatmeal Raisin Cookies,
Chocolate Walnut Biscotti with Chocolate Custard Swirls,
"Yogurt with Fresh Figs, Honey, and Pine Nuts",https://www.epicurious.com/recipes/food/views/yogurt-with-fresh-figs-honey-and-pine-nuts-51239840
Goat Cheese and Thyme Potato Cake,
Sauce Soubise,
The Sidecar,
Chopped Vegetable Salad with Feta and Olives,
Grilled Jumbo Shrimp with Lemon and Oregano,
Brown Sugar BBQ Pork Butt,https://www.epicurious.com/recipes/food/views/brown-sugar-bbq-pork-butt-56389621
Banana Oatmeal Chocolate Chip Cookies,
Roast Salmon and Broccoli with Chile-Caper Vinaigrette,https://www.epicurious.com/recipes/food/views/roast-salmon-and-broccoli-with-chile-caper-vinaigrette-51193100
Strawberry Cream Cake,
Braised Chicken With Chickpeas and Swiss Chard,https://www.epicurious.com/recipes/food/views/braised-chicken-with-chickpeas-and-swiss-chard
Herb-Buttered French Bread,
Chocolate Truffle Linzer Heart,
Vanilla Ice Cream and Ginger Molasses Cookie Sandwiches,
Sweet & Spicy Cranberry Sauce,
Baked Penne with Broccoli and Three Cheeses,
Roasted Beet Salad with Beet Greens and Feta,
Poached Eggs on Artichoke Bottoms with White Truffle Cream and Mushrooms,
Sweet and Spicy Chipotle-Glazed Ribs,
Aviation,
Almond Cornmeal Cake with Peach and Berry Compote,
Fried Stuffed Chinese Eggplant,
Mediterranean Bison Sliders,https://www.epicurious.com/recipes/food/views/mediterranean-bison-sliders-51219210
Pear Crisps with Vanilla Brown Butter,
Roasted Butternut Squash Risotto,
Cucumber-Celery Margarita,https://www.epicurious.com/recipes/food/views/cucumber-celery-margarita-51175650
Brazen Hussy,https://www.epicurious.com/recipes/food/views/brazen-hussy-102771
Chicken Wings with Ginger and Caramel Sauce,
Rhubarb-Mascarpone Mousse Cake,
Hoisin-Marinated Pork Chops,
"Balsamic-Glazed Salmon with Spinach, Olives, and Golden Raisins",
Shrimp Salad,
Spicy Sauteed Broccolini with Garlic,
Five-Spice Pork Stir-Fry with Soba Noodles,
Frisée and Watercress Salad with Jícama and Oranges,
Steak with Chile Key Lime Sauce,https://www.epicurious.com/recipes/food/views/steak-with-chile-key-lime-sauce-351855
"Turkey, Squash, and Lima Bean Potpie with Cheddar Bacon Crust",https://www.epicurious.com/recipes/food/views/turkey-squash-and-lima-bean-potpie-with-cheddar-bacon-crust-10915
Dry Chimichurri Rub,https://www.epicurious.com/recipes/food/views/dry-chimichurri-rub-240753
"Chorizo, Poblano and Yam Fajitas with Lime-Marinated Red Onions",https://www.epicurious.com/recipes/food/views/chorizo-poblano-and-yam-fajitas-with-lime-marinated-red-onions-350963
Southeast Asian Rice Noodles with Calamari and Herbs,
Peanut-Sesame Sauce,
Artillery Punch Cocktail,
"Linguine with Crab, Lemon, Chile, and Mint",
Simple Garlic Confit with Herbs,https://www.epicurious.com/recipes/food/views/simple-garlic-confit-with-herbs-56389753
Chicory and Asian Pear Salad with Membrillo Vinaigrette,https://www.epicurious.com/recipes/food/views/chicory-and-asian-pear-salad-with-membrillo-vinaigrette-51263500
Plum and Apricot Puff Pastry Tarts,
Basmati Rice Salad with Currants and Nuts,
Berry Tiramisu,
Latin Spice Mix,
Salad Bar Cobb,
Poached Eggs in a Red Wine Sauce,
Broccoli Rabe Pasta with Golden Garlic,https://www.epicurious.com/recipes/food/views/broccoli-rabe-pasta-with-golden-garlic-51237060
Two-Tone Coleslaw with Celery-Seed Yogurt Dressing,
Red Snapper Baked in Salt with Romesco Sauce,
Vanilla-Citrus Tea Ring,
Vanilla Extract,
Punch à la Noix de Coco,https://www.epicurious.com/recipes/food/views/punch-a-la-noix-de-coco-358571
Garlic Lime Chicken Breasts,
Apple and Dried Cranberry Pie,
Grilled Heirloom Tomato and Mozzarella Sandwiches with Green Heirloom Tomato Gazpacho,https://www.epicurious.com/recipes/food/views/grilled-heirloom-tomato-and-mozzarella-sandwiches-with-green-heirloom-tomato-gazpacho-360751
Coconut Dulce de Leche,
Wine-Baked Halibut Steaks with Mustard-Fennel Butter,https://www.epicurious.com/recipes/food/views/wine-baked-halibut-steaks-with-mustard-fennel-butter-104813
Pan-Fried Fishcakes,https://www.epicurious.com/recipes/food/views/pan-fried-fishcakes
Grilled Steak and Potatoes with Charmoula Sauce,https://www.epicurious.com/recipes/food/views/grilled-steak-and-potatoes-with-charmoula-sauce-354136
Tilapia and Mashed Yams with Pancetta-Sage Breadcrumbs,https://www.epicurious.com/recipes/food/views/tilapia-and-mashed-yams-with-pancetta-sage-breadcrumbs-356710
Coconut Cream Pie,https://www.epicurious.com/recipes/food/views/best-coconut-cream-pie
Broiled Mustard Chicken Wings,
Fresh Spinach with Garlic-Yogurt Sauce,
Merguez Lamb Patties with Golden Raisin Couscous,https://www.epicurious.com/recipes/food/views/merguez-lamb-patties-with-golden-raisin-couscous-241748
Tropical-Blend Smoothie,
Meatloaf-Filled Green Bell Peppers,https://www.epicurious.com/recipes/food/views/meatloaf-filled-green-bell-peppers-12829
Chicken Fried Pork with Milk Gravy,
Banana and Mango Spring Rolls with Coconut-Chocolate Ganache,https://www.epicurious.com/recipes/food/views/banana-and-mango-spring-rolls-with-coconut-chocolate-ganache-237110
Buttermilk Slaw,
Roasted Chestnuts,
Marinated Vegetables,
"Baked Peas with Tarragon, Yogurt, and Pistachios",https://www.epicurious.com/recipes/food/views/baked-peas-with-tarragon-yogurt-and-pistachios
Hatch Chile con Queso Dip,
Garden Mint Chutney,
Maple-Glazed Sweet Potatoes,
Spiced Peach Pie with Buttermilk Crust,
Blue-Cheese-Crusted Steaks with Red Wine Sauce,
Ma–Po Tofu (Spicy Bean Curd with Beef),
Walnut Chicken Salad with Green Apple Vinaigrette,https://www.epicurious.com/recipes/food/views/walnut-chicken-salad-with-green-apple-vinaigrette-354174
Grilled Pita with Greek Salad,
Blackberry Mousse,
Ham Steak,
"Chickpea, Barley, and Feta Salad",https://www.epicurious.com/recipes/food/views/chickpea-barley-and-feta-salad-51239040
Creamy Tomato Mint Soup,
"Warm Spinach, Mushroom, and Goat Cheese Salad",
Wine and Ham Croquettes,
Peppermint-Cacao Cocktail,
Watercress and Apple Salad with Peanut Yogurt Dressing,
Grilled Asian Flank Steak with Sweet Slaw,https://www.epicurious.com/recipes/food/views/grilled-asian-flank-steak-with-sweet-slaw-242464
Braised Lamb Shanks Wrapped in Eggplant,
Rosemary Chicken with Broccoli Rabe,https://www.epicurious.com/recipes/food/views/rosemary-chicken-with-broccoli-rabe-739
Summer Tomato Bouillabaisse with Basil Rouille,https://www.epicurious.com/recipes/food/views/summer-tomato-bouillabaisse-with-basil-rouille-366433
Oven-Braised Beef with Tomato Sauce and Garlic,
Jerusalem Artichoke and Arugula Salad with Parmesan,
Avocado Tomato Salsa,
Slow-Cooked Texas Beer Brisket,
Mango Gazpacho with Pickled Shrimp,https://www.epicurious.com/recipes/food/views/mango-gazpacho-with-pickled-shrimp-238226
Asian Sesame Lobster Salad,
Chicken with Spicy Tomato Sauce,
Lime Curd and Toasted Almond Tart with Fruit Compote,
Salmon with Fennel and Pernod,
Steamed Catfish in Banana Leaves,
Thyme-Scented Apple Galette,
"Leek, Fennel and Poppy Seed Tart",
Garnet Yam Puree,https://www.epicurious.com/recipes/food/views/garnet-yam-puree-355782
"Celery, Sesame, and Tofu Salad",
Sabayon with Strawberries,
Giant Chocolate Caramel Cookie Bars,https://www.epicurious.com/recipes/food/views/giant-chocolate-caramel-cookie-bars
Goat Cheese with Bell Pepper Dressing,
Pan-Grilled Black Bass with Flavored Butters,https://www.epicurious.com/recipes/food/views/pan-grilled-black-bass-with-flavored-butters-56389548
Pigeon-Pea Soup,
Lemon-Garlic Vinaigrette,
Cucumber Salad,
Basil Garlic Mayonnaise,
Tortilla Soup with Crisp Tortillas and Avocado Relish,
Spice-Roasted Porterhouse Steaks,
Zucchini and Snow-Pea Salad,
Spiced Streusel Apple Pie,
Molasses Baked Beans with Ginger,
Pineapple-Chile Margarita,
Grilled Shrimp With Honey-Ginger Barbecue Sauce,https://www.epicurious.com/recipes/food/views/grilled-shrimp-with-honey-ginger-barbecue-sauce-51108030
Cajun Turkey Cheeseburgers With Tabasco Ketchup,
Roasted Brussels Sprouts with Garlic and Pancetta,
Lemon Pepper Garlic Vinaigrette,
"Peppercorn, Mustard and Dill Vinegar",
Chili con Queso,
Raspberry-Rose Jam,
"Cucumber, Smoked Trout, and Pickled Beet Salad",
Pistachio and Cherry Mexican Wedding Cakes,
"Bow Ties with Peas, Lemon, and Mint",https://www.epicurious.com/recipes/food/views/bow-ties-with-peas-lemon-and-mint-12068
Chili-Lime Sauce,
Grilled Cheese and Short Rib Sandwiches with Pickled Caramelized Onions and Arugula,https://www.epicurious.com/recipes/food/views/grilled-cheese-and-short-rib-sandwiches-with-pickled-caramelized-onions-and-arugula-357249
Roasted Bosc Pears with Pomegranate Glaze,
Deep-Fried Broccoli and Carrots in Scallion and Caper Beer Batter,https://www.epicurious.com/recipes/food/views/deep-fried-broccoli-and-carrots-in-scallion-and-caper-beer-batter-13164
Niçoise Toasts,
Braised Lamb Shanks with Spring Vegetables and Spring Gremolata,https://www.epicurious.com/recipes/food/views/braised-lamb-shanks-with-spring-vegetables-and-spring-gremolata-351542
Apple Cake with Maple-Walnut Cream Cheese Frosting,
Chilled Watercress Soup with Onion Cream,
Kielbasa Sausage with Spiced Sauerkraut,
Oysters with Nobu's Three Salsas,https://www.epicurious.com/recipes/food/views/oysters-with-nobus-three-salsas-105871
Caramel Custards with Ginger (Cremes Caramels au Gingembre),
Sweet-and-Smoky Baby Back Ribs with Bourbon Barbecue Sauce,
Green Goddess Dressing,
"Pineapple, Kiwifruit, and Orange in Mint Syrup",
Blackberry-Thyme Margarita,
Microgreens with Curry Vinaigrette,
Steak with Lemongrass Peppercorn Sauce,
Sauteed Skirt Steak with Braised Scallions,
Babaghanou,
Sambuca Chocolate Sauce,https://www.epicurious.com/recipes/food/views/sambuca-chocolate-sauce-11019
Spicy Beef Chili with Beans,
Middle Eastern Tabbouleh and Lamb Salad,
Jungle Curry with Pork and Thai Eggplant,
Roasted Tomatoes with Stilton,
Lemon-Caper Braised Halibut,https://www.epicurious.com/recipes/food/views/lemon-caper-braised-halibut-363377
No-Bake Strawberry Cheesecake,
"Summer Chef's Salad with Grilled Pork, Chicken, and Chimichurri Ranch Dressing",https://www.epicurious.com/recipes/food/views/summer-chefs-salad-with-grilled-pork-chicken-and-chimichurri-ranch-dressing-56389620
Chicken-Fried Skirt Steak with Country Gravy,
Mustard Butter with Basil and Capers,https://www.epicurious.com/recipes/food/views/mustard-butter-with-basil-and-capers-101109
Bubbe's Chicken Soup,
Southwestern Taco Salad,https://www.epicurious.com/recipes/food/views/southwestern-taco-salad-108439
"Pesto, Olive, and Roasted-Pepper Goat Cheese Torta",https://www.epicurious.com/recipes/food/views/pesto-olive-and-roasted-pepper-goat-cheese-torta-108330
Soft-Shelled Crabs Meunière,https://www.epicurious.com/recipes/food/views/soft-shelled-crabs-meuniere-104885
Shrimp Louis,
Crab Cakes with Creamy Chili Sauce,
Salted Red Cabbage,
Green Bean Salad with Fennel and Toasted Pecan Dukkah,
Chocolate Cake with Vanilla Buttercream,
"Fresh Corn, Cheddar, and Scallion Corn Bread",
Parmesan Toasts with Prosciutto and Fig Jam,https://www.epicurious.com/recipes/food/views/parmesan-toasts-with-prosciutto-and-fig-jam-356749
Bermuda Rosé,
"Caramelized-Onion, Rosemary, and Pine Nut Topping",https://www.epicurious.com/recipes/food/views/caramelized-onion-rosemary-and-pine-nut-topping-352112
Plum Fennel Iced Tea,
Chinese Cabbage Salad,
Sesame-Ginger Beef and Asparagus Stir-Fry,
Chicken Satay Bites,
Rosemary-Garlic Pork Tenderloin with Sweet-and-Sour Prunes,
Sweet Matzo and Cottage-Cheese Pudding,
Mussels with Fennel and Roasted Red Pepper Butter,https://www.epicurious.com/recipes/food/views/mussels-with-fennel-and-roasted-red-pepper-butter-11500
Spicy Peanut Sauce,https://www.epicurious.com/recipes/food/views/spicy-peanut-sauce-10602
Lamb with Sausage-Mint Couscous and Parsley Jus,
Chicken Roasted with Lemongrass and Garlic,
Seared Scallops with Leeks and Caviar Sauce,
Poached Chicken with Ginger and Scallion Sauce,
Edamame Fried Rice,https://www.epicurious.com/recipes/food/views/edamame-fried-rice-51186610
"Chicken with Bell Peppers, Smoked Ham, and Paprika",
Dried Fruit Stuffing,
Zucchini Patties with Feta,
Creamed Corn Gratin with Fried Onion Rings and Bacon,
Buttered Haricots Verts,
"Tortellini Gratinata with Mushrooms and Parsnip ""Béchamel",
Toasted Tortillas with Herbed Goat Cheese,
Raspberry and Thyme Hot Toddy Punch,https://www.epicurious.com/recipes/food/views/raspberry-and-thyme-hot-toddy-punch
Chop Suey,
Country Captain Chicken,
Pimiento Cheese Frase,
Potato Salad with Sugar Snap Peas and Mustard Seed Dressing,
Spring Berry Champagne Cocktail,
Fennel and Carrot Slaw with Olive Dressing,
Beer-Basted Chicken with Asian Flavors,
Mussels with Parsley and Garlic,
Baked Beans,
Herb-Roasted Chicken Breasts,
Asian Noodles with Ginger-Cilantro Sauce,
Green Papaya Salad with Beef and Liver Jerky,
"Asian Scallop Stew with Coconut, Ginger and Lime",
Vegetables and Hard-Boiled Eggs with Anchovy Cream,
Sauteed Apple Salad with Roquefort Cheese and Walnuts,https://www.epicurious.com/recipes/food/views/sauteed-apple-salad-with-roquefort-cheese-and-walnuts-2627
Yellow Bell Pepper Squares with Garlic Bread Crumbs,https://www.epicurious.com/recipes/food/views/yellow-bell-pepper-squares-with-garlic-bread-crumbs-13061
Black Bean Lasagna Kinstlinger-Bruhn,https://www.epicurious.com/recipes/food/views/black-bean-lasagna-kinstlinger-bruhn-10253
Chicken Marsala,
Coffee Granita with Sambuca Ice Cream and Chocolate Shavings,
Corn and Tasso Maque Choux,
Sea Bream with Artichokes and Caper Dressing,
Pasta with Creamy Vodka-and-Herb Sauce,
Lemon Molasses Chess Pie,
Chilled Cucumber Soup with Smoked Salmon and Dill,
Vanilla Praline Meringue Cups with Blackberry-Raspberry Sauce,https://www.epicurious.com/recipes/food/views/vanilla-praline-meringue-cups-with-blackberry-raspberry-sauce-4583
Meat Loaf with Sauteed Mushrooms,
"Pan-Seared Tuna with Ginger, Miso and Cilantro Sauce",
"Shredded-Chicken Wraps with Avocado, Cucumber, and Cilantro",
"Baked Squash with Orange, Garlic and Parsley",
Porcini Mushroom Turkey with Mushroom Gravy,https://www.epicurious.com/recipes/food/views/porcini-mushroom-turkey-with-mushroom-gravy-240380
Seared Sesame Tofu with Asian Salad,
"Beet, Avocado and Pink Grapefruit Salad with Sherry Dressing",
"Posole with Southern Greens, Chayote, Dried Cherries, and Pecans",https://www.epicurious.com/recipes/food/views/posole-with-southern-greens-chayote-dried-cherries-and-pecans-104137
Potato and Wild Mushroom Gratin,
Toasted Almond Mocha Ice-Cream Tart,
"Sauté of Fresh Fava Beans, Onions, and Fennel",
Spice-Rubbed Steak with Quick Garlic Fries,https://www.epicurious.com/recipes/food/views/spice-rubbed-steak-with-quick-garlic-fries-234266
"Endive, Stilton, and Bacon Salad",
Alt-Grain Porridge With Kimchi and Jammy Eggs,
Postmodern Pink Lady,
Fried Chicken Salad,
Butter Pie Crust Dough,
Artichoke and Fennel Ravioli with Tomato-Fennel Sauce,
Almond-Oat Lace Cookies,
Fish Fajitas,
Rigatoni with Gorgonzola Cheese,
Braised Greek Chicken and Artichokes,
Radicchio & Carrot Slaw,https://www.epicurious.com/recipes/food/views/radicchio-carrot-slaw-353049
Sour Cherry Compote,
"Lobster with Sausage, Mussels, Corn, and Potatoes",
Turkey Hash with Sweet Potatoes and Turnips,
Quiche in Prosciutto Cups,
Curried Chicken Liver Pâté,
Sweet Potato and Coconut Soup,
Speedy Pizzas,
"Cheddar, Vegetable and Sausage Strata",
Minted Cranberry-Lime Sparkletinis,
"Orzo with Grilled Shrimp, Summer Vegetables, and Pesto Vinaigrette",
Grilled Scallops with Tomato-Onion Relish,
"Tomato, Potato, and Mustard Green Salad",
Sauteed Radishes and Watercress,
Rhubarb-Gingersnap Parfaits,
Red White and Blueberry Sundaes,
Lemon (or Lime or Orange) Ricotta Pancakes,
Crispy Noodle Pancake,
Pirozhki,
Wild Rice and Mushroom Soup,
Christmas Fruitcake,
Dill-Cucumber Sauce,
Apricot-Pecan Upside-Down Cake,https://www.epicurious.com/recipes/food/views/apricot-pecan-upside-down-cake-5382
Lobster and Endive Salad,
Peach Sundaes with Bourbon-Pecan Sauce,
Olive-Oil Pepper Biscuits,
"Black Bass with Hon-Shimeji Mushrooms, Razor Clams, and Tomato-Garlic Marinade",https://www.epicurious.com/recipes/food/views/black-bass-with-hon-shimeji-mushrooms-razor-clams-and-tomato-garlic-marinade-232418
Roast Chicken with Herb-and-Garlic Pan Drippings,
Chocolate Meringue Parfait with Chocolate Sauce,
White Chocolate and Strawberry Terrine with Dark Chocolate Sauce,https://www.epicurious.com/recipes/food/views/white-chocolate-and-strawberry-terrine-with-dark-chocolate-sauce-1287
Mock Risotto,
Shrimp Dumplings,
Vanilla Butter Cream Frosting,
Bronze and Red Lettuce Salad with Serrano Ham and Goat Cheese Spirals,
Pan-Seared Tuna Topped with Fennel Salad,
Herbed Beef and Rice-Noodle Salad,
Cabbage and White Bean Soup with Sausage,
Banana Cream Pie,https://www.epicurious.com/recipes/food/views/banana-cream-pie-recipe
"Pear Salad with Feta, Bacon, Hazelnuts and Shallot Vinaigrette",https://www.epicurious.com/recipes/food/views/pear-salad-with-feta-bacon-hazelnuts-and-shallot-vinaigrette-1246
"Cream of Carrot, White Bean and Pear Soup",
Zucchini Pizza Crust With Lemony Pea Pesto,https://www.epicurious.com/recipes/food/views/zucchini-pizza-crust-with-lemony-pea-pesto
Black Bean Chili with Butternut Squash,
Tea-Smoked Chicken,
Pan-Fried Lamb Chops with Rosemary and Garlic,
"Plums with Prosciutto, Goat Cheese, Baby Arugula, and Champagne Vinegar",https://www.epicurious.com/recipes/food/views/plums-with-prosciutto-goat-cheese-baby-arugula-and-champagne-vinegar-239785
Raspberry Shrub,
Slow-Cooked Ratatouille Over Goat Cheese Polenta,https://www.epicurious.com/recipes/food/views/slow-cooked-ratatouille-over-goat-cheese-polenta-51152210
"Leg of Lamb with Mint Pesto, New Potatoes and Baby Carrots",
New England Seafood Chowder,
Zingerman's Ann Arbor Mushroom and Barley Soup,
Soft Manioc Polenta,
Roast Cornish Game Hen with Spring Vegetables,
Red Velvet Cake with Raspberries and Blueberries,
Sauteed Carrots with Red Bell Pepper and Dill,
Veal Chops with Eggplant and Pepper Stuffing and Roasted Red Pepper Sauce,
Cuban Special,
Green Tea And Ginger Beer Float,https://www.epicurious.com/recipes/food/views/green-tea-and-ginger-beer-float-56389660
Turkish Coffee Pudding,
"Caramelized Chocolate, Banana, and Marshmallow Sandwiches",https://www.epicurious.com/recipes/food/views/caramelized-chocolate-banana-and-marshmallow-sandwiches-234440
Juniper-Brined Roast Turkey with Chanterelle Mushroom Gravy,https://www.epicurious.com/recipes/food/views/juniper-brined-roast-turkey-with-chanterelle-mushroom-gravy-355409
Grilled Rib-Eye Steaks with Parsley-Garlic Butter,
Blackberries with Mint Tea Syrup and Yogurt,https://www.epicurious.com/recipes/food/views/blackberries-with-mint-tea-syrup-and-yogurt-242472
Cold Tuna Niçoise,
"Pasta with Tomatoes, Mozzarella and Basil",
Corn and Winter Squash with Spinach and Bacon,
Sicilian Fisherman's Stew,https://www.epicurious.com/recipes/food/views/sicilian-fishermans-stew-234361
Spinach and Tofu Paneer,
Apple Fritters,
Late-Summer-Greens Sauté,https://www.epicurious.com/recipes/food/views/late-summer-greens-saute-367172
Pierogi and Vareniki Dough,
Lettuce and Beet Salad with Sour Cream Dressing,
Cold Avocado Corn Soup With Cilantro Oil,
Chocolate Chestnut Torte,
Herb and Onion Stuffing,
Cured Salmon with Fennel and Carrot Salad,https://www.epicurious.com/recipes/food/views/cured-salmon-with-fennel-and-carrot-salad-51236420
Lemon-Rubbed Chicken Legs with Garlic and Rosemary,
Coconut-Date Power Breakfast Bars,https://www.epicurious.com/recipes/food/views/coconut-date-power-breakfast-bars
Chicken-Filled Pastry (B'steeya),https://www.epicurious.com/recipes/food/views/chicken-filled-pastry-bsteeya-51121560
"Brown Rice, Tomato and Basil Salad",
Open-Face Chicken Cordon Bleu,
Rhubarb-Ginger Jam,
"Hot Slow-Roasted Pork, Onion, and Mozzarella Sandwiches",https://www.epicurious.com/recipes/food/views/hot-slow-roasted-pork-onion-and-mozzarella-sandwiches-233921
Lemon-Nut Torte with Summer Berries,
"Chicken, Shiitake and Bok Choy Soup",
Sephardic Spinach Patties,https://www.epicurious.com/recipes/food/views/sephardic-spinach-patties-233358
Passion-Fruit Mimosa,
Artichoke Bottoms Braised in Olive Oil with Garlic and Mint,
Rhubarb and Strawberry Breakfast Crostini,
Artichokes Basted with Anchovy Butter,https://www.epicurious.com/recipes/food/views/artichokes-basted-with-anchovy-butter-352969
Soused Prunes,
"Sugar Snap Pea, Radish, and Cucumber Salad",
"Prosciutto with Persimmon, Pomegranate, and Arugula",
Creamed Onions,
Pulled Turkey Barbecue Seibels,https://www.epicurious.com/recipes/food/views/pulled-turkey-barbecue-seibels-14178
Rice Pilaf With Almonds and Raisins,
"Poached Salmon with Green Peppercorn, Ginger, and Orange Sauce",
Carrot-Walnut Bundt Cake with Lemon Cream Cheese Icing,
Spiced Rice Pilaf,
Oriental Stuffed Mushrooms,
Carnation Lemon Bars,https://www.epicurious.com/recipes/food/views/carnation-lemon-bars
Strawberry Panna Cotta with Strawberry Compote,
Seared Sea Scallops on Sautéed Spinach with Hoisin Butter Sauce,
Wholewheat Blinis with American Caviar,https://www.epicurious.com/recipes/food/views/wholewheat-blinis-with-american-caviar-351035
Garlic and Rosemary Steak with Potato-Onion Cakes,
Orange-Spice Fruit Compote,
Pork Loin Braised in Milk,
"Perciatelli with Tuna, Capers and Tomatoes",
Milk Crumbs,https://www.epicurious.com/recipes/food/views/milk-crumbs-360752
Spicy Thai Steamed Mussels,
Broiled Shrimp with Mustard and Tarragon,
Citrus Salad with Fennel Vinaigrette,
Hot Chocolate Cakes with Mango and Ginger,
Vanilla Pear Clafoutis,
Cranberry-Nut Rolls,
Florida Citrus Pie,
Double-Corn Chowder with Chipotle and Bacon,
Shaker-Style Walnut and Rosemary Loaf,https://www.epicurious.com/recipes/food/views/shaker-style-walnut-and-rosemary-loaf-108609
Venison Chops with Blackberry Compote,https://www.epicurious.com/recipes/food/views/venison-chops-with-blackberry-compote-109323
"Red, White and Blueberry Sundaes",
Mozzarella-Stuffed Pork Chops with Polenta and Tomatoes,
Butternut Squash and Sweet Potato Purée,
Panang Curry Paste,https://www.epicurious.com/recipes/food/views/panang-curry-paste-367765
Chunky Guacamole,
Bacon and Chive Potato Pancakes,
Warm Spinach Salad with Parmesan Toasts,
Frozen Lime Torte with Summer Fruit,
"Zucchini, Onion and Tomato Salad with Saffron and Cinnamon",
"Goat Cheese, Sun-Dried Tomato, and Roasted Garlic Souffles",https://www.epicurious.com/recipes/food/views/goat-cheese-sun-dried-tomato-and-roasted-garlic-souffles-109385
Lemon Sun Cakes with Berries and Cream,
Flank Steak with Melon Relish,
Carom Seeds Poori,https://www.epicurious.com/recipes/food/views/carom-seeds-poori-367029
Skillet Corn Bread with Red Bell Pepper,
Asparagus Lasagne,
Cinnamon Coffee Cake Kotniuk,
Fig and Thyme Jam,https://www.epicurious.com/recipes/food/views/fig-and-thyme-jam-367171
Manhattan I,
Filet Mignon with Rajas,https://www.epicurious.com/recipes/food/views/filet-mignon-with-rajas-108050
"Mediterranean Tuna, Potato, Olive, and Feta Salad with Garlic Dressing",
Freekeh Salad with Chicken and Kale,https://www.epicurious.com/recipes/food/views/freekeh-salad-with-chicken-and-kale-51222810
Pear-Potato Salad,
Pork Medallions with Lemon and Capers,https://www.epicurious.com/recipes/food/views/pork-medallions-with-lemon-and-capers-59
"Ham, Fontina, and Spinach Bread Pudding",https://www.epicurious.com/recipes/food/views/ham-fontina-and-spinach-bread-pudding-102734
Parsnip Spice Cake with Ginger Cream Cheese Frosting,
Pecan Chocolate Tart,
Grilled Whole Fish with Roasted Tomato-Chile Sauce,
Sour Cherry Syrup,https://www.epicurious.com/recipes/food/views/sour-cherry-syrup-51167800
Lime- and Honey-Glazed Salmon with Basmati and Broccolini,https://www.epicurious.com/recipes/food/views/lime-and-honey-glazed-salmon-with-basmati-and-broccolini-355189
Chive Pepper Popovers Rusinow,https://www.epicurious.com/recipes/food/views/chive-pepper-popovers-rusinow-100763
Frijoles Refritos (Refried Beans),
Sauteed Swordfish with Niçoise Vinaigrette,
Julia's Roast Chicken with Lemon and Herbs,https://www.epicurious.com/recipes/food/views/julias-roast-chicken-with-lemon-and-herbs-102264
Chandon Brut Mojito,https://www.epicurious.com/recipes/food/views/chandon-brut-mojito-361529
Mexican Meatball Soup with Rice and Cilantro,
Cheese Blintzes with Three-Berry Compote,https://www.epicurious.com/recipes/food/views/cheese-blintzes-with-three-berry-compote-2815
Red Salad with Champagne Vinaigrette,
Sweet and Spicy Bacon Kebabs With Scallion-Ginger Relish,
Chocolate Date-Nut Baklava,
Vietnamese Chicken Soup With Rice,https://www.epicurious.com/recipes/food/views/vietnamese-chicken-soup-with-rice
"Pork, Maple, and Sage Patties",
Fried Sauerkraut Cakes with Kielbasa,
Orange Berry Cooler,
Steak and Onion Sandwiches with Horseradish Mayonnaise,
"Red Onion, Goat Cheese and Basil Tart",
Chestnut Ice Cream,
"Espresso ""Pretzels""",
Roasted Cod on Large Garlic Croutons,
Walnut Cherry Brownies,https://www.epicurious.com/recipes/food/views/walnut-cherry-brownies-242609
Chunky Red Chili,
Sausages and Green Lentils with Tomato Salsa,https://www.epicurious.com/recipes/food/views/sausages-and-green-lentils-with-tomato-salsa-236810
Dried Fruit Nougats,
"Watermelon, Lime, and Tequila",
Slow-Cooked Onion Salad,
Baby Tomato and Fresh Goat Cheese Salad,
Meaty Ukrainian Borscht,https://www.epicurious.com/recipes/food/views/meaty-ukrainian-borscht-6008
Pepperoni Cheddar Straws,
Spicy Beef with Peppers,
Peanut Butter and Jelly Shortbread Wedges,
Cuban-Style Black Beans,
Golden Onion and Zucchini Lasagne,
"Portobello ""Steak"" Sandwiches with Gorgonzola Butter and Red Pepper Vinaigrette",https://www.epicurious.com/recipes/food/views/portobello-steak-sandwiches-with-gorgonzola-butter-and-red-pepper-vinaigrette-12008
Baked Radicchio and Herbed Goat Cheese,
Short Ribs Provençale with Crème Fraîche Mashed Potatoes,
Real Gingerbread,
Cherry-Apple Sauce,
Sautéed Sea Scallops with Apple-Sesame Couscous and Purple and Yellow Cauliflower Purées,https://www.epicurious.com/recipes/food/views/sauteed-sea-scallops-with-apple-sesame-couscous-and-purple-and-yellow-cauliflower-purees-51192820
Medley of Root Vegetables with Cipoline Onions and Herbs,
Roasted Fennel and Red Onions,
Lamb Bulgogi with Asian Pear Dipping Sauce,https://www.epicurious.com/recipes/food/views/lamb-bulgogi-with-asian-pear-dipping-sauce-359749
Winter Vegetable Roast with Maple-Mustard Vinaigrette,
Eggplant Parmesan Rolls with Swiss Chard and Fresh Mint,
Cucumber Mint Tea Sandwiches,
Spoon Eggnog,
"Leg of Roasted Lamb on Potato, Eggplant, and Tomato Tian",
"Eggplant, Potato and Pepper Casserole",
Smoked-Salmon Crêpe Torte,
Veal Osso Buco,
Layered Vegetable Salad with Caper and Thyme Dressing,
Asiago Cheese with Glazed Cipolline Onions,https://www.epicurious.com/recipes/food/views/asiago-cheese-with-glazed-cipolline-onions-355871
Lowcountry Aïoli,
Red Wine-Braised Lamb Shanks,
Roast Leg of Lamb with Olive and Rosemary Paste,
Endive and Arugula Salad with Pickled Onions and Blue Cheese,https://www.epicurious.com/recipes/food/views/endive-and-arugula-salad-with-pickled-onions-and-blue-cheese-104471
Strawberries with Molasses Sour Cream Sauce,
Couscous Vegetable Salad,
Quinoa with Black Beans and Cilantro,https://www.epicurious.com/recipes/food/views/quinoa-with-black-beans-and-cilantro-243392
Coriander-and-Chile-Rubbed Lamb Chops,
Peppercorn-Crusted Muscovy Duck with Blueberries,https://www.epicurious.com/recipes/food/views/peppercorn-crusted-muscovy-duck-with-blueberries-4621
French Fries,
Chile-Cumin Lamb Meatballs with Yogurt and Cucumber,https://www.epicurious.com/recipes/food/views/chile-cumin-lamb-meatballs-with-yogurt-and-cucumber-56389403
"""Drunken"" Pork Chops",
Lamb Chops with Balsamic Vinegar and Onions,
Salt-Baked Salmon with Citrus and Herbs,
Sauteed Quail with Paprika Sauce and Moroccan-Spiced Vegetables,https://www.epicurious.com/recipes/food/views/sauteed-quail-with-paprika-sauce-and-moroccan-spiced-vegetables-15506
Three Onion Dip,
Hot Buttered Rum Cheesecakes with Rum-Caramel Sauce,
Mashed Root Vegetables,
Millionire,https://www.epicurious.com/recipes/food/views/millionire-200994
Italian Sausage with Giant White Beans and Radicchio,
Blistered Green Beans With Tomato-Almond Pesto,https://www.epicurious.com/recipes/food/views/ba-syn-blistered-green-beans-with-tomato-almond-pesto
Ginger-Apricot Shrimp,
Radishes with Goat Cheese,
White Asparagus and Morel Sauté,
"Fresh Fruit Ice Trio: Lime, Watermelon & Pineapple",https://www.epicurious.com/recipes/food/views/fresh-fruit-ice-trio-lime-watermelon-pineapple-352977
Rum-Raisin Chocolate Brownies,
Tomato and Spinach Soup,
Pork Tenderloin with Cider Jus and Rutabaga Purée,
Brown Rice and Chicken Stir-Fry with Edamame and Walnuts,https://www.epicurious.com/recipes/food/views/brown-rice-and-chicken-stir-fry-with-edamame-and-walnuts-104593
Roasted-Garlic and Buttermilk Salad Dressing,
Lemon-Scented Chicken Soup with Parsley-Sage Matzo Balls,
"Sausage, Fontina, and Bell Pepper Strata",https://www.epicurious.com/recipes/food/views/sausage-fontina-and-bell-pepper-strata-353316
Spiced Carrot Cauliflower Soup,
White Radish Salad,
Grilled Chicken with Almond and Garlic Sauce,
Bob's Sweet-and-Sour Grilled Jumbuck Ribs,https://www.epicurious.com/recipes/food/views/bobs-sweet-and-sour-grilled-jumbuck-ribs-395271
Baked Pears with Amaretti Filling,
Lentil Croquettes,
Corn and Haricots Verts in Lime Shallot Butter,https://www.epicurious.com/recipes/food/views/corn-and-haricots-verts-in-lime-shallot-butter-108347
"Cornish Game Hens with Pancetta, Juniper Berries and Beets",
Café Brenda Black Bean Vegetable Chili,
Okra Cornmeal Fritters,
"Honeydew with Mint, Basil, and Lime",
Jumbo Shrimp,
Quince Tarte Tatin,
Upside-Down Caramelized Apricot Tart,
Carrot and Beet Slaw with Pistachios and Raisins,
Cherry Blossom,
Pears Poached in Port with Cranberries,https://www.epicurious.com/recipes/food/views/pears-poached-in-port-with-cranberries-104440
Chilled Tomato Basil Soup,
"Tomato, Mozzarella, and Basil Salad Glucksman",https://www.epicurious.com/recipes/food/views/tomato-mozzarella-and-basil-salad-glucksman-10124
Mojito,https://www.epicurious.com/recipes/food/views/mojito-recipe
Carrot Salad with Yogurt and Coriander,
Spumante-Vodka Cocktail with Lemon Sorbet,
Chicken Salad with Roasted Root Vegetable Vinaigrette,https://www.epicurious.com/recipes/food/views/chicken-salad-with-roasted-root-vegetable-vinaigrette-51212810
Spicy Turkey Paella,
Collard Green Salad with Cashews and Lime,https://www.epicurious.com/recipes/food/views/collard-green-salad-with-cashews-and-lime-51210450
Mesquite-Grilled Pizza,
Radicchio and Red-Wine Rissoto,
Apricot Tart with Honey and Almonds,
Goose and Tasso Gumbo,
Lobster Stock,
"Individual Sausage, Tomato, and Artichoke-Heart Pizzas",https://www.epicurious.com/recipes/food/views/individual-sausage-tomato-and-artichoke-heart-pizzas-13529
Prosecco-Raspberry Gelée,https://www.epicurious.com/recipes/food/views/prosecco-raspberry-gelee-366399
Garlic and Rosemary Roasted Pork,
Chocolate-Banana Cake with Walnuts,
Spinach Salad with Strawberry Champagne Vinaigrette,
Chicken Piccata with Niçoise Olives,
Spicy Lamb with Charred Eggplant Purée and Pita,
"Chocolate Chip Meringues with Ice Cream, Peppermint Candies and Chocolate-Mint Sauce",
Bunuelos with Anise Syrup,
"Grilled Brie, Apple, and Watercress",https://www.epicurious.com/recipes/food/views/grilled-brie-apple-and-watercress-231485
Sante Fe Christmas Turkey Stuffing,
Tuscan Vegetable Soup (acquacotta),
Skillet-Roasted Cauliflower With Panko,https://www.epicurious.com/recipes/food/views/skillet-roasted-cauliflower-with-panko
"Trout with Pine Nuts and Rice Stuffing, Roasted Red Peppers, and Fennel",https://www.epicurious.com/recipes/food/views/trout-with-pine-nuts-and-rice-stuffing-roasted-red-peppers-and-fennel-104707
Dill Smoked-Salmon Hash,
Smoked Pork Chops with Onion-and-Cider Glaze,
Peppers with Almond-Garlic Bread Crumbs,https://www.epicurious.com/recipes/food/views/peppers-with-almond-garlic-bread-crumbs-234673
Beef Consommé with Herbed Crepes Julienne,https://www.epicurious.com/recipes/food/views/beef-consomme-with-herbed-crepes-julienne-11764
Old-Fashioned Lime Pie,
Deep Chocolate Torte with Coffee Buttercream,
Marinated Tofu,
Beer-Battered Asparagus,
Crispy Peanut Butter Snack Cake,https://www.epicurious.com/recipes/food/views/crispy-peanut-butter-snack-cake
Panfried Sea Bass with Harissa & Rose,https://www.epicurious.com/recipes/food/views/panfried-sea-bass-with-harissa-rose-51185020
Albondigas Soup,
Beef and Bean Burritos,
Planked Figs with Pancetta and Goat Cheese,https://www.epicurious.com/recipes/food/views/planked-figs-with-pancetta-and-goat-cheese-359589
Sweet Potato and Apple Dressing,
Cracking and Grating Coconut,
Marsala and Mascarpone Mousse with Pound Cake and Berries,https://www.epicurious.com/recipes/food/views/marsala-and-mascarpone-mousse-with-pound-cake-and-berries-232104
Pumpkin Coconut Panna Cottas,
Persimmon Cake with Cream Cheese Icing,
Simple Syrup III,
Chocolate Mousse Pie,https://www.epicurious.com/recipes/food/views/chocolate-mousse-pie-2687
Filet Mignon with Red Wine-Horseradish Sauce,
Cranberry Cupcakes with Maple Cream-Cheese Frosting,
Warm Frisée-Lardon Salade with Poached Eggs in Red-Wine Sauce,https://www.epicurious.com/recipes/food/views/warm-frisee-lardon-salade-with-poached-eggs-in-red-wine-sauce-241765
Chicken with Herb-Roasted Tomatoes and Pan Sauce,
Chicken with Chestnuts,
Ginger Green Iced Tea,
Mashed Potatoes and Turnips with Horseradish,
"Cherry, Pistachio & Coconut Cake",
"Pineapple, Mango and Papaya Squares",
Guacamole with Lime and Roasted Chilies,
Sweet Potato Curry,
Hot Picadillo Sandwiches,
Jalapeño-Pickled Peppers,https://www.epicurious.com/recipes/food/views/jalapeno-pickled-peppers
Cauliflower with Ginger and Mustard Seeds,
Cheesy Chicken Burrito with Chips and Salsa,
Fresh Herb Frittata,
Chez Gladines' Basque-Style Scrambled Eggs,
Apple Cheddar Bread Pudding,
French Apple Turnovers (Chaussons Aux Pommes),https://www.epicurious.com/recipes/food/views/french-apple-turnovers-em-chaussons-aux-pommes-em-350419
Bayou Pepper Relish,
Shaved Carrot and Radish Salad With Herbs and Pumpkin Seeds,
Miriam Reichl's Corned Beef Ham,
"Prune, Orange, Fennel, and Red Onion Salad with Mixed Greens",
Polo,https://www.epicurious.com/recipes/food/views/polo-201011
Stuffed Italian Eggplant,
Lemon-Garlic Lamb Chops with Yogurt Sauce,
Rhubarb Sorbet with Gingered Orange Compote,
"Wax Bean, Pea, and Chorizo Salad",https://www.epicurious.com/recipes/food/views/wax-bean-pea-and-chorizo-salad-242871
Steamed Fish with Lime and Chile,
Sweet-and-Sour Brisket,
Pinto Raisin Bread Pudding with Apples and Cheese,
Little Devil,
Roast Capon with Lemon and Thyme,https://www.epicurious.com/recipes/food/views/roast-capon-with-lemon-and-thyme-107968
"Braised Chicken with Artichoke Hearts, Mushrooms, and Peppers",
Lamb and Shiitake Mushroom Stir-Fry,
Frozen Orange and Amaretti Parfaits with Espresso Granita,
Vegetable Burgers with Eggplant and Tomato,
Nectarine-Raspberry Pie,
Figs with Honey-Yogurt Cream,
Halibut with Red Bell Pepper and Olive Relish,
Xuxu and Shrimp with Chile and Lemon,
Faux-Fried Onion Rings with Smoky Mayonnaise,
Veal Scallopini with Olive and Sun-Dried Tomato Sauce,https://www.epicurious.com/recipes/food/views/veal-scallopini-with-olive-and-sun-dried-tomato-sauce-236947
Peanut Butter Bread Pudding,
Pork Tournedos with Blackberry Gastrique and Mango Salsa,
Citrus-Sage Roast Turkey Breast with Gravy: Small Crowd,https://www.epicurious.com/recipes/food/views/citrus-sage-roast-turkey-breast-with-gravy-small-crowd-51137810
Pasta with Arugula Purée and Cherry-Tomato Sauce,
Fuji Apple Spice Cake with Cream Cheese Frosting,
Lime Almond Cheesecake,
Bittersweet Chocolate and Almond Cake,
Chile-Rubbed Shrimp with Avocado Corn Cocktail,
Beer and Molasses Barbecue Sauce,
Cayenne Corn Bread Sticks,
"Cheese, Bread, and Egg Soup",
Macaroni with Spiced Beef and Tomato Sauce,
Winter Frittata,
Breaded Orange Roughy with Tomato and Arugula Salad,
Baked Tarragon Chicken Thompson,
Quinces and Prunes with Caramelized Brioche,
Corned Beef and Carrots with Marmalade-Whiskey Glaze,https://www.epicurious.com/recipes/food/views/corned-beef-and-carrots-with-marmalade-whiskey-glaze-234137
"Egg, Potato, and Prosciutto Pie",
Bouillabaisse,https://www.epicurious.com/recipes/food/views/bouillabaisse-238411
Lamb Chops with Mushroom Wine Sauce,
Chilled Avocado and Zucchini Soup,
Avocado-Lime Ice Pops,https://www.epicurious.com/recipes/food/views/avocado-lime-ice-pops
Linguine with Turkey Sausage and Pesto,https://www.epicurious.com/recipes/food/views/linguine-with-turkey-sausage-and-pesto-2644
Mashed Potatoes and Turnips with Roasted Pear Purée,
Turkish Lamb Pitas with Tomato Sauce,https://www.epicurious.com/recipes/food/views/turkish-lamb-pitas-with-tomato-sauce-107650
Vegetable Medley in Garlic-Chile Sauce,
Garlic Potato Purée with Shiitake Ragoût and Potato Crisps,
Chocolate Torte,
Bacardi Special,https://www.epicurious.com/recipes/food/views/bacardi-special-200377
Ginger Cookies,
Mediterranean Roasted Vegetable Salad,
Yellow Squash and Bell Pepper Soup,
Melon and Smoked Chicken Salad,
Quick Turkey Curry,
Sauteed Pea Tendrils with Garlic,https://www.epicurious.com/recipes/food/views/sauteed-pea-tendrils-with-garlic-234155
Mojito I,
Curried Sweet Potato Pancakes,
Curried Pumpkin Seeds,
Chicken Paillards with Radish-Mint Chutney,
Between the Sheets,
Poached Salmon,
Roasted Root Vegetables with Thyme and Marjoram Vinaigrette,https://www.epicurious.com/recipes/food/views/roasted-root-vegetables-with-thyme-and-marjoram-vinaigrette-107312
Arugula and Smoked Mozzarella Salad with Lemon Vinaigrette,
"Mussels with Tomatoes, Herbs and Garlic (Moules Provençale)",
"Asparagus, Leek, Shiitake and Potato Ragoût",
Cajun-Style Corn and Tomato with Fried Okra,
Baked Artichokes Stuffed with Anchovies and Garlic,
Cold Curried Carrot and Coconut Milk Soup,
"Grilled Cornbread Salad with Red Onions, Arugula, and Red Wine Vinaigrette",
Veal Stew with Green Olives and Potatoes,
Grilled Balsamic-Marinated London Broil with Red Onions,https://www.epicurious.com/recipes/food/views/grilled-balsamic-marinated-london-broil-with-red-onions-108387
Spiked Strawberry Lemon Spritzer,https://www.epicurious.com/recipes/food/views/spiked-strawberry-lemon-spritzer-51170800
Roast Pork with Mustard Herb Coating,
Herbed Roast Leg of Lamb,
Cheese and Potato Soup,
Blue Cheese Buttermilk Biscuits,
Pineapple-Ginger Agua Fresca,https://www.epicurious.com/recipes/food/views/pineapple-ginger-agua-fresca-359792
Sourdough Pancakes Gilbert,
Veal Shank with Balsamic Onions and White Beans,
Sausages with Caramelized Red Onions and Radicchio,
"Chicken Sandwiches with Chiles, Cheese and Romaine Slaw",
Roasted Beets with Horseradish Cream,
Chocolate-Raspberry Frosting,
Mussel and Fennel Bisque,
Sticky Date and Almond Bread Pudding with Amaretto Zabaglione,
Ginger Butterscotch Pear Tart,
Apricot Butter Cookies,
Roast Chicken With Harissa And Schmaltz,
Limoncello and Mint Sparklers,
Festival,
Grilled Vegetable Salad with Lemon-Mustard Vinaigrette,
Penne with Lemon and Root Vegetables,https://www.epicurious.com/recipes/food/views/penne-with-lemon-and-root-vegetables-356350
Asian Coleslaw with Shredded Chicken or Turkey,
Tiramisu Affogato,
Linguine with Spicy Tomato and Clam Juice,
Almond Cookie Cups with Sauternes-Poached Apples and Frozen Sauternes Mousse,
"Cuban Avocado, Watercress, and Pineapple Salad (Ensalada de Aguacate, Berro, y Piña)",https://www.epicurious.com/recipes/food/views/cuban-avocado-watercress-and-pineapple-salad-em-ensalada-de-aguacate-berro-y-pina-em-51203230
Ramp and Sausage Risotto,https://www.epicurious.com/recipes/food/views/ramp-and-sausage-risotto-352037
Chewy Coconut–Chocolate Chip Cookies,
Sausages with Sherry Caramel Glazed Pears,https://www.epicurious.com/recipes/food/views/sausages-with-sherry-caramel-glazed-pears-235754
Honey-Glazed Duck with Fig and Pistachio Red Quinoa,https://www.epicurious.com/recipes/food/views/honey-glazed-duck-with-fig-and-pistachio-red-quinoa-51125200
Coconut-Blueberry Cake,
Chicken Thighs Stuffed with Plantain and Serrano Ham,
"Artichoke, Sausage, and Parmesan Cheese Stuffing",
Tomato and Red Onion Compote,https://www.epicurious.com/recipes/food/views/tomato-and-red-onion-compote-103524
Fennel Salsa,
Onion Tart with Mustard and Fennel,
Caramelized-Onion and Parmesan Cream Scones,
Stuffed Radishes,
Smoked Salmon Smorrebrod,
Roasted Beef Tenderloin with Sherry Vinaigrette and Watercress,
Tequila and Tonic,
Braised Lamb Shanks with Dried Fruits,
Island Iced Tea,
Sunshine Cake,
Warm Goat Cheese Salad with Dried Cherries and Pancetta Vinaigrette,
Spicy Oven-Fried Chicken,
Seared Curried Scallops with Zucchini,
Barbecue Turkey Burgers with Creamy Cole Slaw Holden,https://www.epicurious.com/recipes/food/views/barbecue-turkey-burgers-with-creamy-cole-slaw-holden-13254
Cherry-Bourbon Ice Cream,
Mixed-Berry Chiffon Cake with Almond Cream Cheese Frosting,
Pan-Fried Catfish with Arugula-Orange Salad,
"Eggplant, Roasted Pepper, and Goat Cheese Terrine with Parsley Sauce",https://www.epicurious.com/recipes/food/views/eggplant-roasted-pepper-and-goat-cheese-terrine-with-parsley-sauce-12262
Roast Chicken Dinner,
Smashed Baby Red Potatoes with Ancho Chiles and Dry Jack Cheese,
Baked Mushroom-Sesame Rice Balls,https://www.epicurious.com/recipes/food/views/baked-mushroom-sesame-rice-balls-362709
Lemon-Anise Flan,https://www.epicurious.com/recipes/food/views/lemon-anise-flan-104607
Sun-Dried Tomato and Garlic-Crusted Rack of Lamb,
"Eggplant Steaks with Pumpkin, Tomato, and Mushroom Ragoût",
Walnut-Apricot Cake in Honey Syrup,
Pear and Dried Cherry Frangipane Cake,
Mom's Coleslaw,
Asparagus and Goat Cheese Frittata,https://www.epicurious.com/recipes/food/views/asparagus-and-goat-cheese-frittata-56389575
Mustard-Crusted Tofu with Kale and Sweet Potato,
Giant Chocolate Peanut Butter Cup,
Pernod Cocktail,
"Roast Goose with Chestnuts, Prunes and Armagnac",
Pan-Seared Pork Tenderloin with Rhubarb Compote,
Grilled Chicken Moroccan Style,
Middle Eastern Lamb-Stuffed Zucchini with Yogurt Sauce,https://www.epicurious.com/recipes/food/views/middle-eastern-lamb-stuffed-zucchini-with-yogurt-sauce-12758
"Chickpea Salad With Lemon, Parmesan, and Fresh Herbs",
Pineapple Rum Trifle Cake,
Florentine White Bean Soup with Pasta,
Crunchy Fried Shrimp with Cayenne Aïoli,
Herbed Chickpeas,
Creamy Wheat Cereal with Maple Syrup and Bananas,
"Smoked Salmon Quiche With Kale and Basil, and Sesame Seed Crust",https://www.epicurious.com/recipes/food/views/smoked-salmon-quiche-with-kale-and-basil-and-sesame-seed-crust
Three-Bean Salad with Coriander Chili Dressing,
Brandied Apricot Beignets with Chocolate Dipping Sauce,https://www.epicurious.com/recipes/food/views/brandied-apricot-beignets-with-chocolate-dipping-sauce-241627
Whole Baked Salmon,
"Pear, Cherry, and Pine Nut Tartlets",
Carrot with Toasted Almond Soup,
Mango Jícama Chopped Salad,
Skirt Steak Fajitas,
Two-Potato Sauté with Bacon and Cream,
Roast Chicken With Lemon and Butter,
Sauteed Baby Artichokes with Oven-Dried Tomatoes and Green-Olive Dressing,
Green Beans and Celery Root Salad with Mustard Vinaigrette,
Almond Cookie Cups,
Melange,
Frisée and Radish Salad with Goat Cheese Croutons,https://www.epicurious.com/recipes/food/views/frisee-and-radish-salad-with-goat-cheese-croutons-1453
Chili-Roasted Chicken with Roasted Garlic Gravy,
Smoked Salmon and Leek Scramble with Meyer Lemon Crème Fraîche,https://www.epicurious.com/recipes/food/views/smoked-salmon-and-leek-scramble-with-meyer-lemon-creme-fraiche-233392
Poached Asian Pears with Star Anise and Tropical Fruit,
Chicken Caesar Salad With Crispy Kale,https://www.epicurious.com/recipes/food/views/chicken-caesar-salad-with-crispy-kale
"Carrot, Fennel, and Orange Soup",
"Corn, Zucchini, and Tomato Pie",
Herb-Grilled Salmon with Fresh Tomato-Orange Chutney,https://www.epicurious.com/recipes/food/views/herb-grilled-salmon-with-fresh-tomato-orange-chutney-363359
Baked Pears with Honey and Ginger,
Moroccan-Style Chicken and Root Vegetable Stew,
Cucumber and Tomato Tzatziki,
"Pasta with Smoked Whitefish, Tomatoes and Garlic",
Sugarplum-Orange and Apricot-Earl Grey Jam Tarts,https://www.epicurious.com/recipes/food/views/sugarplum-orange-and-apricot-earl-grey-jam-tarts-368968
Fish Cakes with Paprika Lemon Mayonnaise,https://www.epicurious.com/recipes/food/views/fish-cakes-with-paprika-lemon-mayonnaise-237213
"Seared Sea Scallops with Lemongrass Sauce and Basil, Mint and Cilantro Salad",
Peanut Noodles with Shrimp,
Scallop and Shrimp Fritters with Chipotle Mayonnaise,
Asian Noodle Salad with Shrimp,
Lentil and Red Pepper Frittata,
Celery Salad With Celery Root And Horseradish,https://www.epicurious.com/recipes/food/views/celery-salad-with-celery-root-and-horseradish-51238650
Brandade de Morue Canapes,
El Presidente II,https://www.epicurious.com/recipes/food/views/el-presidente-ii-200392
"Portobello Mushrooms with Scrambled Eggs, Spinach and Roasted Red Peppers",
Pan-Roasted Chicken with Harissa Chickpeas,https://www.epicurious.com/recipes/food/views/pan-roasted-chicken-with-harissa-chickpeas-51209850
Roasted Sweet Onions with Cabrales Blue Cheese,
Mushrooms Stroganoff,
"Alaska King Crab ""Nachos""",https://www.epicurious.com/recipes/food/views/alaska-king-crab-nachos-103545
Grilled Rosemary Lamb Chops,
"Mustard-Crusted Beef Tenderloin with Arugula, Red Onion, and Wax Bean Salad",https://www.epicurious.com/recipes/food/views/mustard-crusted-beef-tenderloin-with-arugula-red-onion-and-wax-bean-salad-103711
Orange Cooler,
Pork Chop Milanese with Arugula and Teardrop Tomatoes,
"Apple, Potato, and Onion Gratin",
Grilled Red Snapper and Mango with Cilantro-Lime Vinaigrette,
"Grilled Marinated Tempeh Steak with Avocado, Radicchio, Orange Dressing, and Tahini",https://www.epicurious.com/recipes/food/views/grilled-marinated-tempeh-steak-with-avocado-radicchio-orange-dressing-and-tahini-242945
Cold Cabbage Slaw,
French Vinaigrette,
Short Ribs Braised in Ancho Chile Sauce,
"Orecchiette with Squash, Chiles, and Hazelnuts",
Citrus Salad with Fried Rosemary and Olives,https://www.epicurious.com/recipes/food/views/citrus-salad-with-fried-rosemary-and-olives-51134440
Lemon and Olive Oil Dressing,
Wild Rice and Brown Rice Cakes with Roasted Vegetable Ragù,
Trout in Riesling,
"Roasted Sweet Potatoes, Potatoes, and Sage",
Chipotle Collard Greens,
Pumpkin and Cookie-Butter Sheet Cake With Toasted Meringue,
Yeasted Apple Coffee Cake,https://www.epicurious.com/recipes/food/views/yeasted-apple-coffee-cake
Passover Spongecake with Apples,
Lemon-Rhubarb Chicken,https://www.epicurious.com/recipes/food/views/lemon-rhubarb-chicken-237100
Roast Lamb with Artichokes and Lemons,https://www.epicurious.com/recipes/food/views/roast-lamb-with-artichokes-and-lemons-51234640
Steamed Mussels with Chipoltes and Coconut Milk,
Mixed Dried Fruit Oatmeal Cookies,
Oatmeal Date Drop Scones,
Sweet Potato Soup with Buttered Pecans,
"Champagne Punch With Ginger, Lemon, and Sage",
Rhubarb Raspberry Sauce,
Curry-and-Coconut-Milk-Grilled Pork Skewers,https://www.epicurious.com/recipes/food/views/curry-and-coconut-milk-grilled-pork-skewers-56389544
Artillery Punch,https://www.epicurious.com/recipes/food/views/artillery-punch-368869
"Chicken, Egg and Broccoli Soup",
Roasted Orange Cakes,
Asian Cucumber Ribbon Salad,
"Fried Pastry Spirals with Honey, Sesame, and Walnuts",https://www.epicurious.com/recipes/food/views/fried-pastry-spirals-with-honey-sesame-and-walnuts-108130
Steamed Mussels With Fennel and Tarragon,https://www.epicurious.com/recipes/food/views/steamed-mussels-with-fennel-and-tarragon
Sausage Stuffed Potatoes with Green Salad,
Boursin and Bacon on Cracked Pepper Bread,https://www.epicurious.com/recipes/food/views/boursin-and-bacon-on-cracked-pepper-bread-102921
"Ditalini with Pesto, Beans, and Broccoli Rabe",https://www.epicurious.com/recipes/food/views/ditalini-with-pesto-beans-and-broccoli-rabe-107143
Apple-Phyllo Strudel,
Grilled Skirt Steaks with Parsley Oregano Sauce,
Shrimp and Watermelon Skillet,
1989 Chocolate Raspberry Almond Torte,
"Frozen Banana, Pineapple and Rum Cocktail",
Ale-Battered Shrimp with Tartar Sauce,
White Beans Puttanesca,
Grandma Ethel's Brisket with Tzimmes,https://www.epicurious.com/recipes/food/views/grandma-ethels-brisket-with-tzimmes-231787
Tropical Charoset,
Garlic Soy Chicken,
Couscous and Lamb Salad,
Shepherd's Pie with Parsnip Topping,
Burmese Gin Thoke Melon Salad,https://www.epicurious.com/recipes/food/views/burmese-em-gin-thoke-em-melon-salad-51112760
"Spinach, Leek, and Cheese Pie",
Waffled Sweet-Potato Chips,
Chicken Breasts with Sun-Dried Tomato and Garlic Crust,https://www.epicurious.com/recipes/food/views/chicken-breasts-with-sun-dried-tomato-and-garlic-crust-103008
Cilantro Dressing,
Mustard Chicken Stew,
Apricot and Amaretti Crostata,https://www.epicurious.com/recipes/food/views/apricot-and-amaretti-crostata-353785
Coffee-Cardamom Flans with Orange Crème Fraîche,
Lemon Cornmeal Cake with Raspberry Filling,
Roasted Beets with Parsley,
Ramos Gin Fizz,https://www.epicurious.com/recipes/food/views/ramos-gin-fizz
Salsa Verde (Caper and Parsley Sauce),
"Beets With Pecorino, Pecans, and Shishito Peppers",https://www.epicurious.com/recipes/food/views/beets-with-pecorino-pecans-and-shishito-peppers
"Grilled Chicken Salad with Radishes, Cucumbers, and Tarragon Pesto",https://www.epicurious.com/recipes/food/views/grilled-chicken-salad-with-radishes-cucumbers-and-tarragon-pesto-352032
Pasta with Roasted Provencal Vegetable Sauce,
Yellow Pepper Risotto,
Baked Rigatoni with Pork Ragù and Almonds (Pasta Chi Civa),
Minestrone Salad,
Rosemary Rack of Lamb With Roasted Potatoes and Carrots for Two,
Turkey Wraps with Curry-Chutney Mayonnaise and Peanuts,https://www.epicurious.com/recipes/food/views/turkey-wraps-with-curry-chutney-mayonnaise-and-peanuts-231090
Liptauer Spread,
Honey-Mustard Glazed Shrimp and Scallops,
Mushroom and Cheddar Cheese Soup,
Mango and Passion Fruit Smoothie,
Chilled Seafood Salad with Herbed Olive Oil and Sea Salt,https://www.epicurious.com/recipes/food/views/chilled-seafood-salad-with-herbed-olive-oil-and-sea-salt-13619
White Beans with Tomatoes and Spinach,
Salmon Steaks with Littleneck Clams and Saffron-Mint Broth,
Squid and Bell Pepper Stir-Fry,
Caviar and Salmon Blini Tortes,https://www.epicurious.com/recipes/food/views/caviar-and-salmon-blini-tortes-241526
Pickled Hot Chiles,
Pickled Scallions,
Pimiento Cheeseburgers,
Seared Tuna on Fettuccine with Green Olives and Arugula,https://www.epicurious.com/recipes/food/views/seared-tuna-on-fettuccine-with-green-olives-and-arugula-232378
Béarnaise Sauce,https://www.epicurious.com/recipes/food/views/bearnaise-sauce-395049
Turkey Mulligatawny Soup with Coriander,
Orecchiette with Kale and Breadcrumbs,https://www.epicurious.com/recipes/food/views/orecchiette-with-kale-and-breadcrumbs-51143610
Spanish-Style Tortilla,
Citrus-Marinated Chicken Thighs,
3-Ingredient Mussels With White Wine and Pesto,https://www.epicurious.com/recipes/food/views/3-ingredient-mussels-with-white-wine-and-pesto
Panko Pork Cutlets with Pineapple and Ginger Salsa,https://www.epicurious.com/recipes/food/views/panko-pork-cutlets-with-pineapple-and-ginger-salsa-238552
Vegetable Couscous with Black Olives,
"Smoked Salmon, Wasabi, and Pickled Ginger Tartines",
Spaghetti With Mussels (Spaghetti Con le Cozze),
Tuna and Avocado Tartare with California Caviar on Sesame Wonton Crisps,https://www.epicurious.com/recipes/food/views/tuna-and-avocado-tartare-with-california-caviar-on-sesame-wonton-crisps-236173
Roasted Sweet Potato Wedges with Smoked Chile Cream,
"Honeydew, Cantaloupe and Prosciutto Salad",
Almond Bread Pudding with Salted Caramel Sauce,https://www.epicurious.com/recipes/food/views/almond-bread-pudding-with-salted-caramel-sauce-51140830
Chicken Quesadillas,
Southern Sausage Soufflé,
Pink California Sunshine,
Clams in Garlic Sauce,
Pistachio Apricot Oatmeal Cookies,
Garlicky Broccoli Rabe,
Red-Cooked Chicken Wings,
Yukari Shiso Salt Yaki Onigiri,https://www.epicurious.com/recipes/food/views/yukari-shiso-salt-yaki-onigiri-365590
Radicchio Salad with Pickled Grapes and Goat Cheese,https://www.epicurious.com/recipes/food/views/radicchio-salad-with-pickled-grapes-and-goat-cheese-56390058
Peas with Spinach and Shallots,
Quick Kale with Bacon,
Classic Barbecue Pork Ribs with Smoky Bacon Barbecue Sauce,
Kale and Bean Bruschetta,https://www.epicurious.com/recipes/food/views/kale-and-bean-bruschetta-361691
Gnocchi with Creamy Tomato-Porcini Sauce,
Grilled Zucchini with Garlic and Lemon Butter Baste,
Butternut Squash & Apple Soup with Melted Blue Cheese,
Spaghetti with Scallion Sauce,
Wild Garlic and White Bean Curry,
Liu Shaokun's Spicy Buckwheat Noodles with Chicken,
"Orange, Red Onion and Black Olive Salsa",https://www.epicurious.com/recipes/food/views/orange-red-onion-and-black-olive-salsa-101392
Barley and Corn Salad with Basil Chive Dressing,
Clover Club,https://www.epicurious.com/recipes/food/views/clover-club
Grilled Tuna with Warm White Bean Salad,
Pistachio and Dried-Fruit Haroseth,
Buckwheat Shortcakes with Earl-Grey Apricot Compote and Whipped Cream,https://www.epicurious.com/recipes/food/views/buckwheat-shortcakes-with-earl-grey-apricot-compote-and-whipped-cream-51262530
Margherita Pizza with Arugula,
Brandy Alexander,https://www.epicurious.com/recipes/food/views/brandy-alexander-232842
Shaker Pickles,
Barbecue Rub #67,https://www.epicurious.com/recipes/food/views/barbecue-rub-67-395709
Chicken-Stuffed Bell Peppers Spanish Style,
"Quince, Ginger, and Pecan Conserve",
Kimchi Fritters with Soy Dipping Sauce,
Sesame Seared Tuna with Vegetable Slaw,
Chipotle-Coffee Steak Salad With Grilled Corn and Tomatoes,
Tangerine Granita,
Green Beans with Red Onion and Mustard Seed Vinaigrette,
Pancho Villa,
Deep-Dish Caramel Apple Pie,
Ginger-Glazed Almonds,
"Poached Chicken, Crunchy Vegetables, and Herb Dressing",https://www.epicurious.com/recipes/food/views/poached-chicken-crunchy-vegetables-and-herb-dressing
Cold Poached Salmon with Mustard-Lime Sauce,
Green Beans with Caramelized Pecans,https://www.epicurious.com/recipes/food/views/green-beans-with-caramelized-pecans-51142200
Spiced Apple Cake with Eggnog Sauce,
Grilled Ham and Chimay Cheese Sandwiches with Caramelized Belgian Endive,https://www.epicurious.com/recipes/food/views/grilled-ham-and-chimay-cheese-sandwiches-with-caramelized-belgian-endive-358558
Herb and Onion Focaccia,
Baked Oatmeal,
Almond Brown Butter,
Spiced Chocolate Torte Wrapped in Chocolate Ribbons,https://www.epicurious.com/recipes/food/views/spiced-chocolate-torte-wrapped-in-chocolate-ribbons
Herbed Olives,
White Chocolate and Cherry Bread Pudding,
Toasted Bread Crumbs,
Beef Tagliata with Radicchio and Arugula,https://www.epicurious.com/recipes/food/views/beef-tagliata-with-radicchio-and-arugula-236848
Tiramisu Ice-Cream Cake,
Fried Eggs Over Warm Lentil Salad with Lardons,
Ahi Tuna Carpaccio with Basil Pesto Fettuccine and Heirloom Tomatoes,https://www.epicurious.com/recipes/food/views/ahi-tuna-carpaccio-with-basil-pesto-fettuccine-and-heirloom-tomatoes-235524
Vanilla Bean Flan,
Frenchy's Pasties,
Cornish Hens with Corn Bread and Ham Stuffing,
Stir-Fried Beef and Broccoli,
Sun Tea with Mint,
"Orange, Tomato, Broccoli, and Sweet Onion Salad with Orange Vinaigrette",
Marty's Gaelic Gourmet CAM Onion Bread Pudding,https://www.epicurious.com/recipes/food/views/martys-gaelic-gourmet-cam-onion-bread-pudding-359029
Mixed-Mushroom Lasagna with Parmesan Sauce,
Tagliatelle with Smoked Salmon Cream Sauce,
Wilted Spinach Salad with Warm Apple Cider and Bacon Dressing,
Creamy Potato-Parsnip Gratin,
Fish Cakes,
Curried Rice Pilaf with Cashews,
Triple-Cherries Jubilee,https://www.epicurious.com/recipes/food/views/triple-cherries-jubilee-102146
Chile-Crusted Tuna Tacos,
Golden Potato Gratin,
Oranges in Red Wine,
Spice-Rubbed Filets Mignons,
Stuffed Vine Leaves,
Spicy Adobo Shrimp Cocktail,
Crisp Breast of Chicken with Parsnip Gnocchi,
Tangerine and Vanilla-Bean Marmalade,https://www.epicurious.com/recipes/food/views/tangerine-and-vanilla-bean-marmalade-4534
Spinach and Endive Salad with Pecans and Blue Cheese,
Curried Yogurt Dip with Crisp Steamed Broccoli,
Baked Potatoes with Rib-Eye Steak Hash,
Lockhart Dry Rub,https://www.epicurious.com/recipes/food/views/lockhart-dry-rub-242261
Riesling-Poached Trout with Thyme,
Sauteed Catfish Fillets with Pecan Butter Sauce,
Veal Cutlets in Marsala Mustard Sauce,https://www.epicurious.com/recipes/food/views/veal-cutlets-in-marsala-mustard-sauce-107420
Three-Bean Salad with Olives,
Kebabs,
Creamed Broccoli with Parmesan,https://www.epicurious.com/recipes/food/views/creamed-broccoli-with-parmesan-351898
Chilled Banana and Pistachio Rice Pudding,
Green Salad with Mustard-Herb Vinaigrette,
"Potato, Corn, and Cherry Tomato Salad with Basil Dressing",
3-Ingredient Curried Chicken Thighs,
Smothered Chicken with Creamy Mushroom Gravy,
Strawberry-Kiwi Sangria with Rosé Geranium,https://www.epicurious.com/recipes/food/views/strawberry-kiwi-sangria-with-rose-geranium-201237
Orange-Scented Bluefish,https://www.epicurious.com/recipes/food/views/orange-scented-bluefish-51170420
Polenta with Mascarpone and Parmesan,
Beet Cured Lox,https://www.epicurious.com/recipes/food/views/beet-cured-lox-51237050
Pumpernickel and Cranberry Croutons,
Smoked Salmon Butter,
Scrambled Eggs with Lox and Cream Cheese,
Charred Jalapeño Mayonnaise,https://www.epicurious.com/recipes/food/views/charred-jalapeno-mayonnaise-56389683
"Smoked Trout, Watercress and Apple Salad with Creamy Horseradish Dressing",
"Rack of Lamb with Artichokes, New Potatoes and Mint",
Zucchini and Saffron Vichyssoise with Scallops,
Portabella Mushroom and Dried Tomato Bruschetta,
Manhattan Seafood Chowder,
Shrimp Phyllo Purses with Tomato Chermoula Sauce,
Turkey Club Salad with Avocado and Mayo,https://www.epicurious.com/recipes/food/views/turkey-club-salad-with-avocado-and-mayo-354499
Spiced Kumquat Chutney,
"Melon Salad with Arugula, Fennel, and Marjoram",
Chestnut-Caramel Ice Cream,
"Pear, Dried Cherry and Chocolate Chunk Crisp",
Coffee Doughnuts With Coffee Glaze,
Basic Beer-Can Chicken,
Roast Goose with Oranges and Madeira,https://www.epicurious.com/recipes/food/views/roast-goose-with-oranges-and-madeira-966
Winter Vegetable and Beef Soup,
Extreme Granola,
Fish Fillets with Tomato-Zucchini Sauce,https://www.epicurious.com/recipes/food/views/fish-fillets-with-tomato-zucchini-sauce-4481
Ricotta and Red Chard Cannelloni,
Baked Eggs with Tomato-Ham Sauce and Asparagus,
Green Onion Casserole,
Barley and Lentil Soup,
Latin-Style Chicken and Rice,https://www.epicurious.com/recipes/food/views/latin-style-chicken-and-rice-350882
Sparkling Lemon Cocktail,
Ginger Chicken,
Coconut Cream Tart,
Green Beans with Orange and Rosemary Gremolata,
B & B Peach Conserve,
South-of-the-Border Coleslaw with Cilantro and Jalapeño,
Cape Codder,
Savory Crepes with Mushroom and Bacon Filling,
Salmon with Sriracha Sauce and Lime,https://www.epicurious.com/recipes/food/views/salmon-with-sriracha-sauce-and-lime-51238260
Grilled Sausage Sandwiches with Fennel and Sweet Onion,
Julia's American-Style Potato Salad,
Creamy Turnip Soup with Carrot Julienne,
Pomegranate Gelato,https://www.epicurious.com/recipes/food/views/pomegranate-gelato-235772
Global House Salad,
Mixed Berry Tiramisu,
Ratatouille Parcels,
French-Hungarian Salad,
Double Nutty Toast,https://www.epicurious.com/recipes/food/views/double-nutty-toast-366829
Italian-Style Baked Haddock,
Honeyed Peach Tartlets,
Grilled Corn on the Cob with Jalapeño-Lime Butter,
Past Derby Winner,https://www.epicurious.com/recipes/food/views/past-derby-winner-51233860
4-3-2-1 Spice Rub,
Wild Rice and Roasted Vegetable Salad with Sherry-Thyme Vinaigrette,
Eggplant Spread,
"Breakfast Taco Hobo Packs With Black Beans, Zucchini, and Corn",
White Bean and Radish Salad,https://www.epicurious.com/recipes/food/views/white-bean-and-radish-salad-51160660
Bacon and Buttermilk Mashed Potatoes,
"Watercress, Endive, and Orange Salad",
"Salmon, Goat Cheese, and Leek Tart",
Spiced Shallots and Prunes,
Maple-Glazed Roast Turkey with Mixed-Herb Gravy,
"Fettuccine with Shiitakes, Peas and Prosciutto",
Sausage Shepherd's Pie with Sweet Potatoes and Squash,
Beef and Orange Salad with Red Onion Mustard Vinaigrette,
Chicken and Pork Stew with Plantains and Potatoes,
Glazed Carrots with Molasses and Marjoram,
Panfried Red Snapper with Chipotle Butter,
Curried Chicken Salad with Spiced Chickpeas and Raita,
Peanut Butter Chocolate Ripple Ice Cream,
Port-Basted Roast Turkey with Pan Gravy,
Orange-Glazed Game Hens,https://www.epicurious.com/recipes/food/views/orange-glazed-game-hens-1437
Pear Pie with Maple and Ginger,
Pan-Seared Sea Bass with Beet Sauce and Beet Greens,
Warm Potato Salad with Watercress,
Tequila-Glazed Chicken with Jalapeño,https://www.epicurious.com/recipes/food/views/tequila-glazed-chicken-with-jalapeno-239067
Plum and Mascarpone Pie,https://www.epicurious.com/recipes/food/views/plum-and-mascarpone-pie-51108270
Thanksgiving Stuffed Onions,
Black Bean Soup with Cumin and Cilantro,
Arugula Salad with Oranges and Caramelized Fennel,
"Melon, Basil, and Feta Salad With Balsamic–Red Wine Reduction",https://www.epicurious.com/recipes/food/views/melon-basil-and-feta-salad-with-balsamicred-wine-reduction
Balsamic Blueberries and Peaches,
Honey-Roasted Carrots with Tahini Yogurt,
Grilled Halibut with Chimichurri,
Nectarine and Almond Crisp,
Dick Clark's Seared Tuna Pizza,
"Stuffed Turkey Breast With Butternut Squash, Kale, and Sausage",
Roast Pork with Cabbage and Caraway,
"Crispy Spring Rolls with Spicy Tofu, Vegetables, and Toasted Nuts",
Grilled Spiced Lamb Chops with Cucumber-Mint Sauce,
Baby Greens with Warm Goat Cheese,
Chinese Style Steamed Fish,
Stir-Fried Noodles with Singapore Lamb Curry,
Curried Turkey and Mango Salad,
Grilled Steak Salad with Tomato Vinaigrette,
Celery Bisque with Stilton Toasts,
Fresh Boysenberries with Black-Currant-Tea Crème Anglaise,
Cannellini Beans with Garlic and Sage,
Shrimp Provençale,
Orange Coeurs à la Crème with Strawberry Raspberry Sauce,
Cilantro-Lime Crab Salad in Avocado Halves,https://www.epicurious.com/recipes/food/views/cilantro-lime-crab-salad-in-avocado-halves-103245
Pear and Cranberry Granita,
Blueberry Crumble Pie,https://www.epicurious.com/recipes/food/views/blueberry-crumble-pie-366429
Quick Oat Bran and Banana Muffins,
Lemon-Pistachio Tart,
Roasted Potato Wedges with Cilantro-Lime Mayonnaise,https://www.epicurious.com/recipes/food/views/roasted-potato-wedges-with-cilantro-lime-mayonnaise-352775
Mozzarella in Carrozza with Anchovy Sauce,https://www.epicurious.com/recipes/food/views/mozzarella-in-carrozza-with-anchovy-sauce-351131
Roasted Pears with Hazelnut Syrup and Candied Hazelnuts,
"Honey ""Tree Bark"" Biscuits",https://www.epicurious.com/recipes/food/views/honey-tree-bark-biscuits-243193
Sliced Chicken Salad with Chili-Ginger Vinaigrette,
Chocolate Swirl Tiramisu,
Sloe Gin,
Green Chili Hash Browns,
Cider-Brined-and-Glazed Turkey,
Annabel's Baby Back Ribs,
Mushroom-Thyme Pot Pies,https://www.epicurious.com/recipes/food/views/mushroom-thyme-pot-pies
Pimm's Royale Punch,https://www.epicurious.com/recipes/food/views/pimms-royale-punch-56389839
Curried Smoked Turkey and Fruit Salad,
Strawberries With Balsamic Toffee,https://www.epicurious.com/recipes/food/views/strawberries-with-balsamic-toffee
Coffee-Spice Shortbread with Crystallized Ginger,https://www.epicurious.com/recipes/food/views/coffee-spice-shortbread-with-crystallized-ginger-362592
Mini Corn Dogs,
Swedish Lamb Stew with Dill Sauce,
Wild and Brown Rice Pilaf with Cranberries,
"Rice, Pineapple and Chicken Salad",
Butcher's Salad with Sauce Ravigote,
Brown Sugar-Chipotle Salmon with Honey-Berry Glaze,https://www.epicurious.com/recipes/food/views/brown-sugar-chipotle-salmon-with-honey-berry-glaze-231282
Chocolate Mousse Cake with Cinnamon Cream,
Melted Swiss Cheese with Vegetables,
Spicy Beef Curry,
Gyoza (Japanese Dumplings),
Herb Green Beans with Feta,https://www.epicurious.com/recipes/food/views/herb-green-beans-with-feta-51178900
Cranberry Applesauce,
Cucumber and Tomato Salad with Buttermilk Dressing,
Strawberry Rhubarb Cobbler with Cornmeal Biscuit Topping,
The Original Three-Ingredient Rub,https://www.epicurious.com/recipes/food/views/the-original-three-ingredient-rub-353270
Yellow Pepper and Corn Salad With Turmeric Dressing,https://www.epicurious.com/recipes/food/views/yellow-pepper-and-corn-salad-with-turmeric-dressing
Scalloped Potatoes and Parsnips,
Blueberry-Lemon Sauce,
Strawberry Sundaes with Prosecco Sabayon,https://www.epicurious.com/recipes/food/views/strawberry-sundaes-with-prosecco-sabayon-242720
Chocolate Sour Cream Frosting,
Red Cabbage and Carrot Slaw,
Grilled Chicken Breasts with Spicy Yellow Pepper Purée,
"Smoked Salmon, Fennel and Goat Cheese Toasts",
Curried Squash,
Sweet Stuffed Capon,https://www.epicurious.com/recipes/food/views/sweet-stuffed-capon-104677
Roasted Cod on Saffron Mashed Potatoes,
Soba With Green Chile Pesto,https://www.epicurious.com/recipes/food/views/soba-noodles-with-green-chile-pesto
Strawberry Prosecco Soup,https://www.epicurious.com/recipes/food/views/strawberry-prosecco-soup-235493
Vermont Cheddar Cheese and Herbed Twists,
Creamy Cilantro-Lime Slaw,
Rum-Raisin Apple Cake,
Cranberry-Cheese Danish,https://www.epicurious.com/recipes/food/views/cranberry-cheese-danish-236493
Banana Bread Pudding with Rum Sauce,
Praying Mantis,https://www.epicurious.com/recipes/food/views/praying-mantis-200263
Mincemeat Muffins,
Doubles,
Mango-Filled Cream Puffs with Spiced Mango-Mojito Sauce,https://www.epicurious.com/recipes/food/views/mango-filled-cream-puffs-with-spiced-mango-mojito-sauce-234820
Oven-Roasted Dungeness Crab,https://www.epicurious.com/recipes/food/views/oven-roasted-dungeness-crab-231591
Spiced Venison Steaks with Red-Cabbage Confit and Red-Wine Sauce,https://www.epicurious.com/recipes/food/views/spiced-venison-steaks-with-red-cabbage-confit-and-red-wine-sauce-13198
Chipotle-Lime Salt,https://www.epicurious.com/recipes/food/views/chipotle-lime-salt-51179410
Mojo Criollo,https://www.epicurious.com/recipes/food/views/mojo-criollo
Veal Sauté with Caramelized Shallots,
Grilled Nectarines with Honey-Balsamic Glaze,https://www.epicurious.com/recipes/food/views/grilled-nectarines-with-honey-balsamic-glaze-106651
Citrus Terrine with Candied Grapefruit Strips,
Citron Martini with Black Sambuca,https://www.epicurious.com/recipes/food/views/citron-martini-with-black-sambuca-201084
Eggplant and Veal Pastitsio,
Cherry-Almond Focaccia,https://www.epicurious.com/recipes/food/views/cherry-almond-focaccia-395051
Butter-Roasted Turkey Breasts,https://www.epicurious.com/recipes/food/views/butter-roasted-turkey-breasts-51198510
Black Forest Torte,https://www.epicurious.com/recipes/food/views/black-forest-torte-233418
Pineapple-Marinated Salmon with Asian Cabbage Salad,
Quick Baked Chicken Parmesan,
Roast Pork Shoulder with Star Anise and Soy Sauce,https://www.epicurious.com/recipes/food/views/roast-pork-shoulder-with-star-anise-and-soy-sauce-56389900
Serrano Ham and Swiss Cheese Frittata,https://www.epicurious.com/recipes/food/views/serrano-ham-and-swiss-cheese-frittata-104355
Greek Lamb Brochettes with Cucumber and Tomato Tzatziki,
Roasted Beer and Lime Cauliflower Tacos with Cilantro Coleslaw,https://www.epicurious.com/recipes/food/views/roasted-beer-and-lime-cauliflower-tacos-with-cilantro-coleslaw-51253830
Caramel Apple Pastis,
Indonesian Fried Noodles,
Roasted Squash with Mint and Toasted Pumpkin Seeds,
"Fish Steaks Braised with Bell Peppers, Olives, and Lemons",https://www.epicurious.com/recipes/food/views/fish-steaks-braised-with-bell-peppers-olives-and-lemons-241116
Pear and Cranberry Cobbler with Citrus-Infused Custard Sauce,
Baked-Potato Buttermilk Biscuits,
Spicy Chicken Peperonata with Lime and Mint Dressing,
"Baked Apples Stuffed with Honey, Almonds, and Ginger",
Shrimp with Romesco Sauce,
The Great Onion Soup,
Ranchero Beef Stew,
Eggs Carbonara with Basil and Parmesan,
Cod with Mediterranean Salsa,
Muhammara,https://www.epicurious.com/recipes/food/views/muhammara
Saffron Rice Pilaf,
Seafood Risotto,
Seared Scallops with Tomato Beurre Blanc,
"Brochettes of Melon, Prosciutto, and Fresh Mozzarella",https://www.epicurious.com/recipes/food/views/brochettes-of-melon-prosciutto-and-fresh-mozzarella-108428
Brown Butter-Polenta Cake with Maple Caramel,https://www.epicurious.com/recipes/food/views/brown-butter-polenta-cake-with-maple-caramel-51210510
Diane's Six-Spice Oatmeal Raisin Cookies,
Lamb Chops on Spiced Tomatoes and Onions,
Goat Cheese with Chipotle and Roasted Red Pepper,https://www.epicurious.com/recipes/food/views/goat-cheese-with-chipotle-and-roasted-red-pepper-364031
Anything Goes Donabe,
Lamb Stew with Turkish Flavors,
Sweet Blini,
Chive Shortcakes with Smoky Corn and Okra Stew,https://www.epicurious.com/recipes/food/views/chive-shortcakes-with-smoky-corn-and-okra-stew-354520
Arugula-Chicory Salad with Pine Nuts and Goat-Cheese Toasts,https://www.epicurious.com/recipes/food/views/arugula-chicory-salad-with-pine-nuts-and-goat-cheese-toasts-103543
Corny Polenta with Watercress and Gorgonzola Salsa,
Puffed Rice and Coconut Crunchies,https://www.epicurious.com/recipes/food/views/puffed-rice-and-coconut-crunchies
Brined and Roasted Rosemary-Chile Almonds,https://www.epicurious.com/recipes/food/views/brined-and-roasted-rosemary-chile-almonds-51252840
Zucchini in Tomato Sauce,
Hot-and-Sour Peanutty Noodles with Bok Choy,
"Pizza with Sausage, Sauerkraut and Swiss Cheese",
Oatmeal Coconut Raspberry Bars,
Ravioli with Herbed Walnut Sauce,
Creamy Southwestern Potato Salad,
Parmesan Sage Polenta Sticks,
Ginger Champagne Cocktail,
Grilled Chicken Thighs,
Boiled Carrots with Prepared Horseradish,
Golden Scalloped Potatoes,
Rosemary Trout with Cherry-Tomato Sauce,https://www.epicurious.com/recipes/food/views/rosemary-trout-with-cherry-tomato-sauce-353413
Pineapple-Jalapeño Relish,
"Vegetable, Bean and Pasta Soup",
Asparagus Wrapped in Serrano Ham,
Shredded Pork with Garlic Sauce,
Classic Champagne Cocktail,
Wilted Mustard Greens,
Three Berry Butter Cake,
Warm Baked Apples with Cranberry-Caramel Sauce,https://www.epicurious.com/recipes/food/views/warm-baked-apples-with-cranberry-caramel-sauce-360532
Roasted Balsamic Red Onions,
Tomato-Water Bloody Mary,
Linguine with Shrimp and Plum Tomatoes,
Pop's No-Cook Barbecue Sauce,
Sardine Toasts With Tomato Mayonnaise and Fennel,https://www.epicurious.com/recipes/food/views/sardine-toasts-with-tomato-mayonnaise-and-fennel
Beer-Braised Hot Dogs with Braised Sauerkraut,https://www.epicurious.com/recipes/food/views/beer-braised-hot-dogs-with-braised-sauerkraut-353818
Cargamanto and Green-Bean Salad with Chimichurri Dressing,https://www.epicurious.com/recipes/food/views/cargamanto-and-green-bean-salad-with-chimichurri-dressing-239692
Soy-Pickled Jalapeños,
Creamy Forest Mushroom Soup,
Skillet-Toasted Quinoa,https://www.epicurious.com/recipes/food/views/skillet-toasted-quinoa-56389936
Chocolate-Glazed Chocolate Pear Torte,
Whole Wheat Pancake and Waffle Mix,https://www.epicurious.com/recipes/food/views/whole-wheat-pancake-and-waffle-mix-56389938
Mashed Potatoes with Parsnips and Carrots,
Chipotle-Honey–Glazed Chicken Wings with Toasted Sesame Seeds and Green Onion,https://www.epicurious.com/recipes/food/views/chipotle-honey-glazed-chicken-wings-with-toasted-sesame-seeds-and-green-onion-363309
Spinach Gnocchi Gratin,
Emerald Isle,https://www.epicurious.com/recipes/food/views/emerald-isle
Mashed Potatoes with Cilantro and Roasted Chilies,
Red-Wine-Braised Oxtails,
Platter of Roasted Shellfish with Trio of Sauces,
Mustard-Seed-Crusted Prime Rib Roast with Roasted Balsamic Onions,
Katniss's Favorite Lamb Stew with Dried Plums,https://www.epicurious.com/recipes/food/views/katnisss-favorite-lamb-stew-with-dried-plums-395189
Spiced Carrot and Zucchini Quinoa,
Cranberry Cinnamon Clafoutis,
Damson Tartlets,https://www.epicurious.com/recipes/food/views/damson-tartlets-240164
Bacon and Blue Cheese Salad with Caesar Dressing,
Spiced Ginger Tea,
Almond-Lemon Torte with Fresh Strawberries,
Egg Drop Soup with Fresh Spinach,
Grasshopper Hot Chocolate,
Sweet Potato Purée with Brown Sugar and Sherry,
Chicken and Mushroom Enchiladas,
Ricotta Gnocchi with Leeks and Fava Beans,
"Roasted Tomatoes with Anchovies, Garlic and Parsley",
Spicy Baked Shrimp,
Buck's Fizz II,https://www.epicurious.com/recipes/food/views/bucks-fizz-ii-102793
Skirt Steak with Mushrooms and Chipotle Aïoli,
Grilled Pork Tenderloin and Belgian Endive and Tomato Chile Jam,
Ham and Sweet Potato Hash with Fried Eggs,
"Grilled Bread Topped with Arugula, Goat Cheese, Olives and Onions",
Veal with Eggplant and Prosciutto,
Spiced Pumpkin Cheesecake with Caramel-Bourbon Sauce,
Kale Sandwiches with Avocado,https://www.epicurious.com/recipes/food/views/kale-sandwiches-with-avocado-51170610
Wild Blueberry Pie with Almond Crumble Topping,
Chocolate-Dipped Dates Stuffed with Spiced Nuts,https://www.epicurious.com/recipes/food/views/chocolate-dipped-dates-stuffed-with-spiced-nuts-361689
"Cumin Seed Roasted Cauliflower with Salted Yogurt, Mint, and Pomegranate Seeds",
Peach Soup,
Pineapple-Coconut Napoleons with Mascarpone Cream and Pineapple Syrup,https://www.epicurious.com/recipes/food/views/pineapple-coconut-napoleons-with-mascarpone-cream-and-pineapple-syrup-4244
Charred Corn Husk Oil Dressing,https://www.epicurious.com/recipes/food/views/charred-corn-husk-oil-dressing-51179010
Lime and Chile Sauce,
Fresh Pineapple and Rum Punch,
Almond and Jam Tart,
Grilled Sweetbreads,
Baked Parsnip Fries with Rosemary,https://www.epicurious.com/recipes/food/views/baked-parsnip-fries-with-rosemary-394689
Carrot Purée,
Parmesan Potato-Stuffed Roasted Onions,https://www.epicurious.com/recipes/food/views/parmesan-potato-stuffed-roasted-onions-14270
Green Garlic and Pea Soup with Whipped Cream,https://www.epicurious.com/recipes/food/views/green-garlic-and-pea-soup-with-whipped-cream-51231720
Green Pico de Gallo,https://www.epicurious.com/recipes/food/views/green-pico-de-gallo-salsa
"Sweet Potatoes, Apples, and Braising Greens",https://www.epicurious.com/recipes/food/views/sweet-potatoes-apples-and-braising-greens-240487
Pollyanna,
Vietnamese Chicken Salad,
Black Bean Mussels,https://www.epicurious.com/recipes/food/views/black-bean-mussels-232780
"Cucumber, Sweet Onion, and Mint with Curried Mayonnaise on Peasant Bread",https://www.epicurious.com/recipes/food/views/cucumber-sweet-onion-and-mint-with-curried-mayonnaise-on-peasant-bread-10476
Buttermilk-Blue Cheese Dip,https://www.epicurious.com/recipes/food/views/buttermilk-blue-cheese-dip-388711
Edamame Ice Cream,
Herbed Goat Cheese Toasts,
New England Sausage Stuffing with Maple Corn Bread,
Barley-Stuffed Peppers,https://www.epicurious.com/recipes/food/views/barley-stuffed-peppers-56390145
Dirty Fried Rice,
Chicken Salad with Grapes and Walnuts,
Bourbon-Glazed Baby Back Ribs,
Grapefruit-Campari Granita with Vanilla Whipped Cream,https://www.epicurious.com/recipes/food/views/grapefruit-campari-granita-with-vanilla-whipped-cream-357517
Spiced Turkey Breast with Red Cabbage Slaw,
Roasted Cauliflower and Radicchio Salad,
Ricotta Pantesca,
Korean-Style Grilled Beef Short Ribs and Scallions,
Herbed Penne and Cucumber Salad,
Sun-Dried Tomato Vinaigrette,
Ayran,https://www.epicurious.com/recipes/food/views/ayran-201053
Grilled Chili-Rubbed Lamb Chops,
Lychee Compote with Raspberries and Champagne Gelée,https://www.epicurious.com/recipes/food/views/lychee-compote-with-raspberries-and-champagne-gelee-103856
Orecchiette with Broccoli Rabe,
Pear Clafoutis,
"Salmon Papillotes with Fennel, Potatoes, and Olives",
Chicken with Ginger-Cilantro Pesto,
Maple-Glazed Tofu with Spaghetti Squash,
Caramelized Onion and Goat Cheese Tarts,
Citrus Collards with Raisins Redux,
Cowboy Christmas Breakfast,
Skillet Corn Cake With Stewed Cherries,
"Orzo with Feta, Green Beans, and Tomatoes",
Split-Pea Soup with Chorizo,
"Handmade Pasta with Pancetta, Cherry Tomatoes, and Herbs",
Amaro-Spiked Mocha With Caramelized Brioche,https://www.epicurious.com/recipes/food/views/amaro-spiked-mocha-with-caramelized-brioche
Mushroom Crepes with Poblano Chile Sauce,
Tuscan Oven Grains and Greens,https://www.epicurious.com/recipes/food/views/tuscan-oven-grains-and-greens-107346
Seafood Stew,
"Egg, Kale, and Tomato Breakfast Wraps with Hummus",https://www.epicurious.com/recipes/food/views/egg-kale-and-tomato-breakfast-wraps-with-hummus-51213010
"""La Brea Tar Pit"" Chicken Wings",
Spicy Avocado-Stuffed Eggs,
Fully Salted Roast Chicken,
Pumpkin Tart with Anise-Seed Crust,https://www.epicurious.com/recipes/food/views/pumpkin-tart-with-anise-seed-crust-350585
Mango and Red Onion Salsa,
Peanut and Scallion Relish,https://www.epicurious.com/recipes/food/views/peanut-and-scallion-relish-51224040
Individual Walnut Cake with Yogurt,
White Chocolate and Lemon Wedding Cake,
Pear and Raisin Mince Pie with Lattice Crust,
Roast Chicken with Dried Fruit and Almonds,
Chicken and Root Vegetable Stew,
Sweet-Potato and Parsnip Purée,
Maple Sweet Potato Bread,
Green Bean and Roasted Tomato Salad,
Roquefort Mayonnaise,
Fruit Gratin with Calvados and Mascarpone,https://www.epicurious.com/recipes/food/views/fruit-gratin-with-calvados-and-mascarpone-107382
"Steamed Whole Fish with Ginger, Scallions, and Soy",
Orange Rum Rickey,
Grilled Salmon with Basil and Mint,
Dominican Sancocho,
Mexican Chocolate and Almond Cake,
Banana-Orange Smoothie,
Honeydew and Cantaloupe Mousse,https://www.epicurious.com/recipes/food/views/honeydew-and-cantaloupe-mousse-12351
"Sausage, Apple and Rye-Bread Stuffing",
"Skillet Roast Chicken with Fennel, Parsnips, and Scallions",
Grilled Lobster Salad with Avocado and Papaya,https://www.epicurious.com/recipes/food/views/grilled-lobster-salad-with-avocado-and-papaya-5476
Peach Chutney,
After Dinner,
Black Pepper and Sour Cream Pastry Dough,
Porcini-Crusted Filet Mignon with Fresh Herb Butter,https://www.epicurious.com/recipes/food/views/porcini-crusted-filet-mignon-with-fresh-herb-butter-238284
Arugula and Spinach Salad with Prosciutto and Creamy Mango Dressing,https://www.epicurious.com/recipes/food/views/arugula-and-spinach-salad-with-prosciutto-and-creamy-mango-dressing-238302
Pasta with Three Cheeses Brown,
Maple Blueberry Parfait,https://www.epicurious.com/recipes/food/views/maple-blueberry-parfait-354199
Roast Prime Ribs of Beef with Pink and Green Peppercorn Crust and Red-Wine Pan Sauce,
Greek Marinated Fried Chicken - Kotopoulo Tiganito Marinato,https://www.epicurious.com/recipes/food/views/greek-marinated-fried-chicken-kotopoulo-tiganito-marinato-358293
"Spinach, Pear and Green Bean Salad with Riesling Dressing",
"Halibut with Roasted Beets, Beet Greens, and Dill-Orange Gremolata",
"Millet Burgers with Olives, Sun-Dried Tomatoes, and Pecorino",https://www.epicurious.com/recipes/food/views/millet-burgers-with-olives-sun-dried-tomatoes-and-pecorino-51118800
Toasted Coconut Crêpe Cups with Pineapple à la Mode,
"Marshmallow Semifreddo with Hazelnuts, Dried Apricots, and Chocolate",https://www.epicurious.com/recipes/food/views/marshmallow-semifreddo-with-hazelnuts-dried-apricots-and-chocolate-358531
"Chicken Stir-fry with Yams, Red Cabbage, and Hoisin",
"Grilled Veal with Pancetta, Fava Beans and Pearl Onions",https://www.epicurious.com/recipes/food/views/grilled-veal-with-pancetta-fava-beans-and-pearl-onions-207
"Baked Snapper with Harissa, New Potatoes, and Spring Onions",https://www.epicurious.com/recipes/food/views/baked-snapper-with-harissa-new-potatoes-and-spring-onions-56389529
Mussels on the Half Shell with Pesto,
Spinach and Garlic Dip with Pita Triangles and Vegetables,https://www.epicurious.com/recipes/food/views/spinach-and-garlic-dip-with-pita-triangles-and-vegetables-4317
Protein Bars,
Cornish Hens with Roasted-Garlic Aïoli,
Strawberry Cup,
Mai Tai,https://www.epicurious.com/recipes/food/views/ba-syn-mai-tai
Pasta alla Norma,https://www.epicurious.com/recipes/food/views/ba-syn-pasta-alla-norma-recipe
Day-After Turkey Stock,
Candied-Fruit Pastry Cream,
Red Quinoa with Pistachios,
Squash and Root Vegetable Slaw,
Whole Wheat-Crusted Chicken Breast Cutlets,
Tomato Olive Caper Compote,https://www.epicurious.com/recipes/food/views/tomato-olive-caper-compote-56389886
Moroccan Chickpea Soup,
Vanilla Cream and Glaze,
Grilled Green Bean Salad with Red Onions and Tomatoes,
Orange Aperol Sun,https://www.epicurious.com/recipes/food/views/orange-aperol-sun-351541
BLT Chicken with Rosemary-Lemon Mayonnaise,https://www.epicurious.com/recipes/food/views/blt-chicken-with-rosemary-lemon-mayonnaise-242483
Traditional Crab Cakes '21' Club,
Fennel-Rubbed Chick-etta,https://www.epicurious.com/recipes/food/views/fennel-rubbed-chick-etta
"Roasted New Potatoes with Red Onion, Garlic, and Pancetta",https://www.epicurious.com/recipes/food/views/roasted-new-potatoes-with-red-onion-garlic-and-pancetta-361812
Ginger Cheesecake with Sour Cherry Compote,
Red Mullet Fillets with Haricots Verts and Dried Apricots,https://www.epicurious.com/recipes/food/views/red-mullet-fillets-with-haricots-verts-and-dried-apricots-243619
"Udon Noodles with Chicken, Shellfish, and Vegetables",
Cauliflower Soup with Thyme Croutons,
Cherry Compote,
Raita Refresher,
Spaghetti With Ramps,https://www.epicurious.com/recipes/food/views/spaghetti-with-ramps
Cheese-Stuffed Potatoes with Yogurt-Spice Paste and Sesame Seed Crust,
Seared Peppered Scallops with Orange-Soy Glaze,
Watermelon and Feta with Lime and Serrano Chili Peppers,
Chicken Breasts with Chive and Mustard Sauce,
Baked Bass with Fennel,
Braised Short Ribs,
Braised Beef with Pears and Fresh Ginger,https://www.epicurious.com/recipes/food/views/braised-beef-with-pears-and-fresh-ginger-354859
Parmesan-Blue Cheese Toasts with Green Onions,https://www.epicurious.com/recipes/food/views/parmesan-blue-cheese-toasts-with-green-onions-108797
Chestnut Pancakes with Bacon and Crème Fraîche,
Mixed Greens with Raspberry Vinaigrette,
Roasted Sweet Potatoes with Five-Spice Butter,
Artichoke and Fennel Salad,
Mushroom Risotto,
Beans with Kale and Portuguese Sausage,https://www.epicurious.com/recipes/food/views/beans-with-kale-and-portuguese-sausage-51175110
Roasted Red Pepper Grits,
Lo Mein with Beef,
Grilled Artichokes with Artichoke-Mint Dip,
Wild Mushroom Soup with Spinach and Ginger Broth,
Cucumber and Celery Salad with Yogurt,
Rhubarb Sponge Pudding,
Chicken Chili Verde,
Ham Steak on Creamed Spinach,https://www.epicurious.com/recipes/food/views/ham-steak-on-creamed-spinach-1553
Cranberry-Walnut Pumpkin Bread,
Grilled Bread with Olive Oil,https://www.epicurious.com/recipes/food/views/grilled-bread-with-olive-oil-2216
Pistachio Shortbread,
Sustina Sour,https://www.epicurious.com/recipes/food/views/sustina-sour-51209620
Light Mediterranean Salad with Lamb Chops,https://www.epicurious.com/recipes/food/views/light-mediterranean-salad-with-lamb-chops-242446
Prosciutto and Fig Panini,
Ricotta Gnocchi with Mushrooms and Marjoram,
Portuguese Clams with Linguiça and Tomatoes,https://www.epicurious.com/recipes/food/views/portuguese-clams-with-linguica-and-tomatoes-109788
"Layered Potato, Onion and Celery Root Casserole",
All-Year Blueberry Corn Muffins,
Dr. Lee's Mocha Meringue,https://www.epicurious.com/recipes/food/views/dr-lees-mocha-meringue-357049
Cranberry and Tart-Cherry Compote,
"Pinto Bean, Sausage, and Fennel Gratin",
Mixed Greens with Goat Cheese and Candied Almonds,https://www.epicurious.com/recipes/food/views/mixed-greens-with-goat-cheese-and-candied-almonds-104191
Roasted Baby Potatoes with Thyme and Rosemary,https://www.epicurious.com/recipes/food/views/roasted-baby-potatoes-with-thyme-and-rosemary-237107
Chicken Milanesa With Maggi Ranch Sauce,
Raspberry Corn Muffins,
Roasted Baby Beets and Arugula Salad with Lemon Gorgonzola Vinaigrette,https://www.epicurious.com/recipes/food/views/roasted-baby-beets-and-arugula-salad-with-lemon-gorgonzola-vinaigrette-234415
Osso Buco-style Halibut and Whipped Potatoes with Herbs,
"Fettuccine with Cherry Tomatoes, Goat Cheese, and Herbs",https://www.epicurious.com/recipes/food/views/fettuccine-with-cherry-tomatoes-goat-cheese-and-herbs-12316
Havana Moon Chili,
Salmon Cakes with Garlic-Spinach Sauté,
Honey and Vinegar-Braised Short Ribs with Spinach,
Skillet Poached Eggs with Prosciutto,
Strawberry and Chocolate Baked Alaska,
Cranberry Vinaigrette,
Blueberry-Beet Smoothie with Coconut Water,https://www.epicurious.com/recipes/food/views/blueberry-beet-smoothie-with-coconut-water-51257820
Pasta Rustica with Smoked Mozzarella,https://www.epicurious.com/recipes/food/views/pasta-rustica-with-smoked-mozzarella-109162
Chinese-Flavored Fried Chicken with Green Onion-Ginger Dipping Sauce,
"Bay Scallops with Polenta, Wild Mushrooms, Sherry, and Parsley Bread Crumbs",
Grilled Swordfish with Rosemary-White Wine Sauce,
"Chocolate, Pistachio, and Tahini Truffles",https://www.epicurious.com/recipes/food/views/dark-chocolate-tahini-truffles
Salad of Fresh Herbs and Greens with Fried Eggplant,
Whole Corn on the Grill,
Shrimp and Crab Cannelloni,
Smoky Red-Lentil Soup with Cheddar Toasts,
Pickled Peppers and Onions,
A Hollywood Ham,https://www.epicurious.com/recipes/food/views/a-hollywood-ham-482
Mussels on the Half Shell with Ravigote Sauce,
Thai Shrimp Soup with Lemon and Jalapenos,
"Seafood, Avocado and Hearts of Palm Salad",https://www.epicurious.com/recipes/food/views/seafood-avocado-and-hearts-of-palm-salad-1170
Caribbean Rice and Beans,
Sausage Rolls,
"Clams with Chorizo, Peppers, and Potatoes",
Tri-Tip Roast with Sun-Dried Tomato and Roasted-Pepper Relish,https://www.epicurious.com/recipes/food/views/tri-tip-roast-with-sun-dried-tomato-and-roasted-pepper-relish-350251
Borracho Beans,
Chocolate Chestnut Ice Cream,
Spiced Shrimp Soup,
Lobster Salad with Lemon Verbena Dressing,
Beef Barley Soup with Wild Mushrooms and Parsnips,
Baked Salmon with Cranberry-Thyme Crust,
Mike Romanoff,
"Rice Salad with Arugula, Pine Nuts and Olives",
Spinach and Feta Turnovers,
Ecuadoran Tamarillo Salsa,https://www.epicurious.com/recipes/food/views/ecuadoran-tamarillo-salsa-239968
Tropical Fruit and Rum Punch,
Frisée Salad with Goat Cheese Croques-Monsieurs,https://www.epicurious.com/recipes/food/views/frisee-salad-with-goat-cheese-croques-monsieurs-10703
Sweet Potato and Apricot Purée with Pecan Streusel,
Raisin and Cardamom Granola Bars,
Spoon Bread,
Edamame Guacamole,
Super-Rich Virginia Crab Cakes,
Crab-and-Pork Spring Rolls,
Honey Vanilla Rice-Pudding Crème Brûlée,
Brussels Sprouts with Shallots and Salt Pork,https://www.epicurious.com/recipes/food/views/brussels-sprouts-with-shallots-and-salt-pork-51124240
Cheesecake Fruit Tart,
Peach-Berry Upside-Down Crisp,
Chicken and Bell Pepper Pizza with Barbecue Sauce,
Apple-Sausage Stuffing,
Broiled Swordfish à la Niçoise,
Chicken with Creamy Mushroom Sauce,
Spiced Chickpea Sauce,
Tropical Fruit Salsa with Jalapeño and Bell Peppers,
Beet and Tangerine Salad with Cranberry Dressing,https://www.epicurious.com/recipes/food/views/beet-and-tangerine-salad-with-cranberry-dressing-362269
Asian Spinach Salad with Orange and Avocado,
Carla's Tomato Soup,https://www.epicurious.com/recipes/food/views/carlas-tomato-soup
Peaches with Lemon Verbena Cream,https://www.epicurious.com/recipes/food/views/peaches-with-lemon-verbena-cream-51170250
Whiskey Sour,
Grilled Crab Burgers,
Salami Rosemary Bread,
Spicy Salmon with Tomatoes and Star Anise,
Witches' Brew,
Lime Cilantro Sweet Potatoes,
Mussels with Garlic and Fines Herbes,
Honey-Glazed Oven-Roasted Sweet Potato Wedges,
"Southwest Chicken Salad with Rice, Corn, and Chilies",
Zucchini Noodles with Anchovy Butter,
Lamb Kofte with Garlic Yogurt Sauce,
Roasted Veg With Nutritional Yeast,https://www.epicurious.com/recipes/food/views/roasted-veg-with-nutritional-yeast
Spiced Pear Upside-Down Cake,https://www.epicurious.com/recipes/food/views/spiced-pear-upside-down-cake-56390111
Chicken with Tarragon Cream Sauce,
Ramen with Smoked Turkey Broth,https://www.epicurious.com/recipes/food/views/ramen-with-smoked-turkey-broth-56389976
"Honeydew, Cucumber, and Mint Soda",https://www.epicurious.com/recipes/food/views/honeydew-cucumber-and-mint-soda
"Green Bean, Spinach, and Beet Salad",
Coconut Snowballs with Mocha Sauce,
Cassoulet in the Style of Toulouse (Cassoulet de Toulouse),https://www.epicurious.com/recipes/food/views/cassoulet-in-the-style-of-toulouse-cassoulet-de-toulouse
Raspberry Orange Margaritas,
"Medicine Lodge Filet Mignon ""Fricassée""",https://www.epicurious.com/recipes/food/views/medicine-lodge-filet-mignon-fricassee-232427
Rhubarb Raspberry Meringue Cake,
Spicy Stir-Fried Brown Rice with Broccolini and Scallops,https://www.epicurious.com/recipes/food/views/spicy-stir-fried-brown-rice-with-broccolini-and-scallops-231593
Coconut Milk Custard With Strawberry-Rhubarb Compote,
Zinfandel-Glazed Shallots,
Jersey Cakes,
Butternut Squash and Ginger Relish,
Peach Prosecco,
"Fruit Salad with Fennel, Watercress, and Smoked Salt",https://www.epicurious.com/recipes/food/views/fruit-salad-with-fennel-watercress-and-smoked-salt-56389670
Buttermilk Green Goddess Dressing,https://www.epicurious.com/recipes/food/views/buttermilk-green-goddess-dressing-395031
Classic Lemon Cheesecake,
Chicken Soup with Stars and Meatballs,
Café con Leche and Chocolate Cheesecake,https://www.epicurious.com/recipes/food/views/cafe-con-leche-and-chocolate-cheesecake-1894
Miso Carbonara with Broccoli Rabe and Red-Pepper Flakes,
"Shiitake, Beef, and Barley Soup",
Pork Tonkatsu with Watermelon-Tomato Salad,
Orange-Scented Chocolate Almond Cake Kirkgaard,https://www.epicurious.com/recipes/food/views/orange-scented-chocolate-almond-cake-kirkgaard-13256
Lamb Chops and Spinach and Turnip Purée,
Chocolate-Bourbon Tart with Currants and Orange Custard Sauce,
"Peanut Butter, Chocolate and Banana FroYo",https://www.epicurious.com/recipes/food/views/peanut-butter-chocolate-and-banana-froyo-51104870
Grilled Vegetable Salad,
Feta Cumin Corn Bread,
Mango Crème Brûlée,
Chocolate Hazelnut Crinkle Cookies,
"""Carbonnade à la Flamande"" Short Ribs",https://www.epicurious.com/recipes/food/views/-carbonnade-a-la-flamande-short-ribs-358557
Lefse,https://www.epicurious.com/recipes/food/views/lefse-51259350
Marbled Sweet-Potato Cheesecake,
Tomatillo-Avocado Salsa with Tortilla Chips,
Cabernet-Cranberry Sauce with Figs,
Eggplant Tartines with Hummus and Arugula,
Butternut Squash and Sage Soup with Sage Breadcrumbs,
Fruit and Nut Chocolate Chunks,
Winter Pudding,
Butternut Squash with Pumpkin-Seed Pesto,
Gouda and Red Salad Pizza,
"Mâche, Parmesan, Pear, and Walnut Salad",
"Grilled, Korean-Style Steaks with Spicy Cilantro Sauce",
Roast Rack of Lamb with Mint Sauce,
Pork Cassoulet with Pork Confit and Winter Tomato Sauce,
Almond-Plum Buckle,
Osso Buco Milanese,https://www.epicurious.com/recipes/food/views/osso-buco-milanese-51194610
"Rice, Raisin, and Herb Pilaf",
Almond and Chocolate Dacquoise with Cranberry Sauce,
Avocado Ice,
Strawberry Lemonade,
Scandinavian Shrimp Salad with Dill and Cornichons,
Caramelized Figs with Raspberry Coulis and Yogurt,
Perfect No-Cook Strawberry Ice Cream,
Roasted Red Pepper Soup with Orange Cream,
Summer Smoothie,
Pan-Roasted Sizzling Shrimp,
"Pasta with Eggplant, Capers, and Olives",
Roasted Poussins with Fennel,
Twice-Baked Potatoes with Corned Beef and Cabbage,
"Celery Root, Gruyère, and Apple Slaw with Horseradish",https://www.epicurious.com/recipes/food/views/celery-root-gruyere-and-apple-slaw-with-horseradish-13093
Rice Pudding with Cream Sherry,
Fried Chinese Five-Spice Chicken Wings,
Chocolate Orange Crème Brûlée,
Smoked Scotch Eggs,https://www.epicurious.com/recipes/food/views/smoked-scotch-eggs-395691
Pesto Oil,
Roast Squabs with Porcini and Country Bread Salad,https://www.epicurious.com/recipes/food/views/roast-squabs-with-porcini-and-country-bread-salad-105606
Chicken and Vegetable Pot Pies with Cream Cheese Crust,
Brussel Leaf and Baby Spinach Sauté,
Minted Spring Vegetables,
Niçoise Tuna Salad Wrap,
Polenta with Bacon and Sage,
Trout with Cucumber and Sour Cream,
Cavatappi with Butternut Squash,
Bean & 'Bello Burger,
Orange and Endive Salad with Maple Chipotle Vinaigrette,https://www.epicurious.com/recipes/food/views/orange-and-endive-salad-with-maple-chipotle-vinaigrette-233965
Pickled Sweet and Sour Red Cabbage,
Cheddar Chutney Toasts,
Matzo Crumble,https://www.epicurious.com/recipes/food/views/matzo-crumble
Grilled Steak Panzanella Salad With Tomato Vinaigrette,
Quinoa with Mango and Curried Yogurt,
Pumpkin Cheesecake with Marshmallow-Sour Cream Topping and Gingersnap Crust,https://www.epicurious.com/recipes/food/views/pumpkin-cheesecake-with-marshmallow-sour-cream-topping-and-gingersnap-crust-350478
Grilled Halibut with Lemongrass Tomato Sauce,
"Curried Chicken, Green Bean and Almond Salad",
Creamed Oysters on Toasted Corn Bread,
Grilled New Orleans-Style Shrimp,
Ricotta Gnudi with Wild Mushroom and Truffle Sauce,https://www.epicurious.com/recipes/food/views/ricotta-gnudi-with-wild-mushroom-and-truffle-sauce-236878
Sherry-Soaked Almond Cake with Mixed Berries,
Blueberry and Cinnamon Breakfast Oaty Muffins,
Radish Yogurt With Pine Nuts,
Victor's Parmesan and Olive Oil Crostino,
Grilled Pineapple with Butter-Rum Glaze and Vanilla Mascarpone,
Semolina Gnocchi with Oxtail Ragù,
Pot-Au-Feu,
Blood Orange and Mixed Bean Salad With Sprouts,https://www.epicurious.com/recipes/food/views/blood-orange-and-mixed-bean-salad-with-sprouts
Spicy Corn Chowder,
Bistro Steak with Buttermilk Onion Rings,https://www.epicurious.com/recipes/food/views/bistro-steak-with-buttermilk-onion-rings-51223910
Coconut-Lime Bars with Hazelnut Shortbread Crust,https://www.epicurious.com/recipes/food/views/coconut-lime-bars-with-hazelnut-shortbread-crust-353820
Orange-Ginger Charoset,
Lemon Pine Nut Tagliatelle,https://www.epicurious.com/recipes/food/views/lemon-pine-nut-tagliatelle-103809
Japanese-Style Quick-Pickled Slaw,
Croque Madame With Cranberry-Mustard Relish,https://www.epicurious.com/recipes/food/views/croque-madame-with-cranberry-mustard-relish
White Chocolate Toasted Almond Semifreddo,
Feta-Stuffed Rack of Lamb with Pumpkin-Seed Crust and Chipotle Sauce,https://www.epicurious.com/recipes/food/views/feta-stuffed-rack-of-lamb-with-pumpkin-seed-crust-and-chipotle-sauce-5700
Mustard-Roasted Chicken Legs on Arugula,
Orange Vanilla Shakes,
Turkey and Broiled Vegetable Salad,
Mama Voula's Spanakopita,https://www.epicurious.com/recipes/food/views/mama-voulas-spanakopita-354989
Pork Chops with Vinegar Peppers,
Linguine with Salmon and Mushrooms,
Flying Scotsman,https://www.epicurious.com/recipes/food/views/flying-scotsman-200195
Maiden's Blush No.ii,https://www.epicurious.com/recipes/food/views/maidens-blush-no-ii-200154
Spicy Savoy Slaw,
"Grilled Vegetable Salad with Greens, Tomatoes, Herbs, Olives and Cheese",
Green Salad with Oil and Vinegar Dressing (Salade Verte à la Vinaigrette),
Wisconsin Mac and Cheese,
Spicy Beef and Sweet-Potato Stir-Fry,
"Rigatoni with Tomato, Basil, and Mushroom Sauce",
Roasted Carrot and Tomato Soup with Basil,
Seared Sweet Potatoes with Sausage and Radicchio,https://www.epicurious.com/recipes/food/views/seared-sweet-potatoes-with-sausage-and-radicchio-51260650
3-Ingredient Cinnamon-Sugar Twists,https://www.epicurious.com/recipes/food/views/3-ingredient-cinnamon-sugar-twists
"Goodnight, Irene Cocktail",https://www.epicurious.com/recipes/food/views/goodnight-irene-cocktail-56389754
Honey Nut Squares,
Curried Chicken and Vegetable Salad Mintz,
Blueberry Bishop,
Chicken and Chickpea Stew,
"Grilled Portobello Mushrooms, Sweet Peppers and Onions",
Shrimp and Mango Salad with Glass Noodles,
Red Bell Pepper and Coriander Pancakes with Smoked Salmon,
Grilled Marinated Vegetables with Fresh Mozzarella,
Fresh Tomato Gazpacho,
Spicy Pork and Cashew Stir-Fry with Snow Peas and Red Pepper,
Fig-Sesame Jam,
Smoked Salmon Bruschetta with Tomato-Avocado Salsa,
Grilled Mustard Chicken with Green Bean Coleslaw,https://www.epicurious.com/recipes/food/views/grilled-mustard-chicken-with-green-bean-coleslaw-359270
"Grilled Open-Faced Vegetable, Pesto, and Mozzarella Sandwiches",
Plum Freezer Jam With Cardamom and Ginger,https://www.epicurious.com/recipes/food/views/plum-freezer-jam-with-cardamom-and-ginger-56390136
Grilled Chicken Drummettes with Ancho-Cherry Barbecue Sauce,
Braised Chicken with Artichokes and Peas,https://www.epicurious.com/recipes/food/views/braised-chicken-with-artichokes-and-peas-236937
Curry Mayonnaise,
"Calabaza, Corn, and Coconut Soup",
Hoisin Pork Tenderloin with Asian Carrot Salad,https://www.epicurious.com/recipes/food/views/hoisin-pork-tenderloin-with-asian-carrot-salad-353416
Pickup,https://www.epicurious.com/recipes/food/views/pickup-200448
Nectarine Blueberry Cobbler,
"Duck Stuffed with Chicken Liver, Candied Orange, and Pears",
Southeast Asian Squash Curry,
Roasted-Tomato Sauce,
Mahi-Mahi Ceviche with Jalapenos and Coconut,https://www.epicurious.com/recipes/food/views/mahi-mahi-ceviche-with-jalapenos-and-coconut-108022
Old-Fashioned Crawfish Boil,
Grilled Swordfish with Pineapple Plantain Chutney,
Collard Greens Miniera,
Marjoram Vinaigrette,https://www.epicurious.com/recipes/food/views/marjoram-vinaigrette-243026
Ricotta Spinach Pie,
"Arugula Salad with Chanterelles, Pears, Parmesan, and Cider Vinaigrette",
Winter Vegetable and Bean Soup with Pesto,
Butter Cake,
Mexican Ceviche Tacos,
Pureed Broccoli and Roasted Garlic Canapes,
Triple Seafood Chowder with Dill,https://www.epicurious.com/recipes/food/views/triple-seafood-chowder-with-dill-4968
Linguine with Broccoli Rabe and Lemon,
Sour Cream-Strawberry Surprise,
Stuffed Trout,https://www.epicurious.com/recipes/food/views/stuffed-trout-355895
Candied Grapefruit Zest,
Bacon Swiss Burgers with Tomato and Avocado,https://www.epicurious.com/recipes/food/views/bacon-swiss-burgers-with-tomato-and-avocado-350990
Tuna Burgers Niçoise,
Braised Truffled Turkey,
Pork Chops in Beer Teriyaki Marinade,
Rice Pudding with Cranberry Walnut Sauce,
Duck with Wild Mushrooms and Fig Sauce,
Apple and Maple Bread Pudding,https://www.epicurious.com/recipes/food/views/apple-and-maple-bread-pudding-356873
Herb and Lemon Goat Cheese Spread,
Spaghetti with Chorizo and Almonds,
Picadillo,
Strawberry Lemonade Smash,https://www.epicurious.com/recipes/food/views/strawberry-lemonade-smash-51155530
"Italian Sausage with Fennel, Peppers, and Onions",
Southsides Cocktail II,
Jalapeño Corn Bread,
Fig and Rum Squares,
Jalapeño Corn Muffins with Red Bell Pepper,
Buckwheat Crêpes With Creamy Leeks and Baked Eggs,
Braised Pork Loin with Prunes,
Jerusalem Artichoke and Lima Bean Sauté,
Upside-Down Pear Gingerbread Cake,
Mussels with Garam Masala,
Shrimp Olivier,
Chilled Avocado Soup with Shrimp and Chives,
Fried Shrimp with Peanut Sauce,
Mini Lobster Rolls,
Duck-Fried Rice,
Flattened Pork Chops with Greens and Mustard Pan Sauce,
Broiled Shrimp Appetizer,
Hurricane Bananas,
Red Bell Pepper Corn Bread,https://www.epicurious.com/recipes/food/views/red-bell-pepper-corn-bread-122
Chickpea Slather,
Elk,
"Baked Ziti with Mushrooms, Peppers, and Parmesan",
Coconut Flans with Coffee Caramel,
Pecan Anadama Muffins,
Creole Chicken and Okra Gumbo,
Double-Dark Chicken Noodle Soup,
Leland Palmer,https://www.epicurious.com/recipes/food/views/leland-palmer-359413
Sea Bass and Tomato Ceviche,https://www.epicurious.com/recipes/food/views/sea-bass-and-tomato-ceviche-56389553
Roasted Tomatoes,
Arrabbiata Sauce,
Crispy Cornmeal-Bacon Waffles,https://www.epicurious.com/recipes/food/views/crispy-cornmeal-bacon-waffles-109154
Ginger-Spice Cookies,
"Tomato, Bulgur and Shrimp Salad",
Prosciutto-Stuffed Chicken with Mushroom Sauce,https://www.epicurious.com/recipes/food/views/prosciutto-stuffed-chicken-with-mushroom-sauce-51122430
Walnut Cake with Sauteed Pears and Cinnamon Cream,
Black-Eyed Pea Fritters with Hot Pepper Sauce,
Indonesian Spiced Rice,
Shrimp Skewers with Charred-Tomato Vinaigrette,
"Pasta Salad with Garbanzo Beans, Tomatoes and Feta Cheese",
Ham Steaks With Curry Sauce (Jambon Le Tout Paris),https://www.epicurious.com/recipes/food/views/ham-steaks-with-curry-sauce-jambon-le-tout-paris
Twice-Baked Potatoes with Goat Cheese and Chives,
Lobster with Roasted Garlic-Potato Salad and Coleslaw,
Building Blocks for Self Recipes,
Strawberry Daiquiri,
Chicken Piccata,https://www.epicurious.com/recipes/food/views/quick-chicken-piccata
Lemon Meringue Custards,
Green Chile Mushroom Salsa Butter,
Cherry Tortoni,
Lemon Aïoli,
BA's Ultimate Lobster Rolls,
Lemon Custards with Lemon Verbena,
Red-Onion Mojo,
Broccoli Sautéed in Wine and Garlic (Broccoli al Frascati),
Cold Poached Salmon with Fennel Relish,
Curried Lentil Stew with Ginger Yogurt,
"Potato, Artichoke and Feta Cheese Latkes",
Steamed Asparagus with Ginger Garlic Sauce,
Almond Pancakes with Sour Cherry Syrup,
Lemon Macaroon Pie,
"Buckwheat Galettes with Salmon, Capers, and Dill",https://www.epicurious.com/recipes/food/views/buckwheat-galettes-with-salmon-capers-and-dill-357254
Breaded Chicken Cutlets (aka Grandma Jody's Chicken),https://www.epicurious.com/recipes/food/views/breaded-chicken-cutlets-aka-grandma-jodys-chicken-51114400
Provolone Toasts,
Gingerbread Layer Cake with Cream Cheese Frosting and Candied Pistachios,
Leek and Cod Soup,
"Shrimp, Cucumber, and Mango Salad",
Cardamom Yogurt Pudding with Orange and Cinnamon Honey Syrup,
Sloeberry,
Roast Parsnips,
Twice-Baked Cheddar Cheese Souffles,
Pea Salad with Radishes and Feta Cheese,
Pork Medallions with Chili-Maple Sauce,https://www.epicurious.com/recipes/food/views/pork-medallions-with-chili-maple-sauce-237902
White Bean Salad,
Herb-Crusted Rack of Lamb,https://www.epicurious.com/recipes/food/views/rack-of-lamb-with-garlic-and-herbs-1222178
Haricots Verts and Carrots with Mustard and Chervil,https://www.epicurious.com/recipes/food/views/haricots-verts-and-carrots-with-mustard-and-chervil-106001
Mushroom Strudel,
Salmon Cannelloni with Lemon Cream Sauce,
Blue Cheese Bread,
Coffee Cream,
Caramel Nut Tart,https://www.epicurious.com/recipes/food/views/caramel-nut-tart-15701
Muenster Cheese Soufflé with Red Bell Pepper and Tomato Salad,https://www.epicurious.com/recipes/food/views/muenster-cheese-souffle-with-red-bell-pepper-and-tomato-salad-234121
Pineapple-Caramel Flan,https://www.epicurious.com/recipes/food/views/pineapple-caramel-flan-103939
Breakfast Empañadas,
Montmartre,
Raspberry Almond Lattice Tart,
Penang Fried Rice Noodles,
Poached Pears in Red Wine with Anise and Lemon,
Soy-Marinated Chicken Breast with Watercress-Pasta Salad and Mango-Lime Purée,
Baby Zucchini and Patty Pan Squash Sauteed in Herb Butter,
Broccoli and Cherry Tomato Salad,
Mediterranean Chickpea Latkes,https://www.epicurious.com/recipes/food/views/mediterranean-chickpea-latkes-106007
Cardamom-Almond Custard,
Chicken Sausage with Cabbage and Onion,
Soft-Shell Crabs with Wilted Spinach and Warm Tomato-Basil Vinaigrette,https://www.epicurious.com/recipes/food/views/soft-shell-crabs-with-wilted-spinach-and-warm-tomato-basil-vinaigrette-101649
Curried Pumpkin Breads,
Grilled Tandoori-Style Chicken and Mangoes with Mango Jasmine Rice,https://www.epicurious.com/recipes/food/views/grilled-tandoori-style-chicken-and-mangoes-with-mango-jasmine-rice-238223
Pea Pesto,
Maple-Glazed Sour Cream Doughnuts with Sugared-Walnut Streusel,
"Ciabatta Pizza with Gorgonzola, Walnut Pesto, and Pears",
Lime Daiquiri with Apricot Brandy,
Passion Fruit Mousses with Raspberry Swirl,
Italian Kale Caesar Salad,
Cranberry and Dried-Cherry Relish,
Fruited Chili Sauce,
"""Candy Corn"" Frozen Citrus Cream Pops",
Braised Baby Artichokes and Shallots,https://www.epicurious.com/recipes/food/views/braised-baby-artichokes-and-shallots-101529
Wildflower-Honey Semifreddo with Honey Sesame Wafers,https://www.epicurious.com/recipes/food/views/wildflower-honey-semifreddo-with-honey-sesame-wafers-232643
Broiled Spiced Lamb with Gingered Mint Pesto,
Carrot Pudding,
Mulled Wine Melange,
Herbed Olive Oil,
Spiced Two-Grain Pancakes,
"Radish, Mushroom, and Endive Salad",
Pan-Seared Salmon Over Red Cabbage and Onions with Merlot Gastrique,
Oatmeal Cookies with Dried Cherries,
Apple Pandowdy,
Blue Cheese with Rosemary Honey on Crackers,https://www.epicurious.com/recipes/food/views/blue-cheese-with-rosemary-honey-on-crackers-350621
Ginger & Hoisin Duck with Glass Noodles,https://www.epicurious.com/recipes/food/views/ginger-hoisin-duck-with-glass-noodles-365310
"Asparagus, Prosciutto, and Goat Cheese Galettes",
Autumn Gin Sour,
White Chocolate Tiramisu Trifle With Spiced Pears,https://www.epicurious.com/recipes/food/views/white-chocolate-tiramisu-trifle-with-spiced-pears-240701
Thyme-Roasted Chicken Breast with Morel-Madeira Gravy,https://www.epicurious.com/recipes/food/views/thyme-roasted-chicken-breast-with-morel-madeira-gravy-1678
Stanley,
"101 ""Whaler"" Fish Sandwich",
Chocolate Curls,
Cheese Bread Zuder,https://www.epicurious.com/recipes/food/views/cheese-bread-zuder-10537
Lemon-Vodka Cherry Tomatoes with Dill,
Lamb Chops with Poached Quince and Balsamic Pan Sauce,
Mint Julep Pineapple,
Potato Gratin with Bacon and Thyme,
"Grape Leaves Stuffed with Prosciutto, Dried Fruit, and Herbed Rice",https://www.epicurious.com/recipes/food/views/grape-leaves-stuffed-with-prosciutto-dried-fruit-and-herbed-rice-100729
Slow-Roasted Pork with Lime Mojo,
Lemon-Spice Bread Pudding with Sauteed Peaches,
Crown of Shrimp with Truffle Sauce,
Chicken Tamales with Tomatillo-Cilantro Sauce,
Spiced Black Bean Burgers,
John Dory with Fried Fennel and Anchovy Butter Sauce,https://www.epicurious.com/recipes/food/views/john-dory-with-fried-fennel-and-anchovy-butter-sauce-5318
"Chicken, Shrimp and Sausage Stew",
Carrot and Potato Purée,
Chilean Country Ribs,
Coconut Lime Mussels,
Cherry Clafouti,
Baked Corn with Thyme,
Lemon Caramel Custard,
"Tuna, White Bean, and Roasted Pepper Salad with Cream Dijon Dressing",https://www.epicurious.com/recipes/food/views/tuna-white-bean-and-roasted-pepper-salad-with-cream-dijon-dressing-104808
"Cherry Tomato, Ricotta, and Olive Galettes",
"Sweet Potato, Apple, and Sage Spoon Bread",
Mussels with Saffron Cream,
Endive and Watercress Salad with Mustard Seed Vinaigrette,
Cheese-Stuffed Poblanos with Tomato Sauce,
Deviled Eggs with Curry,
Cranberry Punch,
"Penne with Turkey, Sausage, Spinach, and Nutmeg",https://www.epicurious.com/recipes/food/views/penne-with-turkey-sausage-spinach-and-nutmeg-240681
Parsnip and Hazelnut Gratin with Bacon,
Watercress Salad with Green Goddess Dressing,
Anasazi Butternut Squash Soup with Chorizo and Pepitas,
Newish Jewish — Southwestern Tsimmes Stuffed in Chilies,
Corn Soup with Sautéed Scallops and Bacon,
Tarocco Spritz,https://www.epicurious.com/recipes/food/views/tarocco-spritz
Super Succotash,
Honeydew-Kiwi Smoothie,https://www.epicurious.com/recipes/food/views/honeydew-kiwi-smoothie-359490
Thai Shrimp Halibut Curry,
Peach Tarte Tatin,https://www.epicurious.com/recipes/food/views/ba-syn-simple-peach-tarte-tatin
"Honey, Anise and Almond Biscotti",
Roasted Red Peppers and Cherry Tomatoes With Ricotta,https://www.epicurious.com/recipes/food/views/roasted-red-peppers-and-cherry-tomatoes-with-ricotta
Spiced Peppers and Eggplant,
Sweet Peach Tea,
Yellow Salad with Citrus-Date Vinaigrette,https://www.epicurious.com/recipes/food/views/yellow-salad-with-citrus-date-vinaigrette-56389539
"Greek-Style Penne with Lamb, Parsnips, Tomatoes, and Cinnamon",https://www.epicurious.com/recipes/food/views/greek-style-penne-with-lamb-parsnips-tomatoes-and-cinnamon-355774
Pork Shoulder Al'Diavolo,https://www.epicurious.com/recipes/food/views/pork-shoulder-aldiavolo-51205450
Sole Amandine with Shredded Brussels Sprouts,
"Charcoal-Grilled Corn with Cream, Cheese, and Chile",
Buttermilk Cake with Lemon-and Thyme-Glazed Pear Compote and Greek Yogurt Ice Cream,https://www.epicurious.com/recipes/food/views/buttermilk-cake-with-lemon-and-thyme-glazed-pear-compote-and-greek-yogurt-ice-cream-354933
"Baked Rigatoni with Ham, Tomatoes and Feta Cheese",
"Oatmeal, Pecan, and Date Sticky Biscuits",
Amaretto Chocolate Pudding,
Saffron-Scented Couscous with Pine Nuts,https://www.epicurious.com/recipes/food/views/saffron-scented-couscous-with-pine-nuts-352045
"Apple, Walnut and Currant Strudel",
Herb-Crusted Flank Steak with Cherry Tomatoes and Olives,
Enlightened Traditional Coleslaw,
Egg and Avocado Breakfast Sandwich,
"Linguine with Broccoli, Pine Nuts, and Red Pepper Flakes",
Creamy Shrimp Grits with Prosciutto,
"Arctic Char with Horseradish Cream, Sweet-and-Sour Beets, and Dandelion Greens",
Strawberries with Cassis,
Frisée Salad with Poached Eggs,
Chocolate Chip Apricot Bars,
Poached Salmon with Tarragon Sauce and Fingerling Potatoes,
Parsnip and Carrot Chips,
Pancetta-Wrapped Chicken with Cabbage,https://www.epicurious.com/recipes/food/views/pancetta-wrapped-chicken-with-cabbage-738
Pan-Roasted Pork Chops with Cranberries and Red Swiss Chard,https://www.epicurious.com/recipes/food/views/pan-roasted-pork-chops-with-cranberries-and-red-swiss-chard-105723
Sweet Potato with Toasted Coconut,
Stuffed Marinated Portabella Mushrooms,
Orange and Radish Salad,
Pisto Manchego,
Litchi Five-Spice Ice Cream,https://www.epicurious.com/recipes/food/views/litchi-five-spice-ice-cream-14122
Custom-Made Ice Cream Sandwich,
Sea Scallop Brochettes with Orange-Saffron Aïoli,https://www.epicurious.com/recipes/food/views/sea-scallop-brochettes-with-orange-saffron-aioli-236769
Lowfat Turkey Stroganoff,
Apple and Parsnip Soup with Coriander,
Frozen Mint Lemonade,
Couscous à la Greque,
"Risotto with Artichoke Hearts, Prosciutto, and Red Bell Pepper",https://www.epicurious.com/recipes/food/views/risotto-with-artichoke-hearts-prosciutto-and-red-bell-pepper-11311
Angel-Hair Pasta with Sauteed Squid,
Quick Ginger Beer,
Dutch Chocolate-Mint Truffles,
Honey Lemon Buttermilk Dressing,
Tangerine Souffles,
Braised-Lamb Shank Shepherd's Pie with Creamed Spinach,https://www.epicurious.com/recipes/food/views/braised-lamb-shank-shepherds-pie-with-creamed-spinach-104641
Microwave Chicken Piccata,
Creamy Coleslaw,
Spring Rolls,
Pan-Grilled Lamb with Walnut-Mint Pesto,https://www.epicurious.com/recipes/food/views/pan-grilled-lamb-with-walnut-mint-pesto-238511
Fresh Peach Fizz with Mint,
Smoked Swordfish Tostaditas,https://www.epicurious.com/recipes/food/views/smoked-swordfish-tostaditas-51264480
Chocolate Cream Cheese Cupcakes,
Quick-Pickled Shrimp,https://www.epicurious.com/recipes/food/views/quick-pickled-shrimp-51160640
Spicy Chopped Eggplant and Mushrooms in Lettuce Packages,
Vietnamese-Style Beef Salad,
Chicken Sauté with Olives and Plum Tomatoes,
Coriander-Crusted Scallops with Chive Potato Hash and Sweet Corn Sauce,
Mom's Gazpacho,
Pasta and Lamb Casserole (Pastitsio),
Broiled Salmon With Scallions and Sesame,
"Sliced Melon with Serrano Ham, Marcona Almonds, and Basil Oil",
Mixed Greens with Sheep's-Milk Cheese and Honey Vinaigrette,https://www.epicurious.com/recipes/food/views/mixed-greens-with-sheeps-milk-cheese-and-honey-vinaigrette-236189
White Chocolate Praline Ice Cream Terrine with Blackberry-Raspberry Sauce,https://www.epicurious.com/recipes/food/views/white-chocolate-praline-ice-cream-terrine-with-blackberry-raspberry-sauce-231325
Savory Lentil and Squash Soup,
Vanilla Ice Cream Base,
Fried Quesadillas with Two Fillings,
Orange-Balsamic Dressing,
Red Pepper and Dill Corn Bread,
Garlic Croutes,
Chicken and Caraway Schnitzel with Buttermilk Spaetzle,
Pumpkin Pie–Spice Whipped Cream,
"Green Salad with Goat Cheese, Artichoke Hearts and Migas",
Parmesan-Crusted Chicken and Asparagus with Sauce Maltaise,
Oysters Rockefeller,https://www.epicurious.com/recipes/food/views/oysters-rockefeller-231165
"Poached Chicken with Tomatoes, Olives, and Green Beans",https://www.epicurious.com/recipes/food/views/poached-chicken-with-tomatoes-olives-and-green-beans-109737
Holiday Salad,
Fresh-from-the-Garden Tomato Aspic,
Ham and Succotash Stew with Cheddar Biscuits,
Confetti Vegetable Slaw,
Braised Chicken with White Asparagus and Morel Sauté with Crème Fraîche,https://www.epicurious.com/recipes/food/views/braised-chicken-with-white-asparagus-and-morel-saute-with-creme-fraiche-234427
Chicken with Mustard and Tarragon Cream Sauce,
Dark Chocolate Avocado Brownies,https://www.epicurious.com/recipes/food/views/dark-chocolate-avocado-brownies-56389787
Spinach-Garlic Yogurt,https://www.epicurious.com/recipes/food/views/spinach-garlic-yogurt-51169100
Shredded Cabbage Salad With Pomegranate and Tomatoes,
Star Anise and Coriander Spice Cake,
Middle Eastern Sesame Lamb Meatballs with Minted Yogurt Dip,
Best-Ever BLT Wrap,
Corn Bisque with Red Bell Pepper and Rosemary,
Provencal Goat Cheese and Herb Soufflé,https://www.epicurious.com/recipes/food/views/provencal-goat-cheese-and-herb-souffle-103224
Walnut-Orange Tart,
Pan-Fried Hawaiian Pizza,
Haitian Coleslaw,
Marinated Baby Artichokes with Hot Pepper,https://www.epicurious.com/recipes/food/views/marinated-baby-artichokes-with-hot-pepper-51253220
Lemon-Ginger Chicken with Roasted Root Vegetables,
Pumpkin Cider Bread,
Cranberry Cassis Chocolate Sauce,
Pecan Tart,
Curried Cauliflower Apple Soup,
"Fish Fillets with Tomatoes, Squash, and Basil",
Sliced Tomato Salad,
Asparagus Lemon Pasta,
"Cornbread, Sausage, and Fennel Dressing",https://www.epicurious.com/recipes/food/views/cornbread-sausage-and-fennel-dressing-51256710
Raspberry Cheesecake Brownies,
Cornmeal-Crusted Soft-Shelled Crabs with Cilantro-Lime Tartar Sauce,https://www.epicurious.com/recipes/food/views/cornmeal-crusted-soft-shelled-crabs-with-cilantro-lime-tartar-sauce-104884
Sesame Noodles with Chili Oil and Scallions,
Deviled Eggs with Capers and Tarragon,
Seafood Catizone,https://www.epicurious.com/recipes/food/views/seafood-catizone-2881
Great One Pot Vegetables,
Maple-Soy-Glazed Mackerel Fillets with Avocado,https://www.epicurious.com/recipes/food/views/maple-soy-glazed-mackerel-fillets-with-avocado-233978
Jam Cake with Caramel Chocolate Ganache,https://www.epicurious.com/recipes/food/views/jam-cake-with-caramel-chocolate-ganache-51111800
Braised Veal Breast with Potato-and-Onion Stuffing,
Lemon-Garlic Baked Shrimp,
Pear Spice Cake with Pecan Praline Topping,
Mediterranean Vegetable-Cheese Pie,
Fettuccine with Shrimp,
Herbed Potato Salad,
Penne with Slow-Roasted Cherry Tomatoes and Goat Cheese,https://www.epicurious.com/recipes/food/views/penne-with-slow-roasted-cherry-tomatoes-and-goat-cheese-107389
"Veal, Wild Mushrooms, and Red Wine",
Cauliflower Steaks with Cauliflower Purée,
Provencal Oven-Roasted Tomato Sauce,https://www.epicurious.com/recipes/food/views/provencal-oven-roasted-tomato-sauce-15235
Peach Lattice Pie With Bourbon Caramel,https://www.epicurious.com/recipes/food/views/peach-lattice-pie-with-bourbon-caramel
Steak and Boursin Sandwiches,https://www.epicurious.com/recipes/food/views/steak-and-boursin-sandwiches-237211
"Fettuccine with Broccoli Rabe, Tomatoes and Ricotta",
"Roasted Beets and Carrots with Cumin Vinaigrette, Chickpea Purée, and Flatbread",https://www.epicurious.com/recipes/food/views/roasted-beets-and-carrots-with-cumin-vinaigrette-chickpea-puree-and-flatbread-236172
Oyster Pan Roast with Pepper Croutons,https://www.epicurious.com/recipes/food/views/oyster-pan-roast-with-pepper-croutons-10945
Greek Salad with Tuna,
Sautéed Greens with Labneh and Pine Nuts,https://www.epicurious.com/recipes/food/views/sauteed-greens-with-labneh-and-pine-nuts-51214420
Scottish Sharp-Cheddar Shortbread,
Green Posole with Cod and Cilantro,
Poached Salmon with Lemon Mayonnaise,
Potato and Kale Cakes with Rouille,https://www.epicurious.com/recipes/food/views/potato-and-kale-cakes-with-rouille-362941
Broiled Salmon Fillet with Mustard Dill Sauce,
Triple-Cranberry Sauce,
Roasted Salt-and Spice-Packed Pork Loin,
Cornmeal Cream Cheese Pancakes with Dried Cranberries and Apricots in Maple Syrup,
Chicken Tagine with Chickpeas and Mint,
Pork Tamale Potpie with Corn Bread Crust,
Pan-Grilled Beer-Marinated Hanger Steak,
Christmas Lane Cake,
Cranberry-Apple Cocktail,
Arepas with Pulled Pork and Pickled Onion,https://www.epicurious.com/recipes/food/views/arepas-with-pulled-pork-and-pickled-onion-108149
Roast Turkey with Herbed Bread Stuffing and Giblet Gravy,
"Raspberry, Strawberry, and Orange Granita",
Fish Soup with Bread and Rouille,
"Herbed Lamb, Tomato, and Zucchini Kebabs",
Roasted Trout with Lentils and Verjus,https://www.epicurious.com/recipes/food/views/roasted-trout-with-lentils-and-verjus-51204630
Canyon Ranch Berry Fruit Crepes,https://www.epicurious.com/recipes/food/views/canyon-ranch-berry-fruit-crepes-230314
Vegetable Stew with Couscous,
Potato-Mushroom Gratin,
Cold Garlic Potato Soup,
Blueberry Soup,
Chocolate-Covered Fruitcake Balls,
Butternut Squash Chowder with Pears and Ginger,
Pickled Shrimp and Vegetables,
Aunt Agatha,https://www.epicurious.com/recipes/food/views/aunt-agatha-200376
Chipotle Onion Dip with Garlic Pita Chips,
Chill Chaser,
Lobster Salad with Spicy Lemon Dressing,
Crab and Egg Maki with Tobiko,
Hazelnut-Apricot Windows,
Cold Cucumber Sauce,
Upstate Chili,https://www.epicurious.com/recipes/food/views/upstate-chili-51201610
Mushroom and Black Bean Burritos,
Chocolate Espresso Spelt Cake,
Peachy Keen Ice Cream,
Gingered Steak and Napa Cabbage Salad,
"Summer Rice Salad with Feta, Citrus, and Mint",
Pressed Coppa Sandwiches with Broccoli Rabe Pesto,https://www.epicurious.com/recipes/food/views/pressed-coppa-sandwiches-with-broccoli-rabe-pesto-51154940
"Roast Duck, Butternut Squash, Cèpes, and Green Beans",https://www.epicurious.com/recipes/food/views/roast-duck-butternut-squash-cepes-and-green-beans-361329
Persian Spice Mix,https://www.epicurious.com/recipes/food/views/persian-spice-mix
Panfried Bean Burritos,
Strawberry and Rhubarb Crumble,
Roasted Strawberry Panna Cotta,
Thai Chicken Salad with Rice Noodles,
Linguine with Mussels and Arugula Cream Sauce,
Potato Rosemary Focaccia,
"Goat Cheese, Sweet Potato, and Crouton Omelets",
Red Wine Barbecue Sauce,
Mushroom Kasha Burgers with Chipotle Mayonnaise,
Lime and Grapefruit Daiquiri Ice Pops,https://www.epicurious.com/recipes/food/views/lime-and-grapefruit-daiquiri-ice-pops-56389732
Dried Cherry-Almond Fruitcake,
Herby Ricotta-Poblano Tacos,https://www.epicurious.com/recipes/food/views/herby-ricotta-poblano-tacos
"Greek Burger with Arugula, Tomatoes, and Feta",https://www.epicurious.com/recipes/food/views/greek-burger-with-arugula-tomatoes-and-feta-241487
"Mixed Leafy Green Soup ""Caldo Verde"" with Chickpeas",https://www.epicurious.com/recipes/food/views/mixed-leafy-green-soup-caldo-verde-with-chickpeas
Chilled Cream of Celery Soup,
Chocolate-Coconut Truffles,
Peanut Butter Crème Brûlée,
Creole Crab Dip,
Summer Rice Salad with Goat Cheese Dressing,https://www.epicurious.com/recipes/food/views/summer-rice-salad-with-goat-cheese-dressing-2348
"Parsley, Celery Leaf, and Jicama Salad",https://www.epicurious.com/recipes/food/views/parsley-celery-leaf-and-jicama-salad-355514
Pear Martini with Lemon and Rosemary,
Honey-Oat Bread,
Strawberry Rhubarb Shortcakes,
Fusilli with Shrimp and Paneed Chicken,
"Fennel, Celery, and Pomegranate Salad",https://www.epicurious.com/recipes/food/views/ba-syn-fennel-celery-and-pomegranate-salad
Smoked Rib-Eye and Goat Cheese Empañadas,https://www.epicurious.com/recipes/food/views/smoked-rib-eye-and-goat-cheese-empanadas-108546
Currant-Lemon Pilaf,
Chipotle Deviled Eggs,
Spiced Kabocha Squash Pie with Pumpkin-Seed Crumble,
Spring Feeling,
Chilled Avocado Cucumber Soup,
"Tsimmes with Beets, Turnips, and Beef",
"Butternut Squash, Turnip, and Green-Bean Quinoa",
Poblano and Mushroom Tacos,
"Chopped Salad with Feta, Olives, and Pita Croutons",
Fresh Country Pork Sausage with Pepper and Sage,
Watermelon Gazpacho with Feta Crema,
Mama Lucia's Chicken Cacciatore,
Chili-Glazed Shrimp with Tomatillo-Cilantro Sauce,
Duck with Honey-Peppercorn Sauce,
Roasted Beet and Goat Cheese Salad,
Gingerbread Cupcakes with Lemon Cream Cheese Frosting,
Lime Curd,
Baked Eggs on Creamed Spinach,
Spicy Hoisin Chicken,
Beef Carpaccio with Orange-Olive Salsa and Shaved Cheese,https://www.epicurious.com/recipes/food/views/beef-carpaccio-with-orange-olive-salsa-and-shaved-cheese-107677
Olive and Mozzarella Orzo,
Chocolatines,
Strawberry and Apricot Linzertorte Hearts,
Moroccan Chicken with Kumquats and Prunes,
Spiced Pear Flatbreads with Goat Cheese and Mustard Cream,https://www.epicurious.com/recipes/food/views/spiced-pear-flatbreads-with-goat-cheese-and-mustard-cream-354834
"Rosemary-Rubbed Side of Salmon with Roasted Potatoes, Parsnips, and Mushrooms",https://www.epicurious.com/recipes/food/views/rosemary-rubbed-side-of-salmon-with-roasted-potatoes-parsnips-and-mushrooms-362532
Watercress and Frisée Salad with Green Apple and Celery Root,https://www.epicurious.com/recipes/food/views/watercress-and-frisee-salad-with-green-apple-and-celery-root-243609
Sorghum-Bourbon Pecan Pie,
Imperial,
Braised Lamb Shanks with Garlic and Rosemary,
"Barley, Fennel, and Beet Salad",https://www.epicurious.com/recipes/food/views/barley-fennel-and-beet-salad-51236490
"Tagliatelle with Chestnuts, Pancetta, and Sage",https://www.epicurious.com/recipes/food/views/tagliatelle-with-chestnuts-pancetta-and-sage-231504
Spicy Glazed Pork Ribs,
Stacked Chicken Enchiladas with Salsa Verde and Cheese,
Blue Cheese Corn Bread,
Spicy Tomato Sauce from Giada de Laurentiis's Everyday Italian,https://www.epicurious.com/recipes/food/views/spicy-tomato-sauce-from-giada-de-laurentiiss-everyday-italian-363324
Rich Turkey Gravy,https://www.epicurious.com/recipes/food/views/best-turkey-gravy
Nectarine and Plum Tartlets,
Beet and Endive Salad,
Panfried Tofu with Romano-Bean and Herb Salad,
"Tomato, Corn, and Avocado Salsa",
Beer-Brined Grilled Pork Chops,
"Black Cod with Swiss Chard, Olives, and Lemon",https://www.epicurious.com/recipes/food/views/black-cod-with-swiss-chard-olives-and-lemon-51141000
Puerto Rican Coconut Eggnog (Coquito),
Russian Walnut-Cherry Latkes with Cherry-Apple Sauce,https://www.epicurious.com/recipes/food/views/russian-walnut-cherry-latkes-with-cherry-apple-sauce-105978
Melon with Coconut Milk,
Broiled Lamb Chops with Mint Chimichurri,
Fresh Corn Quiche,
Leek and Ginger Matzo Balls in Lemongrass Consommé,https://www.epicurious.com/recipes/food/views/leek-and-ginger-matzo-balls-in-lemongrass-consomme-358215
Mint-Truffle Ice Cream Terrine with Mint and Chocolate Sauces,https://www.epicurious.com/recipes/food/views/mint-truffle-ice-cream-terrine-with-mint-and-chocolate-sauces-231857
Baked Flaxseed Crab Cakes,https://www.epicurious.com/recipes/food/views/baked-flaxseed-crab-cakes
Artichokes with Bagna Cauda,
Na'ama's Fattoush,
All American Turkey,
Turkey Shawarma with Tomato Relish and Tahini Sauce,
Tennis Elbow,
Herb Salad with Pickled Red Onion and Preserved Lemon,https://www.epicurious.com/recipes/food/views/herb-salad-with-pickled-red-onion-and-preserved-lemon
Aguachile de Camarón (Shrimp Cooked in Lime and Chile),https://www.epicurious.com/recipes/food/views/aguachile-de-camaron-shrimp-cooked-in-lime-and-chile-51110210
Lamb Chops with Yogurt-Mint Sauce,
Quick Cider-Mulled Wine,https://www.epicurious.com/recipes/food/views/quick-cider-mulled-wine
Thyme Honey Glazed Ham,
Fillet of Beef with Asian Spice Rub,https://www.epicurious.com/recipes/food/views/fillet-of-beef-with-asian-spice-rub-103048
Chorizo and Potato Spanish Tortilla Bites,
Spanish Octopus,
Brazilian Collard Greens,
Southeast Asian Style Turkey Burgers with Pickled Cucumbers,
Grilled Lobster with Creamy Chili Vinaigrette,https://www.epicurious.com/recipes/food/views/grilled-lobster-with-creamy-chili-vinaigrette-103884
Sweet and Sour Crab Salad,
Chicken with Lemon and Spices,
Strawberry BBQ Sauce,https://www.epicurious.com/recipes/food/views/strawberry-bbq-sauce-358990
Hot Spiced Beer,
Balsamic and Fig Caramel Sauce,
Italian Tartar Sauce,
Zesty Halibut in Soy-Ginger Dressing,https://www.epicurious.com/recipes/food/views/zesty-halibut-in-soy-ginger-dressing-51156800
"Stir-Fried Tofu with Mushrooms, Sugar Snap Peas, and Green Onions",
"Grilled Salmon with Tomato, Cucumber and Caper Salsa",
Dominican Beans,
Fig and Pomegranate Tapenade,https://www.epicurious.com/recipes/food/views/fig-and-pomegranate-tapenade-108638
White Chocolate Mousse with Blackberries,
Individual Orange Cranberry Biscuits,https://www.epicurious.com/recipes/food/views/individual-orange-cranberry-biscuits
Tuxedo,
Spicy Chicken and Vegetable Bundles,
"Goat Cheese with Thyme, Peppercorns, and Lemon Oil",https://www.epicurious.com/recipes/food/views/goat-cheese-with-thyme-peppercorns-and-lemon-oil-238765
Maryland Eggnog,
Blackberry and Blueberry–Ginger Yogurt Pots,
Our Favorite French Onion Soup,
Mixed Greens with Goat Cheese Crostini,
Grilled Wild Salmon With Garlic Scape Pesto and Summer Squash,
Beef Tartare with Cherry Peppers,https://www.epicurious.com/recipes/food/views/beef-tartare-with-cherry-peppers-51223010
Five-Minute Spiced Orange Marmalade,
Summer Melon with Fig and Proscuitto Fruit Cup,https://www.epicurious.com/recipes/food/views/summer-melon-with-fig-and-proscuitto-fruit-cup-363410
Goulash Soup,
Roast Beef Tenderloin with Port Sauce,
Whole-Wheat Walnut Popovers,
Linguine with Mussels and Fresh Herbs,
Hollandaise,
Corpse Reviver,
Steamed Sea Bass with Ginger and Shiitakes,
Grilled Chicken Tacos,
Hunan Lamb Chops,https://www.epicurious.com/recipes/food/views/hunan-lamb-chops-109701
Dry Bronx,
Chick-Pea Walnut Burgers,
Provencal Fish Soup with Saffron Rouille,https://www.epicurious.com/recipes/food/views/provencal-fish-soup-with-saffron-rouille-241735
Pan-Roasted Sea Bass with Lemon Fennel Oil,
"Celery Root and Potato Puree with Roasted Jerusalem Artichoke ""Croutons""",https://www.epicurious.com/recipes/food/views/celery-root-and-potato-puree-with-roasted-jerusalem-artichoke-croutons-361250
Grilled Eggplant Parmesan,
Cranberry and Orange Thyme Sorbet,
White Beans with Lemon and Dill,
Aunt Holly's Banana Bread,
Braised Meatballs in Red-Wine Gravy,
Farro and Pine Nut Tabbouleh,
Beth's Taco Dip,
Niçoise Orzo Salad,
Baby Carrot Confit with Orange Juice and Cumin,https://www.epicurious.com/recipes/food/views/baby-carrot-confit-with-orange-juice-and-cumin-242121
Honey-and-Spice Cranberry Sauce,
Lamb Khorma,https://www.epicurious.com/recipes/food/views/lamb-khorma-357130
Habanero Tomato Salsa,
"Steak, Tomato, and Okra Kebabs",
Garlic-and-Rosemary Grilled Chicken with Scallions,https://www.epicurious.com/recipes/food/views/garlic-and-rosemary-grilled-chicken-with-scallions-51241910
Brown Sugar Buttercream,
Tilapia Piccata with Snap Peas,https://www.epicurious.com/recipes/food/views/tilapia-piccata-with-snap-peas-365832
Potato Pancakes,
Seafood Cannelloni,
Halibut with Herb Sauce,
Oysters with Finger Lime and Ginger Mignonette,https://www.epicurious.com/recipes/food/views/oysters-with-finger-lime-and-ginger-mignonette-56389895
Mushroom Goat Cheese Pan Sauce,https://www.epicurious.com/recipes/food/views/mushroom-goat-cheese-pan-sauce-358341
Boccie Ball,
"Mussels with Leeks, Saffron and Cream",
Upside-Down Honey Cheesecakes,
Basic Green Chile,
Spinach-Wrapped Flounder and Warm Lentil Salad with Cucumber Yogurt Sauce,
Mexican Chocolate Ice Cream Cake with Orange Meringue,https://www.epicurious.com/recipes/food/views/mexican-chocolate-ice-cream-cake-with-orange-meringue-360257
Whole Roasted Cauliflower with Olive Oil and Capers,
Grilled Bell Peppers with Criolla Sauce,https://www.epicurious.com/recipes/food/views/grilled-bell-peppers-with-criolla-sauce-106581
Sweet-Potato-Pecan Pie,
Penne Without the Vodka,https://www.epicurious.com/recipes/food/views/penne-without-the-vodka
Javanese Chicken Curry,
California Walnut Pie with Orange and Cinnamon,
Turkey Sausage and Peppers,
Vegetable Kimchi,
Chicken Tagine with Apricots and Spiced Pine Nuts,
Preserved Meyer Lemons,
Central European Cheese Dumplings,https://www.epicurious.com/recipes/food/views/central-european-cheese-dumplings-233357
"Grapefruit, Ginger, and Star Anise Compote",https://www.epicurious.com/recipes/food/views/grapefruit-ginger-and-star-anise-compote-109155
Toasted-Hazelnut Cake,
Cornmeal Bao With Turkey and Black Pepper Sauce,https://www.epicurious.com/recipes/food/views/cornmeal-bao-with-turkey-and-black-pepper-sauce
Crushed-Mint Lemonade,
Curried Ground Shrimp and Noodles,
Bacon Cheeseburgers for a Crowd,https://www.epicurious.com/recipes/food/views/bacon-cheeseburgers-for-a-crowd-242256
Black-Eyed Pea Curry,
Grilled Veal Chops with Warm Tomato-Olive Vinaigrette,
Veal Meatballs and Baby Carrots in Dilled Cream Sauce,
Stewed Turkey with Herbs and Onions,
Pear Cake with Grappa Sauce,
Apple and Calvados Tart,https://www.epicurious.com/recipes/food/views/apple-and-calvados-tart-107610
Green Vegetable Salad,
Poached Fish with Spinach in Chili-Tomato Sauce,
Oxtail and Lima Bean Stew,
Quick Beef Burgundy,
Pasta e Fagioli With Escarole,https://www.epicurious.com/recipes/food/views/pasta-e-fagioli-with-escarole
Lisu Spice-Rubbed Roast Pork,
Camembert Fondue with Truffle Essence,https://www.epicurious.com/recipes/food/views/camembert-fondue-with-truffle-essence-14917
Chile Relleno Tart,
Chocolate Mint Chip Parfait,
Midori Melon Ice Pops,
Endive and Escarole Salad with Mustard-Orange Vinaigrette,https://www.epicurious.com/recipes/food/views/endive-and-escarole-salad-with-mustard-orange-vinaigrette-350931
Swiss Chard Salsa Verde,https://www.epicurious.com/recipes/food/views/swiss-chard-salsa-verde-51210270
"Coffee, Hazelnut and Raspberry Torte",
Grill-Roasted Clam Linguine,https://www.epicurious.com/recipes/food/views/grill-roasted-clam-linguine-238799
"Penne with Broccoli Rabe, Tomatoes, and Parmesan",
Lavash,https://www.epicurious.com/recipes/food/views/lavash
Beer-Braised Brisket with Onions,
Yukon Gold Potato and Wild Mushroom Gratin,
Date Purée,
Melon with Basil-Lime Granita,
Berry Parfait,
Panfried Chicken Breasts with Oregano Garlic Butter,https://www.epicurious.com/recipes/food/views/panfried-chicken-breasts-with-oregano-garlic-butter-108172
Seafood Stew for Two,https://www.epicurious.com/recipes/food/views/seafood-stew-for-two-56390116
Soy-Lime Dipping Sauce,
Chile-Glazed Salmon with Orange Salsa,
Roasted Beets with Cumin and Mint,
Corned Beef Hash with Fried Eggs,
Orange-Molasses Grilled Chicken,
Lime-and-Cilantro-Stuffed Black Bass,
"Fennel, Cucumber, and Tarragon Salsa",
Welsh Rarebit Fingers,https://www.epicurious.com/recipes/food/views/welsh-rarebit-fingers-4552
Roast Pork Calypso Style,
Sauteed Chicken with Tomato-Saffron Vinaigrette on Frisée,https://www.epicurious.com/recipes/food/views/sauteed-chicken-with-tomato-saffron-vinaigrette-on-frisee-230938
"Roasted Chicken, Ramps, and Potatoes",
Romaine- and Egg-Stuffed Tomatoes with Pancetta,https://www.epicurious.com/recipes/food/views/romaine-and-egg-stuffed-tomatoes-with-pancetta-235770
Fish in Pine Nut Sauce,https://www.epicurious.com/recipes/food/views/fish-in-pine-nut-sauce-354570
"Coconut, Beet, and Ginger Soup",https://www.epicurious.com/recipes/food/views/coconut-beet-and-ginger-soup
Braised Short Ribs with Red Wine and Pureed Vegetables,
Parsnip and Pear Latkes,
Pork Chops Coriander-Cumin Spice Rub,
Roast Turkey with Herb Rub and Shiitake Mushroom Gravy,
Spiced Lemonade,
Whole Wheat Date Rolls,
Horseradish-Crusted Salmon with Beets,
French Toast Santa Fe,
Middle Eastern Grilled Chicken Pita Sandwiches with Yogurt Mint Sauce,https://www.epicurious.com/recipes/food/views/middle-eastern-grilled-chicken-pita-sandwiches-with-yogurt-mint-sauce-12158
Caponata,
"Poached Seckel Pear with Pomegranate, Cabrales Cheese, and Szechuan Pepper Ice Cream",https://www.epicurious.com/recipes/food/views/poached-seckel-pear-with-pomegranate-cabrales-cheese-and-szechuan-pepper-ice-cream-51202610
Strawberry Rhubarb Lemonade,
Smoked Turkey Spring Rolls,
Apple-Walnut Cake,
Chilled Radish Buttermilk Soup,
Tomato-Mushroom Bisque,
Corn Tortillas,
Cinnamon Roulade with Apple Raisin Filling,https://www.epicurious.com/recipes/food/views/cinnamon-roulade-with-apple-raisin-filling-10325
"Cranberry, Tangerine, and Crystallized-Ginger Relish",
"Mexican Poblano, Spinach, and Black Bean ""Lasagne"" with Goat Cheese",
Grilled Fish Tacos,
Crisp Chicken-Fried Steak Strips,
BLT Casserole,
"Skillet Phyllo Pie With Butternut Squash, Kale, and Goat Cheese",
Mi Tierra Biscochitos,https://www.epicurious.com/recipes/food/views/mi-tierra-biscochitos-358297
Pickled Carrot and Romaine Salad,
Veal and Roasted Vegetable Lasagne Anderson,
Coconut Water and Lime Rickey,https://www.epicurious.com/recipes/food/views/coconut-water-and-lime-rickey-56389512
Hazelnut Meringue Kisses,
Chilled Cucumber Avocado Soup,
Caramel Apple Shortcakes,
Schooner Salad,
Blueberry Hand Pies,
Red Snapper à la Niçoise,https://www.epicurious.com/recipes/food/views/red-snapper-a-la-nicoise-101648
Ham Steak with Brown Sugar and Lime Glaze,
Cauliflower Caraway Potato Soup,
Guacamole with Aleppo Pepper,https://www.epicurious.com/recipes/food/views/guacamole-with-aleppo-pepper-51235680
Wine- and Citrus-Poached Pears with Triple-Crème Cheese,https://www.epicurious.com/recipes/food/views/wine-and-citrus-poached-pears-with-triple-creme-cheese-106129
Maple-Lemon-Raisin Rice Pudding,
"Berry, Beet, Mint, Lime, and Chia Seed Smoothie",https://www.epicurious.com/recipes/food/views/berry-beet-mint-lime-and-chia-seed-smoothie
Duck with Honey,
Lettuce and Pea Soup,
Stuffed Leg of Lamb (Fakdeh Mehshi Khodra),
Potato and Shiitake Mushroom Gratin,
"Red Bell Pepper, Spinach, and Goat Cheese Salad with Oregano Dressing",https://www.epicurious.com/recipes/food/views/red-bell-pepper-spinach-and-goat-cheese-salad-with-oregano-dressing-106618
Crispy Okra Salad,
Champagne Cocktail,https://www.epicurious.com/recipes/food/views/classic-champagne-cocktail-362449
Avocado-Alfalfa Turkey Burger,https://www.epicurious.com/recipes/food/views/avocado-alfalfa-turkey-burger-51196220
Sweet-Potato Hash with Bacon,https://www.epicurious.com/recipes/food/views/sweet-potato-hash-with-bacon-240273
Lamb Chops with Roasted-Eggplant Relish,
Mixed Berry Smoothie,
Peaches-and-Cream Streusel Pie,
Grilled Moroccan Spiced Pork Tenderloin,https://www.epicurious.com/recipes/food/views/grilled-moroccan-spiced-pork-tenderloin-51239020
Roasted Broccoli Florets with Toasted Breadcrumb Gremolata,
Caesar-Style Salad,
"Pasta with Roasted Vegetables, Tomatoes, and Basil",
Spiced Apple Pie with Raisins,
Linguine With Clams (Linguine Con le Vongole),
Catalan Spinach,
Home-Style Biscuits with Shiitake Mushroom Gravy,https://www.epicurious.com/recipes/food/views/home-style-biscuits-with-shiitake-mushroom-gravy-4982
Oatmeal Raisin Cookies,
White Root Vegetable Soup with Thyme Butter,
Apple Date-Nut Bars,https://www.epicurious.com/recipes/food/views/apple-date-nut-bars-12776
Wild Rice with French Green Lentils,
"Farfalle with Tuna, Tomatoes and Olives",
Monegasque-Style Onions,
Red Wine–Marinated Hanger Steaks with Flatbreads,https://www.epicurious.com/recipes/food/views/red-wine-marinated-hanger-steaks-with-flatbreads-56389762
Perfect Coddled Egg,
Tandoori-Style Grilled Chicken,
Zucchini Vichyssoise,
"Deborah Madison's Roasted Squash, Pear, and Ginger Soup",https://www.epicurious.com/recipes/food/views/deborah-madisons-roasted-squash-pear-and-ginger-soup-355879
Grilled New Potatoes with Parmesan and Herbs,
"Coconut, Strawberry, and Banana Smoothie",
Blood-Orange Rum Punch,
Seafood Linguine,
Ginger-Curry Aïoli,
Sweet-Potato Salad with Spicy Peanut Dressing,
Fritto Misto,https://www.epicurious.com/recipes/food/views/ba-syn-fritto-misto
Mimosa,https://www.epicurious.com/recipes/food/views/mimosa-recipe
"Artichoke, Cherry Tomato, and Feta Salad with Artichoke-Pesto Crostini",https://www.epicurious.com/recipes/food/views/artichoke-cherry-tomato-and-feta-salad-with-artichoke-pesto-crostini-353393
Minted Pineapple-Lime Marmalade,
Sushi-Roll Rice Salad,
Grilled Salmon with Fennel Orange Salsa,
Our Favorite Latkes,
Lamb Chops with Herbed Sweet Onion Compote,
Irish Coffee Meringues,
Ginger Cake with Crystallized Ginger Frosting,
"Roasted Beetroot (Beet), Blood Orange, Red Witlof (Belgian Endive) and Asparagus with Orange Oil",https://www.epicurious.com/recipes/food/views/roasted-beetroot-beet-blood-orange-red-witlof-belgian-endive-and-asparagus-with-orange-oil-104027
Semolina and Ground Almond Cake,
Spinach and Scallop Soup,
Cream of Onion Soup,
Blood-Orange Crostata,
Gazpacho with Jalapeño and Cilantro,
Pasta with 10-Minute Pesto,
Shrimp and Crab Souffles with Red Bell Pepper and Tarragon,
Pork Chili with Tomatoes,
Corvina Traditional,
Moroccan-Style Mussels,
New Mexico Chile-Glazed Chicken on Hominy Polenta,https://www.epicurious.com/recipes/food/views/new-mexico-chile-glazed-chicken-on-hominy-polenta-350744
Pasta with Alfredo-Pesto Sauce,
Moroccan-Style Chicken Phyllo Rolls,https://www.epicurious.com/recipes/food/views/moroccan-style-chicken-phyllo-rolls-108864
Cranberry Relish with Apple Cider,
Herbed Tomato Tarts,
Grilled Summer Squash and Zucchini,
"Open-Face Ham, Cheddar, and Apple Butter Sandwiches",
Curried Chicken Salad Sandwich,
Chicken and Watercress Salad with Hoisin Vinaigrette,
"Breakfast Hobo Packs with Polenta, Prosciutto, and Cherry Tomatoes",
Panko Scallops with Green Chile Chutney,
Pear and Frangipane Crostata with Raspberry Vinegar Glaze,https://www.epicurious.com/recipes/food/views/pear-and-frangipane-crostata-with-raspberry-vinegar-glaze-231327
Black Bean Chili with Crispy Pork and Poblano Salsa,
Shrimp Sizzlers Shaw,
"Dried Fig, Apricot, and Cherry Slump",
Creamed Peas and Onions,https://www.epicurious.com/recipes/food/views/creamed-peas-and-onions-51123040
Chicken Sauté Provençale,
Darkest Chocolate Cake With Red Wine Glaze,https://www.epicurious.com/recipes/food/views/darkest-chocolate-cake-with-red-wine-glaze-51214740
Aunt Enza's Overstewed Green Beans,https://www.epicurious.com/recipes/food/views/aunt-enzas-overstewed-green-beans-102213
Roasted Clams with Pancetta and Red Bell Pepper Coulis,
Yemenite High Holy Day Soup,
New England Crab Rolls,
The Great After-Thanksgiving Turkey Enchiladas,
"Roasted Chicken with Carrots, Turnips, and Zucchini",
Nana's Butter Cookies with Milk-Jam Filling,https://www.epicurious.com/recipes/food/views/nanas-butter-cookies-with-milk-jam-filling-51248640
Beef and Napa Cabbage Stir-Fry,
Sugarcane Marinade,
Orange Crème Fraîche,
"Spinach with Olives, Raisins and Pine Nuts",
"Buttermilk Cabbage Soup With Black Walnut ""Pesto""",https://www.epicurious.com/recipes/food/views/buttermilk-cabbage-soup-with-black-walnut-pesto
"Walnut, Golden Raisin, and Fennel Seed Scones",https://www.epicurious.com/recipes/food/views/walnut-golden-raisin-and-fennel-seed-scones-109368
Sea Bass with Coconut-Curry Sauce,
Ruby Blazer,
Porcini Matzo Polenta Wedges,
Brioche Gaga,https://www.epicurious.com/recipes/food/views/brioche-gaga-235431
"Smoked Turkey, Black Bean, Bell Pepper and Corn Salad",https://www.epicurious.com/recipes/food/views/smoked-turkey-black-bean-bell-pepper-and-corn-salad-241464
Oven-Fried Catfish with Rémoulade Sauce,
Lima Bean and Basmati Rice Salad,
Carrot Cake,
Goat Cheese Croquettes With Spiced Membrillo,https://www.epicurious.com/recipes/food/views/goat-cheese-croquettes-with-spiced-membrillo
Tarragon-Roasted Halibut with Hazelnut Brown Butter,https://www.epicurious.com/recipes/food/views/tarragon-roasted-halibut-with-hazelnut-brown-butter-51154980
Coriander Lime Pesto,
"Cheesy Baked Spaghetti Squash Boats With Salami, Sundried Tomatoes, and Spinach",
Winter Squash Mash,
Pork Loin with White Wine-Mustard Sauce,
Baked Wrapped Tilapia,
Dark Chocolate and Orange Tart with Toasted Almonds,
Turkey-Tomato Stew with Onions and Raisins,
"Baked Red Snapper with Tomato, Orange and Saffron",
Pretzel-Crusted Chicken Cutlets With Cauliflower Purée and Arugula,
Sunshine,
"Carrot Salad with Creamy Lemon, Yogurt, and Chive Dressing",
Sausage and Summer Vegetable Sauté,
Scalloped Potatoes,
Grilled Pork Tenderloin Cutlets with Chili Maple Glaze,
Pimient d'Espelette Mayonnaise,https://www.epicurious.com/recipes/food/views/pimient-despelette-mayonnaise-358491
Sauteed Kale with Cracklings and Garlic Bread Crumbs,https://www.epicurious.com/recipes/food/views/sauteed-kale-with-cracklings-and-garlic-bread-crumbs-10906
Lasagne Rolls with Roasted Tomato and Eggplant,
PBJ Crepes,https://www.epicurious.com/recipes/food/views/pbj-crepes-56389879
Japanese-Style Grilled Fish,
Orange Vodka Cocktail,
Grilled Peach and Red Bell Pepper Salsa,
Black and White Chocolate Macaroon Tart with Raspberry Sauce,https://www.epicurious.com/recipes/food/views/black-and-white-chocolate-macaroon-tart-with-raspberry-sauce-13153
Mango-Orange Mousse Cake,
Creamy Corn Soup with Red Bell Pepper,
Fish Masala,
Almond-Barley Porridge with Fruit,
Champagne Santa,
Baked Stuffed Mussels,https://www.epicurious.com/recipes/food/views/baked-stuffed-mussels-242009
Apricot Cream-Cheese Ice Cream,
Pear Cake with Lemon-Honey Cream Cheese Frosting,
Sweet Potato Shepherd's Pie,
"Butterflied Trout with Spicy Lettuce, Celery, and Herbs",https://www.epicurious.com/recipes/food/views/butterflied-trout-with-spicy-lettuce-celery-and-herbs-56389767
Farmers' Market Quinoa Salad,https://www.epicurious.com/recipes/food/views/ba-syn-farmers-market-quinoa-salad
Sauteed Scallops with Ginger,
New York Strip and Fall Vegetable Roast with Mustard Cream Sauce,https://www.epicurious.com/recipes/food/views/new-york-strip-and-fall-vegetable-roast-with-mustard-cream-sauce-355197
Rib Roast with Roasted-Garlic Thyme Sauce,
Arroz con Pollo,
Celery Root Bisque with Duck Confit and Cracklings,https://www.epicurious.com/recipes/food/views/celery-root-bisque-with-duck-confit-and-cracklings-14493
"Brussels Sprouts with Garlic, Pecans and Basil",
Strawberry Roulade,
Scallops Provençale,
Brown Butter Dutch Baby,
Baked Herb-Crusted Chicken Breasts,
Blackberry-Raspberry Pie,
Spring Vegetable Fricassée with Saffron Cream,
Charred Green Beans with Lemon Verbena Pesto,https://www.epicurious.com/recipes/food/views/charred-green-beans-with-lemon-verbena-pesto-395330
Broccoli with Toasted Garlic Crumbs,
Skillet Cornbread With Chives,
Red Lentil Soup with Spiced Oil,
Wild Rice and Toasted Almond Pilaf,
Nicaraguan-Style Steak,
Planter's Punch I,
Bite-Size Stollen (Stollenkonfekt),https://www.epicurious.com/recipes/food/views/bite-size-stollen-stollenkonfekt
Chicken Skewers with Meyer Lemon Salsa,https://www.epicurious.com/recipes/food/views/chicken-skewers-with-meyer-lemon-salsa-380587
Cracked Black Pepper Pull-Apart Biscuits,https://www.epicurious.com/recipes/food/views/cracked-black-pepper-pull-apart-biscuits
South American Corn Packets,
Slow-Roasted Halibut with Shaved Asparagus and Fennel Salad,https://www.epicurious.com/recipes/food/views/slow-roasted-halibut-with-shaved-asparagus-and-fennel-salad-358230
Norwegian Meatballs with Spiced Cream Sauce,
"Spinach, Fennel, and Sausage Stuffing with Toasted Brioche",https://www.epicurious.com/recipes/food/views/spinach-fennel-and-sausage-stuffing-with-toasted-brioche-368284
D.I.Y. Apple Mille-Feuille,https://www.epicurious.com/recipes/food/views/d-i-y-apple-mille-feuille-56390112
Seared Scallops with Lemon and Dill,
Sea Bass in Papillote,
Tri-Tip Roast with Parsley Cherry-Tomato,https://www.epicurious.com/recipes/food/views/tri-tip-roast-with-parsley-cherry-tomato-234661
Lamb and Ratatouille Kebabs,
Braised Birria,
"Potato, Sage, and Rosemary Pizza",
Redeye-Glazed Pork Tenderloin with Black-Eyed Peas,
Almond Spice Cookies,
Panko-Crusted Chicken with Mustard-Maple Pan Sauce,https://www.epicurious.com/recipes/food/views/panko-crusted-chicken-with-mustard-maple-pan-sauce-355192
Chili Chicken Wings,
"Pasta with Caramelized Onions, Cabbage, and Smoked Ham",
Chili Vinegar,
Rump Roast Brooks,https://www.epicurious.com/recipes/food/views/rump-roast-brooks-14250
Chocolate Pecan Pie,
"Pasta with Sugar Snap Peas, Asparagus and Parmesan",
Torquato's Herb and Garlic Baked Tomatoes,https://www.epicurious.com/recipes/food/views/torquatos-herb-and-garlic-baked-tomatoes-13221
"Artichoke, Goat Cheese and Chicken Pizza",https://www.epicurious.com/recipes/food/views/artichoke-goat-cheese-and-chicken-pizza-237571
Root Vegetable Cobbler with Chive Biscuit Topping,
Fruit Salad and Spritzer,
Watermelon-Berry Granita,
Pumpkin-Seed Cheddar Corn Muffins,
Roasted Eggplant Lasagna with Broiled Tomato Sauce,
Smoked Salmon 7-Layer Dip,
Gluten-Free Lacy Oat Sandwich Cookies,
Cowboy Steaks in a Skillet,
Chipotle-Glazed Shrimp,
Mint Julep I,
Chocolate Hazelnut Truffles,
Fish Fillets With Tomatoes and Olives in Parchment,https://www.epicurious.com/recipes/food/views/fish-fillets-with-tomatoes-and-olives-in-parchment-10410
"Pear, Arugula and Endive Salad with Candied Walnuts",https://www.epicurious.com/recipes/food/views/pear-arugula-and-endive-salad-with-candied-walnuts-104472
Chicken en Papillote,
Bbq Onion Steaks with Honey-Mustard Sauce,
Thai Fish Curry,
"Lime, Apricot, and Soy-Sauce Chicken Wings",
Raspberry-Rose Gin Rickey,
Vegetable Stir-Fry with Garlic-Miso Sauce,
Pecan Molasses Bundt Cake with Bourbon Glaze,
"Arugula, Golden Cherries, Marcona Almonds and Parmigiano-Reggiano",https://www.epicurious.com/recipes/food/views/arugula-golden-cherries-marcona-almonds-and-parmigiano-reggiano-51107210
Parmesan Chicken with Caesar Roasted Romaine,
Crunchy Chicken in Green Sauce,
Grilled Rib Eye with Paprika Vinaigrette,https://www.epicurious.com/recipes/food/views/grilled-rib-eye-with-paprika-vinaigrette-51239880
Spanish-Style Grilled Vegetables with Breadcrumb Picada,https://www.epicurious.com/recipes/food/views/spanish-style-grilled-vegetables-with-breadcrumb-picada-238806
Rosemary-Roasted Buffalo Tenderloin with Gorgonzola Butter,https://www.epicurious.com/recipes/food/views/rosemary-roasted-buffalo-tenderloin-with-gorgonzola-butter-13481
Balsamic- and Dijon-Glazed Ham with Roasted Pearl Onions,
"Chicken with Rosemary, Pancetta and Balsamic Vinegar",
Pan-Asian Chicken and Vegetable Lettuce Wraps,
Grilled Pork Kebabs with Manchamantel Sauce,https://www.epicurious.com/recipes/food/views/grilled-pork-kebabs-with-manchamantel-sauce-11555
Puerto Rican Pineapple Rum Cake,https://www.epicurious.com/recipes/food/views/puerto-rican-pineapple-rum-cake-51126900
Goddess Guacamole,https://www.epicurious.com/recipes/food/views/goddess-guacamole-56389913
Cheddar-Chive Scones,
"Tomato, Mint, and Red Onion Salad",
Spaghetti Carbonara with Pork Belly and Fresh Peas,https://www.epicurious.com/recipes/food/views/spaghetti-carbonara-with-pork-belly-and-fresh-peas-237910
Chai Pots de Crème,
Apple Gingerbread Cake With Cream,
"Grilled Lamb, Potato, Bean and Mushroom Salad",
Maple-Barbecued Pork Burgers,https://www.epicurious.com/recipes/food/views/maple-barbecued-pork-burgers-105303
Grilled Flank Steak with Rosemary,
Flank Steak,
Chipotle Beef Chili with Lime Crema,
Root Vegetable and Mushroom Pie with Rosemary Biscuit Topping,https://www.epicurious.com/recipes/food/views/root-vegetable-and-mushroom-pie-with-rosemary-biscuit-topping-351510
Flanagan,
Seared Tuna with Wasabi-Coconut Sauce and Roasted-Pepper Rice Pilaf,
Black Rice Salad,
Iced Coffee Mousse,
Gnocchetti Sardi with Wild Boar,https://www.epicurious.com/recipes/food/views/gnocchetti-sardi-with-wild-boar-232737
Lebanese Chicken,
Spiced Herb Marinade for Fish,
Asian Bow-Tie Pasta Salad with Shrimp and Vegetables,https://www.epicurious.com/recipes/food/views/asian-bow-tie-pasta-salad-with-shrimp-and-vegetables-4429
Turkey Cutlets with Cilantro-Almond Sauce,https://www.epicurious.com/recipes/food/views/turkey-cutlets-with-cilantro-almond-sauce-1222186
Piña Piquante,https://www.epicurious.com/recipes/food/views/pina-piquante-51216810
"Shrimp, Jícama, and Apricot Salad",
Chicken Clemenceau,
Bourbon Butterscotch Sauce,
Chocolate Peanut Butter Pretzel Cupcakes,
Cranberry-Tequila Cream Cheese Tart with Cornmeal Crust,
Mushroom-Shallot Quiche,https://www.epicurious.com/recipes/food/views/mushroom-shallot-quiche-236171
Penne with Sausage and Tomatoes,
Skirt Steak Tostadas With Cashew Salsa and Red Cabbage Slaw,
Corn Cakes with Parmesan Cheese,
Cranberry Swirl Cheesecake with Cranberry-Raspberry Compote,
Mincemeat Ice Cream,
Pickled Vegetable Lettuce Cups,https://www.epicurious.com/recipes/food/views/pickled-vegetable-lettuce-cups
"Rigatoni With Brussels Sprouts, Parmesan, Lemon, and Leek",https://www.epicurious.com/recipes/food/views/rigatoni-with-brussels-sprouts-parmesan-lemon-and-leek
Chicken Breasts Stuffed with Goat Cheese and Basil,
Wilted Kale and Roasted-Potato Winter Salad,
Vegan Pasta Alfredo With Two Stroganoff Variations,https://www.epicurious.com/recipes/food/views/vegan-pasta-alfredo-with-stroganoff
Hot Soft Pretzels,
Brown Sugar & Cinnamon Panna Cotta with Apple Cider Gelée,
Red Berry Sauce,
Asian-Style Noodle Salad,
"Miso, Carrot, and Sesame Dressing",
Potato and Macaroni Gratin,
Savory Spring Vegetable and Goat Cheese Tart,https://www.epicurious.com/recipes/food/views/savory-spring-vegetable-and-goat-cheese-tart-395442
Grilled Sea Bass with Oregano and Tomatoes,
"Asparagus, Ham, and Poached Egg Salad",https://www.epicurious.com/recipes/food/views/asparagus-ham-and-poached-egg-salad
Roast Chicken with White Bean Stew and Pancetta,https://www.epicurious.com/recipes/food/views/roast-chicken-with-white-bean-stew-and-pancetta-236904
Crispy Potato-Leek Kugel,https://www.epicurious.com/recipes/food/views/crispy-potato-leek-kugel-56389339
Cider Bishop,
Carrot Soup with Star Anise,
Honey Syrup,
"Halibut and Roasted Potatoes, Orange, and Rosemary",https://www.epicurious.com/recipes/food/views/halibut-and-roasted-potatoes-orange-and-rosemary-104703
Mushroom and Leek Soup with Thyme Cream,
"Grilled Squid on Spinach, Red Pepper, and Mango Salad",
Herbed Buttered Parsnips,
Raw Blueberry Tartlets,
"Taglierini with Morels, Asparagus, and Nasturtiums",
Chocolate Chip Ginger Crisps,https://www.epicurious.com/recipes/food/views/chocolate-chip-ginger-crisps-11542
Tropical Fruit with Rum and Lime,
Chicken Fricassée with Lemon Mustard Sauce,
Jerusalem Artichoke Pickles,https://www.epicurious.com/recipes/food/views/jerusalem-artichoke-pickles-242618
Crab Cakes with Avocado Salad,
Quince Compote,https://www.epicurious.com/recipes/food/views/quince-compote-108844
Coriander and Cumin Flatbread,
"Potato, Leek, Gruyère and Oyster Mushroom Gratin",https://www.epicurious.com/recipes/food/views/potato-leek-gruyere-and-oyster-mushroom-gratin-15641
Spiced Cranberry-Pear Sundaes,https://www.epicurious.com/recipes/food/views/spiced-cranberry-pear-sundaes-51258460
Stir-Fried Chicken With Black Beans,https://www.epicurious.com/recipes/food/views/stir-fried-chicken-with-black-beans
Spiced Chicken Breasts with Poblano and Bell Pepper Rajas,https://www.epicurious.com/recipes/food/views/spiced-chicken-breasts-with-poblano-and-bell-pepper-rajas-356712
Rhett Butler,https://www.epicurious.com/recipes/food/views/rhett-butler-200349
"Smoked Salmon, Watercress, and Daikon Salad with Ginger Vinaigrette",
Calamari with Roasted Tomato Sauce,
Pineapple Mango Chutney Dip with Curried Walnuts,
Garlic Shrimp with Red Peppers and Wild Mushrooms,
Clam and Cod Chowder,
Tomato-Feta Open-Face Sandwich,https://www.epicurious.com/recipes/food/views/tomato-feta-open-face-sandwich-51108060
Potatoes Topped with Smoked Salmon and Fennel,
Bbq Onion and Smoked Gouda Quesadillas with Pea Shoot Mini Salad,https://www.epicurious.com/recipes/food/views/bbq-onion-and-smoked-gouda-quesadillas-with-pea-shoot-mini-salad-242488
Roasted Jalapeño-Tomato Salsa with Fresh Cilantro,
Herb Chicken with Panko-Pecan Crust,https://www.epicurious.com/recipes/food/views/herb-chicken-with-panko-pecan-crust-51186640
Four-Onion Gratin,
Yukon Gold Potato Gratin with Horseradish & Parmesan,
Anadama Rolls,
Strawberry Red-Currant Parfait,https://www.epicurious.com/recipes/food/views/strawberry-red-currant-parfait-238667
Soy-Basted Chicken Kebabs With Sesame-Citrus Sprinkle,
Fennel-Radicchio Salad,
Basic Nut Milk,https://www.epicurious.com/recipes/food/views/basic-nut-milk-51210500
"Pistachio, Strawberry and Vanilla Semifreddo",
Cilantro-Parsley Chutney,https://www.epicurious.com/recipes/food/views/cilantro-parsley-chutney-51239820
Quick Chicken and Chorizo Paella,
Slow-Cooked Tomato and Herb White Beans,
Pine Nut Brittle,
Prosciutto Rolls with Arugula and Figs,
Spring Vegetable and Quinoa Pilaf,
Watermelon-Ginger Agua Fresca,
Spicy Tamarind Skirt Steak,
Parmesan Thumbprint Cookies with Tomato-Tart Cherry Jam,
Spiced Waffles with Caramelized Apples,
Plantation Shrimp with Shiitake Mushrooms and Baby Bok Choy,
Triple-Chocolate Cookie and Strawberry Ice Cream Sandwiches,https://www.epicurious.com/recipes/food/views/triple-chocolate-cookie-and-strawberry-ice-cream-sandwiches-232393
Bacon Corn Muffins,
Mint-Chili Sauce,
Parsley Soup,
Berries with Ricotta Cream,
Simple Veal Pasta Sauce,
Spiced Grilled Cornish Hen,
Frizzled Onion,
Potato and Porcini Torte,
Iced Maple Cream with Berries,https://www.epicurious.com/recipes/food/views/iced-maple-cream-with-berries-243389
Treacle Farls,https://www.epicurious.com/recipes/food/views/treacle-farls-1927
Coconut Blondies,
Tricolor Vegetable Sauté with Cumin Seeds and Oregano,
"Brioche ""Bread Pudding"" with Caramelized Apples",
Peanut Butter–Sriracha Toast,https://www.epicurious.com/recipes/food/views/peanut-butter-sriracha-toast-51214450
Blackberry Semifreddi with Walnut Meringue,
Southwestern Lime Chicken with Ancho Chili Sauce,
Frozen Margarita,https://www.epicurious.com/recipes/food/views/frozen-margarita
Microwave Chocolate Orange Raisin Cakes with Chocolate Glaze,https://www.epicurious.com/recipes/food/views/microwave-chocolate-orange-raisin-cakes-with-chocolate-glaze-10324
Lamb Shank Stifado with Sauteed Potatoes,
Pesto Vinaigrette,
Poached Shrimp with Lemon-Horseradish Dipping Sauce,
Alsatian Onion and Bacon Tartlets,
Butternut Squash and Creamed-Spinach Gratin,https://www.epicurious.com/recipes/food/views/butternut-squash-and-creamed-spinach-gratin-236374
Aunt Margaret's Lemon Cream Spongecake,
Potato Stew,
Citrus and Endive with Walnut Gremolata,https://www.epicurious.com/recipes/food/views/citrus-and-endive-with-walnut-gremolata-51255170
Vinegar-Braised Chicken and Onions,
Thai-Inspired Shrimp Stir-Fry,
Mesclun Salad with Goat Cheese-Stuffed Figs Wrapped in Bacon,
Chestnut and Wild Mushroom Stuffing,
Vanilla-Buttermilk Cake With Raspberries and Orange Cream-Cheese Frosting,https://www.epicurious.com/recipes/food/views/vanilla-buttermilk-cake-with-raspberries-and-orangecream-cheese-frosting
German-Style Fried Potatoes,
Shiitake-Crusted Chicken with Creamed Mushrooms,
"Potato Salad with Pancetta, Rosemary, and Lemon",
Grilled Cheddar Cheese and Ham Sandwiches,
Carrot Soup,
Orange-Rhubarb Pie with Apricots,
Taglierini with Caramelized Scallops and Rosemary Beurre Blanc,https://www.epicurious.com/recipes/food/views/taglierini-with-caramelized-scallops-and-rosemary-beurre-blanc-10606
Herb and Cheese Pie,
Grilled Monterey Sardines with Lemon and Herbs,
Peach and Mascarpone Cheesecake with Balsamic Syrup,
Root Vegetable Gratin with Blue Cheese,
Shrimp Sates with Spiced Pistachio Chutney,
Chilled Lime-Coconut Pie with Macadamia-Coconut Crust,
Tandoori Turkey,
Fried Chick-Pea Sandwiches with Coriander Yogurt,
Baked Chicken and Bacon-Wrapped Lady Apples,https://www.epicurious.com/recipes/food/views/baked-chicken-and-bacon-wrapped-lady-apples-235740
Ginger Custard Sauce,https://www.epicurious.com/recipes/food/views/ginger-custard-sauce-11689
"Baguette, Smoked Oyster, and Pancetta Stuffing",https://www.epicurious.com/recipes/food/views/baguette-smoked-oyster-and-pancetta-stuffing-51255130
Red Lentil Soup with Garam Masala,
Wild Mushroom and Onion Kasha,
Rustic Nut Bars,
Pork Stir-Fry with Green Beans and Peanuts,
Pistachio-Crusted Chicken with Carrot Raita,https://www.epicurious.com/recipes/food/views/-pistachio-crusted-chicken-with-carrot-raita-51236030
Salmon with Pink Peppercorn Tartar Sauce,
Corn Chive Pudding,
Fruit Smoothie,
Linguine alla Carbonara,
Tuna Steak and Vegetable Sandwiches,
Spiced Hazelnut-Pear Cake With Chocolate Sauce,https://www.epicurious.com/recipes/food/views/spiced-hazelnut-pear-cake-with-chocolate-sauce
Turkish-Style Lamb Burgers with Walnut Sauce,https://www.epicurious.com/recipes/food/views/turkish-style-lamb-burgers-with-walnut-sauce-231647
Sicilian Spinach Sauté,
Roasted Halibut with Walnut Crust,https://www.epicurious.com/recipes/food/views/roasted-halibut-with-walnut-crust-240087
Pork and Pineapple Kebabs with Sweet-and-Sour Sauce,
Spiced Poussins,
Honey-Glazed Pecans,
Chipotle-Glazed Ribs,
Herb-Rubbed Turkey with Roasted-Garlic Gravy,
Grilled Chicken with Mustard-Dill Sauce,
Pork Braised with Autumn Vegetables,
Spicy Steak and Corn Soft Tacos,
Pork Chops with Mustard Crumbs,
White Chocolate Layer Cake with Apricot Filling and White Chocolate Buttercream,
Maple-Ginger Butternut Squash,
Pumpkin Pie with Ginger Streusel,
Oven-Roasted Sea Bass with Ginger and Lime Sauce,
Baked Stuffed Mushrooms with Crab,
Fresh Fig Tart with Rosemary Cornmeal Crust and Lemon Mascarpone Cream,https://www.epicurious.com/recipes/food/views/fresh-fig-tart-with-rosemary-cornmeal-crust-and-lemon-mascarpone-cream-108371
Braised Lamb in Pomegranate Sauce,
Wild-Mushroom Bundles,
Easy Corn Bread,
Honey-Ginger Salmon,
Corn-Bread and Chorizo Stuffing,
Beer-Can Cabbage Sandwiches,https://www.epicurious.com/recipes/food/views/beer-can-cabbage-sandwiches
Papaya-Pineapple Smoothie,
Chocolate Cake with Mascarpone and Praline,
Mustard Chicken and Orzo Casserole with Dill and Capers,https://www.epicurious.com/recipes/food/views/mustard-chicken-and-orzo-casserole-with-dill-and-capers-107408
Simple Chicken Curry,
Meat Loaf With Mushroom Gravy,
Chicken Sausage,
"Quinoa, Garbanzo, and Spinach Salad with Smoked Paprika Dressing",https://www.epicurious.com/recipes/food/views/quinoa-garbanzo-and-spinach-salad-with-smoked-paprika-dressing-359569
Chocolate Angel Food Cake with Fruit and Maple Yogurt,
Arizona Cheese Strata,https://www.epicurious.com/recipes/food/views/arizona-cheese-strata-1546
Tomato and Tapenade Tartlets,
Muffuletta Sandwich,
"Green Melon, Cubanelle Peppers and Ricotta Salata",https://www.epicurious.com/recipes/food/views/green-melon-cubanelle-peppers-and-ricotta-salata-51107220
Middle Eastern Chicken,
Lamb Chops with Everything-Bagel Yogurt and Chickpeas,https://www.epicurious.com/recipes/food/views/lamb-chops-with-everything-bagel-yogurt-and-chickpeas-51248810
Chicken Breasts with Rock-Shrimp Sauce,
"Roast Chicken with Cumin, Paprika and Allspice",
Poached Pear Tart with Caramelized Pistachios,
Cinnamon Flan,
Grilled Italian Sausage with Warm Pepper and Onion Salad,
Imperial Fizz,
Skillet Choucroute with Potatoes,
Shakshuka,
Arugula and Prosciutto Tortilla Pizzas,
"Celery Root, Carrot and Beet Salad",
Late-Summer Cherry Pie,
Chicken with Tomatillo and Cilantro Sauce,
Beet and Jícama on Endive with Garlic Yogurt Dressing,https://www.epicurious.com/recipes/food/views/beet-and-jicama-on-endive-with-garlic-yogurt-dressing-102252
Buttery Barley Risotto with Parmesan Cheese,
Roasted Wild Mushrooms in Red-Wine Reduction,
"""Route 66"" Chili",
"Rice Pudding with Pistachios, Raisins and Saffron",
Earl Grey Tea Ice Cream,https://www.epicurious.com/recipes/food/views/earl-grey-tea-ice-cream-56389790
Garlic Ancho Chile Jam,
Squash Custard Pie,
Roasted Bell Pepper Salad with Pine Nuts,
Avocado Sour Cream Mousse,
Shrimp Creole Risotto,
Lemon and Blueberry Upside-Down Cake,
Salmon and Dill Chowder,
Bread Pudding with Bourbon Sauce,
Tomatillo-Avocado Dip,
"Bruschetta with Arugula, Smoked Mozzarella, and Tomatoes",
Chocolate Raspberry Roulade,
"Artichoke Heart, Fennel, and Parmesan Salad",
Summer Vegetable Stir-Fry with Couscous,
Hanger Steak with Shallots and Jerusalem Artichokes,https://www.epicurious.com/recipes/food/views/hanger-steak-with-shallots-and-jerusalem-artichokes-51248460
Lentil Soup with Roasted Vegetables,
Absinthe's Golden Yogurt Cake,https://www.epicurious.com/recipes/food/views/absinthes-golden-yogurt-cake-56389457
Herbed Garlic and Parmesan Croutons,
Squid and Fennel Pasta with Lemon and Herbs,
Kumquat Compote with Sauternes and Ginger,
"Chilled Celery, Watercress and Fennel Soup",
Radish Canapes Leeds,
Seared Scallops With Pan Sauce,
Vegetable Ragoût with Cumin and Ginger,
"Goat Cheese Salad with Pancetta, Dried Cherry and Port Dressing",https://www.epicurious.com/recipes/food/views/goat-cheese-salad-with-pancetta-dried-cherry-and-port-dressing-102447
Hoffman House (or Astoria),https://www.epicurious.com/recipes/food/views/hoffman-house-or-astoria-201015
Butternut Squash Galette,
Cauliflower Soup with Chive Oil and Rye Crostini,
Rum Raisin French Toast,
Breaded Chicken Cutlets with Chunky Vegetable Sauce,
Quince and Currant Chutney,
Salmon Trout Poached in White Wine,
Baked Apples,
Spicy Chicken and Hominy Ragoût,
Cheesy Sausage and Sage Stuffing,
Veal Scallops with Mushrooms and Rosemary,
Salade aux Fines Herbes with Camembert,https://www.epicurious.com/recipes/food/views/salade-aux-fines-herbes-with-camembert-230445
Chocolate Cake with Milk Chocolate-Peanut Butter Frosting and Peanut Butter Brittle,
Plum-Almond Tart,
Basic Tea Punch,
Watercress Sandwiches with Chili-Lemon Butter,https://www.epicurious.com/recipes/food/views/watercress-sandwiches-with-chili-lemon-butter-101088
"Grilled Pizza with Fresh Corn, Bell Pepper, Pancetta, and Fontina",
Planter's Punch III,https://www.epicurious.com/recipes/food/views/planters-punch-iii-200049
Chilled Corn Soup,
"Seared Arctic Char with Broccolini, Olives, and Garlic",https://www.epicurious.com/recipes/food/views/seared-arctic-char-with-broccolini-olives-and-garlic-241323
Raspberry Chocolate-Chip Pancakes,
Sauteed Skirt Steak,
Porcini-Crusted Beef Tenderloin with Truffle Butter Sauce,https://www.epicurious.com/recipes/food/views/porcini-crusted-beef-tenderloin-with-truffle-butter-sauce-387490
Handmade Orecchiette With Mortadella and Pea Sauce,https://www.epicurious.com/recipes/food/views/handmade-orecchiette-with-mortadella-and-pea-sauce
Rhubarb Raspberry Pie,
Steak with Olives,
Hickory-Grilled Rib-Eye Steaks with Bacon-Molasses Butter,
Pomegranate-Ginger Champagne Cocktail,
Black-Bean Tostados with Roasted Tomatillo Sauce,
Chief of Staff Cholent (Hebronite Hamim),https://www.epicurious.com/recipes/food/views/chief-of-staff-cholent-hebronite-hamim-231758
Mixed Greens with Honey Mustard Dressing,
Melon,
Carrot-Coconut Soup,
Spicy Broccoli Rabe,
Chopped Arabic Salad,
Sesame Chicken Drumettes,https://www.epicurious.com/recipes/food/views/sesame-chicken-drumettes-33
Lemon and Fresh Herb Tabbouleh,
Spinach and Roasted Beet Salad with Ginger Vinaigrette,
A Fruitcake to Love,
Chive Dressing,
Roast Prime Ribs of Beef with Shiitake Pan Gravy,
Habanero-Marinated Pork Chops With Mustard Greens Slaw,
Whipped Ricotta with Honey and Mixed Berries,
Banana Cupcakes with Peanut Butter Frosting,https://www.epicurious.com/recipes/food/views/banana-cupcakes-with-peanut-butter-frosting-358240
Picadillo Arepa Pie,https://www.epicurious.com/recipes/food/views/picadillo-arepa-pie-357978
Chicken Breasts with Tomato-Herb Pan Sauce,https://www.epicurious.com/recipes/food/views/chicken-breasts-with-tomato-herb-pan-sauce-366432
"Sunday Sauce With Braciole, Meatballs, and Sausage",
Food Processor Pizza Dough,
Creamy Farfalle with Salmon and Peas,https://www.epicurious.com/recipes/food/views/creamy-farfalle-with-salmon-and-peas-364550
Marinated Eggplant with Capers and Mint,
Black Bottom Banana Cream Pie,
Roast Turkey with Sage and Sherried Cider Giblet Gravy,
Pineapple-Coconut Pie,
Grapefruit Sabayon Gratin,https://www.epicurious.com/recipes/food/views/grapefruit-sabayon-gratin-109136
Broiled Chicken Over Braised Porcini and Savoy Cabbage,https://www.epicurious.com/recipes/food/views/broiled-chicken-over-braised-porcini-and-savoy-cabbage-102731
Broccoli Slaw with Miso-Ginger Dressing,
"Tomato, Arugula, and Ricotta Salata Salad",
Quick Chunky Plum and Cherry Jam,
Baked Mustard-Crusted Salmon With Asparagus and Tarragon,
Butter Pecan Toffee Pumpkin Pie,
Mac & Cheese Cupcakes,
Picnic Meat Loaf,
Sauteed Chicken with Shallot-Herb Vinaigrette,
Roasted Beet Soup with Potato and Dill Salad,
Apricot Frozen Yogurt,
"Pasta with Chicken, Curly Endive, and Blue Cheese",https://www.epicurious.com/recipes/food/views/pasta-with-chicken-curly-endive-and-blue-cheese-236870
Root Vegetable Soup Drizzled with Truffle Oil,
Pear Apple Chutney,
White Bean and Halibut Stew,
Herbed Lamb Kebabs with Yogurt Sauce,
Grilled Turmeric and Lemongrass Chicken Wings,https://www.epicurious.com/recipes/food/views/grilled-turmeric-and-lemongrass-chicken-wings-51104390
Strawberry Buckle with Lemon-Pistachio Streusel,
Grilled Zucchini Salad with Purslane and Tomato,
Asparagus and Leek Soup,
Mulled Red Wine,
Peas and Potatoes Masala,
Coconut-Piloncillo Ice Cream with Coconut Tortilla Chips and Fruit Salsa,https://www.epicurious.com/recipes/food/views/coconut-piloncillo-ice-cream-with-coconut-tortilla-chips-and-fruit-salsa-356318
Chicken and Broccoli Alfredo,
Ruffled Pasta with Herbed Ricotta and Pine Nut Brown Butter,https://www.epicurious.com/recipes/food/views/ruffled-pasta-with-herbed-ricotta-and-pine-nut-brown-butter-107414
Strawberry Shortcake With Thyme and Whipped Cream,
Garlicky Doused Shrimp,
Bean-Thread Noodle and Vegetable Salad,
Mashed Potato and Vegetable Patties with Ginger-Cilantro Chutney,
Turkey Piccata with Tarragon Cream,https://www.epicurious.com/recipes/food/views/turkey-piccata-with-tarragon-cream-109396
Cucumbers and Dill in Horseradish Cream,https://www.epicurious.com/recipes/food/views/cucumbers-and-dill-in-horseradish-cream-238067
Four Seasons Blend,
Chicken Under a Brick with Fresh Herb and Garlic Sauce,
"Spinach, Ricotta, and Prosciutto Cannelloni",
Hot Cognac Punch,
English Chocolate Trifle with Apricots and Raspberries,https://www.epicurious.com/recipes/food/views/english-chocolate-trifle-with-apricots-and-raspberries-2832
Blueberry Sour Cream Pie,
Root Vegetable and Squash Purée,
Spicy Shrimp Rémoulade on Molasses-Buttered Toast,
Pine Nut Torta with Marsala-Poached Autumn Fruit,
Pumpkin-Apple Streusel Cake,
Stir-Fried Tofu and Vine-Ripened Tomatoes,
"Grilled Vegetable Flatbreads Stuffed with Zucchini, Eggplant, and Tomato",
Tartar Sauce,
Tuna Salad on Olive Bread with Arugula,
Rhubarb with Berries and Candied Ginger,
Apricot-Cream Cheese Tartlets in Macadamia Crust,
Miso-Glazed Chicken Breast with Vegetable Sushi Rice,
Mandarin Chocolate Cake,
"Angel Hair Pasta with Peas, Prosciutto, and Lemon",
Smoked Pork Chops with Pineapple-Rosemary Sauce,
Mint Chocolate Chip Ice-Milk Sandwiches,
Corn Bread with Tomato Chutney,
"Tamal Verde de Pollo (Tamal with ""Salsa Verde"" and Chicken)",https://www.epicurious.com/recipes/food/views/tamal-verde-de-pollo-tamal-with-salsa-verde-and-chicken-51110620
Grilled Pork Chops with Sour Cherry Sauce,
Green Bean and Grape Tomato Salad with Kalamata Vinaigrette,
BA's Best Eggplant Parmesan,
Baltimore Crab Cakes,
Tuna with Tomato-Basil Sauce,
Fresh Carrot Sauce,
Meatballs with Parsley and Parmesan,
3-Ingredient Creamy Pumpkin Pasta,
"Turkey, Chicken Liver, and Mushroom Pâté",https://www.epicurious.com/recipes/food/views/turkey-chicken-liver-and-mushroom-pate-104762
Mango-Lemongrass Ice Cream and Blood Orange Sorbet,https://www.epicurious.com/recipes/food/views/mango-lemongrass-ice-cream-and-blood-orange-sorbet-109092
Antipasto Pasta Salad,
Farmers' Market Salad with Spiced Goat Cheese Rounds,https://www.epicurious.com/recipes/food/views/farmers-market-salad-with-spiced-goat-cheese-rounds-239065
Grilled Rib-Eye Steaks with Green Chile Mushroom Salsa Butter,
Texas Margaritas,
Pear-Cranberry Cobblers,https://www.epicurious.com/recipes/food/views/pear-cranberry-cobblers-357069
Chilled Corn Soup with Herbed Chicken,
Herbed Rice With Tomatoes and Feta,https://www.epicurious.com/recipes/food/views/herbed-rice-with-tomatoes-and-feta-56389737
Apple and Smoked-Bacon Salad with Lychees and Chili Nuts,https://www.epicurious.com/recipes/food/views/apple-and-smoked-bacon-salad-with-lychees-and-chili-nuts-240261
Quick Shrimp Bisque,
Shrimp and Mango Skewers with Guava-Lime Glaze,
Couscous with Cuminseed and Scallion,https://www.epicurious.com/recipes/food/views/couscous-with-cuminseed-and-scallion-10254
Glazed Salmon Fillets with Dill Mustard Sauce,
Dungeness Crab and Heirloom Bean Brandade,https://www.epicurious.com/recipes/food/views/dungeness-crab-and-heirloom-bean-brandade-350424
Milk Chocolate Fudge,
Italian Gianduia Loaf with Custard Sauce,
Tomato-Basil Soup,
Triple-Layer White Cake with Orange Curd Filling and Frosting,
Berry Tart with Ginger Cream,
Sugar Snap Pea and Cabbage Slaw,
Penne with Swiss Chard,https://www.epicurious.com/recipes/food/views/penne-with-swiss-chard-14481
Brandy Puff,
Holiday Fruit-Filled Pound Cake,
Stewed Corn and Tomatoes with Okra,
Salt-and-Pepper Shrimp with Blue Cheese and Celery,https://www.epicurious.com/recipes/food/views/salt-and-pepper-shrimp-with-blue-cheese-and-celery-103956
"Escarole, Bean and Sausage Soup",
Hazelnut and Lemon Cookies,
"Bacon, Cheddar, and Scallion Breads",
Roasted Eggplant and Garlic Dip,
"Banana, Honey, and Soy Milk Smoothie",
"Three-Cheese Pizza with Onion, Sage, and Arugula",https://www.epicurious.com/recipes/food/views/three-cheese-pizza-with-onion-sage-and-arugula-233543
Scampi Rockefeller,
"Strawberry, Lime and Champagne Cocktail",
Corn Cakes,
"Smoky Grilled Pork Steaks with ""Magic Dust""",
Fried Zucchini with Garlic Yogurt,
Fancy Grilled Cheese With A Fried Egg,https://www.epicurious.com/recipes/food/views/fancy-grilled-cheese-with-a-fried-egg-56389998
Caper-Saffron Mayonnaise,
Almond Cream Cheese Frosting,
Goat Cheese and Asparagus Pizza,
Summer Corn Chowder with Bacon,
Beef and Bean Chili,
Broiled Bluefish with Tomato and Herbs,https://www.epicurious.com/recipes/food/views/broiled-bluefish-with-tomato-and-herbs-235462
"Cod with Coconut, Lime, and Lemongrass Curry Sauce",
Layered Rice Salad with Red and Green Salsas,
Ann Pachett's Spicy Seafood Chowder,https://www.epicurious.com/recipes/food/views/ann-pachetts-spicy-seafood-chowder-230800
Almond Horchata,
Elemental Miso Soup,
Kimchi Udon With Scallions,
Honeydew Cucumber Smoothie,
Pink Whiskers,
"Cranberry-Orange Chutney with Cumin, Fennel, and Mustard seeds",
"Crispy Pork Cutlets with Capers, Lemon, Arugula, and Chopped Eggs",https://www.epicurious.com/recipes/food/views/crispy-pork-cutlets-with-capers-lemon-arugula-and-chopped-eggs-241341
Spiced Coconut Chicken and Rice,https://www.epicurious.com/recipes/food/views/spiced-coconut-chicken-and-rice
Mustard-Seed Cheddar Sticks,https://www.epicurious.com/recipes/food/views/mustard-seed-cheddar-sticks-100940
Lamb Shoulder Chops with Tomatoes and Marjoram,
Sweet Summer Corn Soup,https://www.epicurious.com/recipes/food/views/sweet-summer-corn-soup-51235360
Coconut Cake with Chocolate Chunks and Coconut Drizzle,
Lime Granita with Candied Mint Leaves and Crème Fraîche,https://www.epicurious.com/recipes/food/views/lime-granita-with-candied-mint-leaves-and-creme-fraiche-239078
Quail with Pomegranate Jus,
Sauteed Cod on Snow Peas and Cabbage with Miso Sesame Vinaigrette,
Roasted Game Hen with Citrus-Clove Glaze,
Fried Plum Ravioli with Mint Cream,
Spiced Fig Preserves,
Roasted Cauliflower Soup,
Mussels With White Wine,
Lady Baltimore Cake,
Fried Avocado Tacos,https://www.epicurious.com/recipes/food/views/fried-avocado-tacos-51169430
Pistachio Cranberry Icebox Cookies,
Blue Cheese and Scallion Dip,
Lemon Fennel Iced Tea,
Nineteen,
Rajas Poblanas,https://www.epicurious.com/recipes/food/views/rajas-poblanas-395940
Chocolate-Nut Rugelach,https://www.epicurious.com/recipes/food/views/chocolate-nut-rugelach
Orange Chocolate Chip Pancakes,
"Endive, Mâche, and Radish Salad with Champagne Vinaigrette",
Chocolate Grand Marnier Cake,
Crab Cakes with Spicy Avocado Sauce,
Baked Chicken with White Beans and Tomatoes,
Indian Pudding with Dried-Fruit Compote,
"Peanut Butter, Apple, and Bacon Sandwiches",
Olive and Artichoke Tapenade,
Ice Cream with Marsala and Currants,
Corn and Basil Egg Roulade with Yellow Tomato Coulis,https://www.epicurious.com/recipes/food/views/corn-and-basil-egg-roulade-with-yellow-tomato-coulis-15185
"Kale, Apple, Walnut and Sumac Onion Tabbouleh",https://www.epicurious.com/recipes/food/views/kale-apple-walnut-and-sumac-onion-tabbouleh-56390142
Crispy Shallots,
Shrimp Rolls with Spicy Vietnamese Dressing,
Coconut Rice Pudding Parfaits with Mango and Pineapple,
Turkey Empañadas,
Thai-Style Broiled Chicken Wings with Hot-and-Sour Sauce,
Spicy Stir-Fried Chinese Long Beans with Peanuts,
Sausage and Pepper Bake,
Apple-Matzoh Kugel,
Banana-Rum Ice Cream,
Sautéed Collard Greens with Caramelized Miso Butter,https://www.epicurious.com/recipes/food/views/sauteed-collard-greens-with-caramelized-miso-butter-51255100
Curried Coconut Chips,
Tuna Noodle Casserole,
Central Asian Beef and Lamb Dumplings,
"Chicken, Asparagus, and Broccoli Stir-Fry",
Thai Green Chicken Curry,
Oatmeal Date Cookies,https://www.epicurious.com/recipes/food/views/oatmeal-date-cookies-roxana-jullapat
Peanut Butter Milk Chocolate Puddings,
Pork Cutlets With Cantaloupe Salad,
Cherry Barbecue Sauce,
Hanoi Beef Noodle Soup,
Deep-Fried Poached Eggs with Creamed Spinach and Serrano Ham,
Pappadams (Lentil Wafers),https://www.epicurious.com/recipes/food/views/pappadams-lentil-wafers-394658
Broccoli Rabe with Garlic and Pecorino Romano Cheese,
Pineapple and Mint Chutney,
Turkey Nachos,
Artichoke and Olive Crostini,https://www.epicurious.com/recipes/food/views/artichoke-and-olive-crostini-107786
Winter Squash with Caramelized Onions,
"Apricot, Cranberry and Walnut Pie",
"Bell Pepper, Red Onion, and Goat Cheese Pizza",
Chilled Herbed Tomato Soup with Citrus and Spice,
Curried Meatballs,
Spice-Rubbed Grilled Pork Chops,
Buttery Steamed Mussels with Sake and Chiles,https://www.epicurious.com/recipes/food/views/buttery-steamed-mussels-with-sake-and-chiles-242485
"Salt Cod, Fennel, and Potato Cannelloni",
Limonada,
Southwestern Turkey Burger,
"Smoked Salmon, Cucumber, and Dill Mousse",
Baked Pears with Currants and Cinnamon,
Southwestern Corn Bread Stuffing,
Santa Fe Pizza,
Warm Pear Shortcakes with Brandied Cream,
Ceviche de Pescado,
Coconut Lime Rice Pudding,
Peruvian Ceviche,https://www.epicurious.com/recipes/food/views/peruvian-ceviche-395483
Lemon Pasta Salad with Tomatoes and Feta,
Grilled Poussins with Lemon Herb Butter,
Grilled Leg of Lamb with Hot Red Pepper Relish,
Chorizo and Potato Egg Custard with New Mexican Chile Sauce,
Fig and Walnut Tapenade with Goat Cheese,
Roasted Mediterranean Vegetables with Grapefruit Gremolata,https://www.epicurious.com/recipes/food/views/roasted-mediterranean-vegetables-with-grapefruit-gremolata-109163
A Simple Roast Turkey,
Tomatillo-Pasilla de Oaxaca Salsa,
Grilled Beef Steak Verciano,
"Mussels with Sherry, Saffron, and Paprika",
Pasta with Anchovy Butter and Broccoli Rabe,
Dried-Fruit Tart with Brandied Crème Anglaise,
Blackberry and Nectarine Cobbler with Ginger Biscuit Topping,
Roasted Spiced Sweet Potatoes,
Risotto Milanese-Style (Risotta alla Milanese),https://www.epicurious.com/recipes/food/views/risotto-milanese-style-risotta-alla-milanese-51112210
Beef Tenderloin in Herbed Salt Crust,
Beef Tenderloin with Salsa Verde,
Crispy Masa Boats with Pork Picadillo,https://www.epicurious.com/recipes/food/views/crispy-masa-boats-with-pork-picadillo-108019
Cherry-Almond Sundaes,
Fig and Apple Phyllo Tart,
Stuffed Dates,
Carrot-Orange Cake with Cream Cheese Frosting,
Tomato Egg Cups,
"Our Favorite Lasagna With Sausage, Spinach, and Three Cheeses",
Rustic Apple Tarts with Calvados Whipped Cream,
Sweet Potato Wedges with Lime Mayo,
Chocolate-Orange Pots de Crème with Candied Orange Peel,
Rosemary Garlic Potato Bread,https://www.epicurious.com/recipes/food/views/rosemary-garlic-potato-bread
Beef Pinwheels with Arugula Salad,https://www.epicurious.com/recipes/food/views/beef-pinwheels-with-arugula-salad-232303
Cucumber-Lime Paletas,
"Roast Leg of Lamb with Pomegranate, Cucumber and Mint Salsa",https://www.epicurious.com/recipes/food/views/roast-leg-of-lamb-with-pomegranate-cucumber-and-mint-salsa-14587
Grilled Pork Tenderloin with Pipian Sauce,
Hot Sauce Brown Butter,https://www.epicurious.com/recipes/food/views/hot-sauce-brown-butter
Grandma's Roasted Cornish Game Hens,
Ham with Apple Mustard Glaze,
Lemon-Pepper Salt Rub,https://www.epicurious.com/recipes/food/views/lemon-pepper-salt-rub-51104430
Chocolate-Orange Decadence,
Wine-Braised Brisket With Butternut Squash,https://www.epicurious.com/recipes/food/views/white-wine-braised-brisket-butternut-squash-gefilte-manifesto-recipe
Turkey Noodle Soup with Tomatoes,
Tortillas with Grilled Adobo Pork and Pineapple,
"Fried Fish Marinated in Garlic, Vinegar, Oregano, and Cumin",
Citrus Marinated Shrimp Cocktail,
Pesto and Cheese-Filled Chicken Breasts,
Grits Aligot,https://www.epicurious.com/recipes/food/views/grits-aligot
Grilled Mackerel with Spicy Tomato Jam,
Three-Cheese Lasagna with Italian Sausage,
Yuca Fries with Chipotle Mayonnaise,
Sea Breeze Sparklers,
Fudge Frosting,
Spinach and Omelet Roll,
Grilled Mozzarella Cheeseburgers with Dried Tomato and Arugula Pesto,
Café Brulot,
Parmesan-Stuffed Dates Wrapped in Bacon,
French Lentil Soup with Sausage,
Pumpkin Spice Mousse,
Summer Berry Mint Cream Tart,
Vegetable Ribbons with Horseradish Lemon Butter,
Sausage-Wrapped Lamb Chops with Tapanade Butter,
Spicy Shrimp with Pineapple and Bok Choy,
Braised Lentils,
Poached Chicked with Curried Yogurt Sauce,
Morrocan Tangerine and Olive Salad,https://www.epicurious.com/recipes/food/views/morrocan-tangerine-and-olive-salad-105972
"Carp Fish Cakes with Citrus ""Tartar"" Sauce",
Rosemary Popovers,
Spinach with Sour Cream and Toasted Pine Nuts,https://www.epicurious.com/recipes/food/views/spinach-with-sour-cream-and-toasted-pine-nuts-11906
Grilled Shrimp with Almonds,
Halibut in Spiced Court Bouillon,
Greek Salad with Orzo and Black-Eyed Peas,https://www.epicurious.com/recipes/food/views/greek-salad-with-orzo-and-black-eyed-peas-243207
Coupe Glacée Meringue,https://www.epicurious.com/recipes/food/views/coupe-glacee-meringue-395053
Pork Chops with Sweet Curried Onion,
Pecan Caramel Cheesecake,
"Peppered Lamb Burgers with ""Hot Tomato"" Jam",https://www.epicurious.com/recipes/food/views/peppered-lamb-burgers-with-hot-tomato-jam-355971
Grilled Skirt Steak,
Almond and Mixed-Berry Shortcakes,
Candied Walnut Charoset,
Spicy Lime and Herbed Tofu in Lettuce Cups,
"Cavatelli Pasta with Lobster, Spring Peas, and Mascarpone",https://www.epicurious.com/recipes/food/views/cavatelli-pasta-with-lobster-spring-peas-and-mascarpone-350394
Herby Barley Salad With Butter-Basted Mushrooms,https://www.epicurious.com/recipes/food/views/ba-syn-herby-barley-salad-with-butter-basted-mushrooms
Thai Shrimp and Spinach Curry,
Thousand Island Slaw with Chicken,https://www.epicurious.com/recipes/food/views/thousand-island-slaw-with-chicken-238946
Polenta Cheesecake with Pine Nut Sauce,
Raspberry Beer Float with Raspberry Granita,
Grilled Mahi-Mahi with Avocado-Melon Salsa,
Cranberry Spice Cake,
Classic Date Bars,
"Patatine e Carciofi Arrosto
                roasted Potatoes and Artichokes",
Pink Grapefruit Champagne Sorbet with Pink Grapefruit Sauce,
Pom-Ade,https://www.epicurious.com/recipes/food/views/pom-ade-241370
Mediterranean Salad with Chickpeas and Arugula,
Southwest-Style Salisbury Steaks,
Summer Peach Pie with Vanilla and Cardamom,
Seared Rib Eye Steak with Tomato-Caper Relish,https://www.epicurious.com/recipes/food/views/seared-rib-eye-steak-with-tomato-caper-relish-360233
Twice-Baked Goat Cheese Souffles with Salad,https://www.epicurious.com/recipes/food/views/twice-baked-goat-cheese-souffles-with-salad-15812
Katchkie Farm Cool Cucumber Yogurt Soup,https://www.epicurious.com/recipes/food/views/katchkie-farm-cool-cucumber-yogurt-soup-51189810
Artichokes with Lemon-Garlic Butter,
Lemon-Curd Strawberry Tart,
Butternut Squash Tart with Fried Sage,https://www.epicurious.com/recipes/food/views/butternut-squash-tart-with-fried-sage-51117300
Endive & Snap Pea Salad with Parmesan Dressing,
Hungarian Hazelnut Torte,https://www.epicurious.com/recipes/food/views/hungarian-hazelnut-torte-107166
Romaine Salad with Anchovy Dressing and Parmesan,https://www.epicurious.com/recipes/food/views/romaine-salad-with-anchovy-dressing-and-parmesan-354210
"Rice Noodles with Cilantro, Mint and Peanuts",
Warm Jasmine Rice Puddings with Passion Fruit,
"Endive, Orange, Avocado, and Bacon Salad",
Escarole and Seared Radicchio Salad with Pecan Vinaigrette,https://www.epicurious.com/recipes/food/views/escarole-and-seared-radicchio-salad-with-pecan-vinaigrette-51140600
No-Bake Chocolate Cookies,
Crabmeat Crostini with Chives and Crème Fraîche,https://www.epicurious.com/recipes/food/views/crabmeat-crostini-with-chives-and-creme-fraiche-236243
Acorn Squash Velouté with Ginger and Mustard Seeds,
Banana Pancakes with Pineapple and Crème Fraîche,https://www.epicurious.com/recipes/food/views/banana-pancakes-with-pineapple-and-creme-fraiche-51175120
Green Chile Chicken Tamales,
Chocolate Coconut Almond Sprinkles,
Blistered Green Beans With Garlic and Miso,
Scrod with Chipotle Butter and Black Beans Baked in Parchment,https://www.epicurious.com/recipes/food/views/scrod-with-chipotle-butter-and-black-beans-baked-in-parchment-10047
Cardamom and Lemon Rice Pudding,
Light Vegetable Broth,
Moroccan Chicken Brochettes,https://www.epicurious.com/recipes/food/views/moroccan-chicken-brochettes-51239640
Paloma,https://www.epicurious.com/recipes/food/views/ba-syn-paloma
Grilled Fish Tostadas with Pineapple-Jícama Salsa,https://www.epicurious.com/recipes/food/views/grilled-fish-tostadas-with-pineapple-jicama-salsa-232552
Avocado and Yogurt Dip with Jalapeño and Cilantro,
Mexicano,
Coffee S'mores Pie,
"Tomato, Cucumber, and Feta Salad",
Beet Horseradish Sauce,
Red Wine Mushroom Ragoût,
French Bread with Kalamata Olives and Thyme,https://www.epicurious.com/recipes/food/views/french-bread-with-kalamata-olives-and-thyme-104688
Moroccan Spiced Beef,
Tuna Tonnato with Eggplant Salad,
Potato Gnocchi with Chicken Livers and Pancetta,
Spanish Manhattan,
"Chicken with Orange, Spinach and Cherry Tomatoes",
"Ham, Artichoke, and Potato Gratin",
Hazelnut Crackers,
"Roasted Oysters with Pickled Radishes, Carrots and Celery Root",https://www.epicurious.com/recipes/food/views/roasted-oysters-with-pickled-radishes-carrots-and-celery-root
Alaska,
Grilled Avocado with Strawberry-Mango Salsa,
Steamed Asparagus with Shallot Vinaigrette,https://www.epicurious.com/recipes/food/views/steamed-asparagus-with-shallot-vinaigrette-51155600
Roast Pork with Apricot and Shallot Stuffing,
Pasta and White Truffle Gratin,
Gremolata Shrimp,
Egg Salad and Green Bean Sandwiches,
Grilled Charmoula Quail,
"Pasta, Sausage, and Bean Ragoût",
Pear and Almond Tart,
Artichoke and Feta Cheese Pizza,
"Spaghetti with Tuna, Tomatoes, Capers, and Basil",
Mustard-Citrus Grilled Steak,https://www.epicurious.com/recipes/food/views/mustard-citrus-grilled-steak-51112410
Chicken Bacon Roulades,
Peanut-Crusted Lamb with Hunan Sauce,https://www.epicurious.com/recipes/food/views/peanut-crusted-lamb-with-hunan-sauce-3101
Lamb Chops with Pomegranate Relish,https://www.epicurious.com/recipes/food/views/lamb-chops-with-pomegranate-relish-51205260
Chocolate Panna Cotta with Port- and Balsamic-Glazed Cherries,
"Red-Leaf Lettuce, Radish, and Pine Nut Salad",
"Patricia Wells's Cobb Salad: Iceberg, Tomato, Avocado, Bacon, and Blue Cheese",https://www.epicurious.com/recipes/food/views/patricia-wellss-cobb-salad-iceberg-tomato-avocado-bacon-and-blue-cheese-364872
Beef Tenderloin with Red-Wine and Marrow Sauce,
"San Francisco Crab ""Meatball"" Chowder",
Spiced Holiday Nuts,
Apple and Blackberry Polenta Cobbler,
Scalloped Butternut Squash,
"Pork Stew with Lettuce, Onions, Lemon and Dill",
Triple-Layer Carrot Cake with Cream Cheese Frosting,
Lemon-Ginger Electrolyte Drink,https://www.epicurious.com/recipes/food/views/lemon-ginger-electrolyte-drink
"Marinated Mushroom, Tomato, and Scallion Skewers",https://www.epicurious.com/recipes/food/views/marinated-mushroom-tomato-and-scallion-skewers-56389758
Fig and Raspberry Galette,
Spiced Walnuts,
"Gemelli with Garlic, Herbs, and Bocconcini Mozzarella",
"Strawberry, Almond, and Pea Salad",https://www.epicurious.com/recipes/food/views/strawberry-almond-and-pea-salad-51170300
Summer Vegetable Tart,
"Fried Rice with Bacon, Scallions, and Water Chestnuts",
Fresh Green Peas and Sugar Snap Peas in Sesame Dressing,
Amaretti Tiramisu,
"Marinated Mozzarella, Roasted Bell Pepper, and Olive Brochettes",
Cabbage and Celery Root Slaw with Cider-Dijon Dressing,
No-Bake Energy Bites With Ginger and Turmeric,
Steamed Black Cod with Soy-Chile Sauce,
Shrimp and Potatoes with Garlic and Saffron,
Spinach and Celery Salad with Lemon Vinaigrette,
Rack of Lamb with Port and Black Olive Sauce,
"Rice Cakes With Salted Shanghainese Greens, Bamboo Shoots, and Green Soybeans",https://www.epicurious.com/recipes/food/views/chinese-rice-cakes-with-greens-bamboo-shoots-and-soybeans
Spicy Chutney Barbecue Sauce,
No-Bake Blueberry Cheesecake with Graham Cracker Crust,
Tipsy Tea with Homemade Sweet Tea,https://www.epicurious.com/recipes/food/views/tipsy-tea-with-homemade-sweet-tea-359322
Hasselback Butternut Squash With Bay Leaves,https://www.epicurious.com/recipes/food/views/hasselback-butternut-squash-with-bay-leaves
Mustard-Rubbed Roast Turkey with Mushroom Gravy,
Fried Fish Tacos,
Shirazi Salad,https://www.epicurious.com/recipes/food/views/shirazi-salad-51169570
"Braised Chicken with Smoked Ham, Chestnuts, and Ginger",https://www.epicurious.com/recipes/food/views/braised-chicken-with-smoked-ham-chestnuts-and-ginger-350211
"Green Beans with Shallots, Hazelnuts, and Tarragon",
Springtime Sangria,
Barbecued Beef Ribs,
Salad with Herb-Dijon Dressing,
Scotch Cooler,
Date and Oatmeal Yogurt Muffins,
Blueberry Salad with Prosciutto and Melon,
Tropical Fruit Granita,
Goat Cheese Soufflé with Thyme,https://www.epicurious.com/recipes/food/views/goat-cheese-souffle-with-thyme-358281
Cooperstown,https://www.epicurious.com/recipes/food/views/cooperstown-200509
Pumpkin-Pear Crisps,
Blueberry-Buttermilk Chess Pie,
Lime and Coconut Shrimp with Red Curry Sauce,
Tomato Butter,
Boiled New Potatoes with Garlic Lemon Dressing,
Broccoli Potato Soup with Parmesan Croutons,
Pasta with Arugula and Prosciutto,
Semolina Gnocchi,
Cold Minted Pea and Buttermilk Soup,
Spiced Fava Bean Soup with Rice and Tomato,https://www.epicurious.com/recipes/food/views/spiced-fava-bean-soup-with-rice-and-tomato-51232410
Shrimp with Garlic and Toasted Bread Crumbs,
Belgian Ale-Braised Brisket,
Gramma Pandolfi's Pasta Sauce with Meatballs,https://www.epicurious.com/recipes/food/views/gramma-pandolfis-pasta-sauce-with-meatballs-56389749
Scrambled Eggs with Chive Pesto and Prosciutto,https://www.epicurious.com/recipes/food/views/scrambled-eggs-with-chive-pesto-and-prosciutto-106412
Pine Nut and Fruit Ice Cream Sundaes,https://www.epicurious.com/recipes/food/views/pine-nut-and-fruit-ice-cream-sundaes-575
"Linguine with Shrimp, Asparagus, and Basil",
Roast Fillet of Beef with Cornichon Tarragon Sauce,https://www.epicurious.com/recipes/food/views/roast-fillet-of-beef-with-cornichon-tarragon-sauce-11061
Rack of Lamb with Swiss Chard,
Mojo Sauce,
Hot Chicken Salad,
Chocolate Chunks with Cherries and Pistachios,
Chicken Tetrazzini,https://www.epicurious.com/recipes/food/views/chicken-tetrazzini-11053
Chicken (Pot) Handpies,https://www.epicurious.com/recipes/food/views/chicken-pot-handpies-51100030
Orange Duck Breasts on Braised Chicory,
Holiday Biscotti with Cranberries and Pistachios,
Roasted Spring Vegetables,https://www.epicurious.com/recipes/food/views/roasted-spring-vegetables-395451
Wilted Spinach Salad with Warm Feta Dressing,
Ice Cream Sundaes with Chocolate-Coffee Sauce,
Noreen Kinney's Irish Soda Bread,
Pork Confit,https://www.epicurious.com/recipes/food/views/pork-confit-233502
Phyllo Pizza with Smoked Mozzarella and Cherry Tomatoes,
Onion Date Relish,
Chocolate Chip Walnut Pound Cake,
Black Bean Soup with Chipotle Chiles,
Sole-Wrapped Asparagus with Tangerine Beurre Blanc,https://www.epicurious.com/recipes/food/views/sole-wrapped-asparagus-with-tangerine-beurre-blanc-231802
Strawberry-Strawberry Cheesecake,
Baked Beans with Bacon and Brown Sugar,
Fried Mussels in Ouzo Batter,https://www.epicurious.com/recipes/food/views/fried-mussels-in-ouzo-batter-355950
"Almond, Apricot, and Cream Cheese Crostata",
Muffuletta Hot Dogs,https://www.epicurious.com/recipes/food/views/muffuletta-hot-dogs-359269
Curried Kumquat Chutney,
Self-Starter,
Coriander Walnut Filling,
Eggplants Filled with Sausage Jambalaya,
Grilled Eggplant and Bell Peppers with Roasted-Garlic Oil,
"Green Salad with Orange, Fennel, and Asparagus",
Milk Braised Pork Shoulder with Semolina Gnocchi,https://www.epicurious.com/recipes/food/views/milk-braised-pork-shoulder-with-semolina-gnocchi-354860
"Grilled Flank Steak, Onion and Bell Pepper Sandwiches",
Pepperoni Spaghetti Cakes,
Chicken with Raisins and Lemon,
Mixed Green Salad with Roquefort Vinaigrette,
Autumn Pear Chip,
Eggs Benedict Salad,
Stuffed Onions with Spiced Lamb and Pomegranate,
Spinach and Sorrel Spanakopita,https://www.epicurious.com/recipes/food/views/spinach-and-sorrel-spanakopita-51240810
Wilted Red Cabbage and Bell Pepper Slaw,
"Dill-Crusted Pork Tenderloin With Farro, Pea, and Blistered Tomato Salad",
Mussels in Cream Sauce,
Roasted and Raw Carrot Salad with Avocado and Toasted Cumin Vinaigrette,https://www.epicurious.com/recipes/food/views/roasted-and-raw-carrot-salad-with-avocado-and-toasted-cumin-vinaigrette-51112700
Cabbage Soup with Apples and Thyme,
Goat Cheese-Onion Naan with Mango Salsa,https://www.epicurious.com/recipes/food/views/goat-cheese-onion-naan-with-mango-salsa-5706
Spinach with Chickpeas and Fried Eggs,
Roasted Red Pepper Butter,
White Miso Peach/Pear/Apple,https://www.epicurious.com/recipes/food/views/white-miso-peach-pear-apple-395670
Lemon and Rosemary T-Bone Steaks,
3-Ingredient Caramel-Pear Galette,https://www.epicurious.com/recipes/food/views/3-ingredient-caramel-pear-galette
"Potato Galettes with Crab, Shrimp, and Asparagus",https://www.epicurious.com/recipes/food/views/potato-galettes-with-crab-shrimp-and-asparagus-105064
Herbed Goat Cheese and Roasted-Vegetable Sandwiches,
Maple Old-Fashioned,https://www.epicurious.com/recipes/food/views/maple-old-fashioned
Russian,
Shellfish Chowder with Fresh Thyme,
Bacon-Wrapped Maple Pork Loin,https://www.epicurious.com/recipes/food/views/bacon-wrapped-maple-pork-loin-233983
Crispy Salt and Pepper Chicken with Caramelized Fennel and Shallots,https://www.epicurious.com/recipes/food/views/crispy-salt-and-pepper-chicken-with-caramelized-fennel-and-shallots-51230420
Orange-Tini,
Chinese Barbecued Spareribs,
Artichoke and Parmesan Risotto,
Turkey Cream Puff Pie,
Snapper on Angel Hair with Citrus Cream,https://www.epicurious.com/recipes/food/views/snapper-on-angel-hair-with-citrus-cream-106631
Baked Ham with Marmalade-Horseradish Glaze,
